Workbook

Sheet CP, Curs, Sem
C2: Științe Aplicate. Anul de studii: Titular: Grupa: FAF- Șeful grupei: Nume, Prenume, telefon | BC2: Rezultate atestări și sesiune | BQ2: Nota semestrială | BV2: Ev.finală (0.4) | BW2: Nota finală | CA2: Examen:
E3: Curs Preuniversitar | U3: Curs Universitar. Curs | AK3: Curs Universitar. Seminar | BC3: Atestarea Nr.1 | BF3: Atestarea Nr.2 | BI3: Sesiunea | BQ3: Componente | BU3: Media trunchiată (0.6) | BW3: în sist.național, trunchiată | BY3: Conform ECTS | CA3: Borderou | CB3: Prezenti | CC3: Admisi | CD3: Eliberati
E4: CP1.1 | F4: CP1.2 | G4: CP2.1 | H4: CP2.2 | I4: CP3.1 | J4: CP3.2 | K4: CP4 | L4: CP5 | M4: CP6.1 | N4: CP6.2 | O4: CP7 | P4: CP8 | Q4: CP9 | R4: CP10 | S4: CP11 | T4: Ore absențe CP | U4: C1F | V4: C2F | W4: C3F | X4: C4F | Y4: C5F | Z4: C6F | AA4: C7F | AB4: C8F | AC4: C10M | AD4: C9F | AE4: C11M | AF4: C12M | AG4: C13M | AH4: C14M | AI4: C15M | AJ4: Ore absențe C | AK4: S1F | AL4: S2F | AM4: S3F | AN4: S4F | AO4: S5F | AP4: S6F | AQ4: S7F | AR4: S1M | AS4: S9F | AT4: S10F | AU4: S11M | AV4: S12M | AW4: S13M | AX4: S14M | AY4: S15M | AZ4: Ore absențe S | BA4: Ore absențe total | BC4: Atest.1.1 | BD4: Atest.1.2 | BE4: Atest.1.3 | BF4: Atest.2.1 | BG4: Atest.2.2 | BH4: Atest.2.3 | BI4: Atest.I | BJ4: Atest.II | BK4: Examen | BL4: Reexam | BM4: Puncte activ. suplim | BN4: Puncte utilizate | BO4: Exam | BQ4: Ev.periodică | BS4: Evaluarea curentă | BT4: Lucrul individual | CF4: A | CG4: B | CH4: C | CI4: D | CJ4: E | CK4: FX | CL4: F | CM4: n/p | CN4: n/a
B5: Nr. | C5: Nume, Prenume | D5: e-mail | E5: 01.02 | U5: 02.03 | AK5: 09.03 | BA5: Frecventa | BC5: 21.03 | BG5: 22.05 | BO5: Prezenta | BP5: Eliberati | BQ5: nr.1 | BR5: nr.2 | CA5: =COUNTA(C6:C105) -> 1 | CB5: =CA5-COUNTIFS(B6:B105,">0",BO6:BO105,"a") -> 1 | CC5: =CA5-COUNTIF(BV6:BV105,"n/a") -> 0 | CD5: =COUNTA(BP6:BP105) -> 0 | CF5: =COUNTIF($BY$6:$BY$105,CF4) -> 0 | CG5: =COUNTIF($BY$6:$BY$105,CG4) -> 0 | CH5: =COUNTIF($BY$6:$BY$105,CH4) -> 0 | CI5: =COUNTIF($BY$6:$BY$105,CI4) -> 0 | CJ5: =COUNTIF($BY$6:$BY$105,CJ4) -> 0 | CK5: =COUNTIF($BY$6:$BY$105,CK4) -> 0 | CL5: =COUNTIF($BY$6:$BY$105,CL4) -> 0 | CM5: =COUNTIF($BV$6:$BV$105,CM4) -> 0 | CN5: =COUNTIF($BV$6:$BV$105,CN4) -> 1
B6: =IF(NOT(ISBLANK(C6)),COUNTA($C$6:C6),"") -> 1 | C6: Nume, Prenume | D6: example@mail.com | T6: =IF(NOT(ISBLANK(C6)),IF(COUNTIF(E6:S6,"a")<>0,COUNTIF(E6:S6,"a")*2,""),"") | AJ6: =IF(NOT(ISBLANK(B6)),IF(COUNTIF(U6:AI6,"a")<>0,COUNTIF(U6:AI6,"a")*2,""),"") | AZ6: =IF(NOT(ISBLANK(B6)),IF(COUNTIF(AK6:AY6,"a")<>0,COUNTIF(AK6:AY6,"a")*2,""),"") | BA6: =IF(NOT(ISBLANK(T6)),IF(SUM(T6,AJ6,AZ6)<>0,SUM(T6,AJ6,AZ6),""),"") | BC6: ='Atest. Nr.1'!K2 -> n/p | BF6: ='Atest. Nr.2'!I2 -> n/p | BI6: =IF(NOT(ISBLANK(C6)),IF(COUNT(MAX(AVERAGE(BC6:BE6),0)),MAX(BC6:BE6),"n/p"),"") -> n/p | BJ6: =IF(NOT(ISBLANK(C6)),IF(COUNT(MAX(AVERAGE(BF6:BH6),0)),MAX(BF6:BH6),"n/p"),"") -> n/p | BK6: =Examen!H2 -> n/p | BM6: =IF(NOT(ISBLANK(B6)),IF(SUM(E6:S6,U6:AI6,AK6:AY6)+SUM(MatLab!E7:R7)+SUM('Lab Fizica'!E7:R7)<>0,SUM(E6:S6,U6:AI6,AK6:AY6)+SUM(MatLab!E7:R7)+SUM('Lab Fizica'!E7:R7),""),"") | BQ6: =BI6 -> n/p | BR6: =BJ6 -> n/p | BS6: =IF(NOT(ISBLANK(C6)), IF(AND('Teste curente'!E2<>"n/p", 'Lab Fizica'!AL7<>""),ROUND(0.5*'Teste curente'!E2+0.5*'Lab Fizica'!AL7,0),"n/p"), "") -> n/p | BT6: =IF(NOT(ISBLANK(C6)), IF(AND(MatLab!AN7="Admis",'Lab Fizica'!AM7<>""),ROUND(0.5*MatLab!AM7+0.5*'Lab Fizica'!AM7,0),"n/p"), "") -> n/p | BU6: =IF(NOT(ISBLANK(C6)), IF(OR(BQ6="n/p",BR6="n/p",BS6="n/p",BT6="n/p",BQ6<5,BR6<5,BS6<5,BT6<5)," ",TRUNC(SUM(BQ6:BT6)/4,2)), "") | BV6: =IF(NOT(ISBLANK(C6)), IF(BU6=" ","n/a", IF(BP6,BP6, IF(COUNT(MAX(AVERAGE(BK6:BL6),0)),MAX(BK6:BL6),"n/p"))), "") -> n/a | BW6: =IF(NOT(ISBLANK(C6)), IF(OR(BV6="n/a",BV6="n/p")," ", IF(BV6<5,BV6,TRUNC(BU6*0.6+BV6*0.4,2))), "") | BX6: =IF(NOT(ISBLANK(C6)), IF(BW6=" "," ", IF(AND(BW6>=1,BW6<2),"(unu, "&ROUNDUP(MOD(BW6*100,100),0)&")", IF(AND(BW6>=2,BW6<3),"(doi, "&ROUNDUP(MOD(BW6*100,100),0)&")", IF(AND(BW6>=3,BW6<4),"(trei, "&ROUNDUP(MOD(BW6*100,100),0)&")", IF(AND(BW6>=4,BW6<5),"(patru, "&ROUNDUP(MOD(BW6*100,100),0)&")", IF(AND(BW6>=5,BW6<6),"(cinci, "&ROUNDUP(MOD(BW6*100,100),0)&")", IF(AND(BW6>=6,BW6<7),"(şase, "&ROUNDUP(MOD(BW6*100,100),0)&")", IF(AND(BW6>=7,BW6<8),"(şapte, "&ROUNDUP(MOD(BW6*100,100),0)&")", IF(AND(BW6>=8,BW6<9),"(opt, "&ROUNDUP(MOD(BW6*100,100),0)&")", IF(AND(BW6>=9,BW6<10),"(nouă, "&ROUNDUP(MOD(BW6*100,100),0)&")", IF(BW6=10,"(zece, 00)", ))))))))))),"") | BY6: =IF(NOT(ISBLANK(C6)), IF(BW6=" "," ", IF(AND(BW6>3,BW6<5),"FX", IF(AND(BW6>=5,BW6<=6),"E", IF(AND(BW6>6,BW6<=7),"D", IF(AND(BW6>7,BW6<=8),"C", IF(AND(BW6>8,BW6<=9),"B", IF(AND(BW6>9,BW6<=10),"A", IF(BW6=10,"(zece, 00)",)))))))), "")
B7: =IF(NOT(ISBLANK(C7)),COUNTA($C$6:C7),"") | T7: =IF(NOT(ISBLANK(C7)),IF(COUNTIF(E7:S7,"a")<>0,COUNTIF(E7:S7,"a")*2,""),"") | AJ7: =IF(NOT(ISBLANK(B7)),IF(COUNTIF(U7:AI7,"a")<>0,COUNTIF(U7:AI7,"a")*2,""),"") | AZ7: =IF(NOT(ISBLANK(B7)),IF(COUNTIF(AK7:AY7,"a")<>0,COUNTIF(AK7:AY7,"a")*2,""),"") | BA7: =IF(NOT(ISBLANK(T7)),IF(SUM(T7,AJ7,AZ7)<>0,SUM(T7,AJ7,AZ7),""),"") | BC7: ='Atest. Nr.1'!K3 | BF7: ='Atest. Nr.2'!I3 | BI7: =IF(NOT(ISBLANK(C7)),IF(COUNT(MAX(AVERAGE(BC7:BE7),0)),MAX(BC7:BE7),"n/p"),"") | BJ7: =IF(NOT(ISBLANK(C7)),IF(COUNT(MAX(AVERAGE(BF7:BH7),0)),MAX(BF7:BH7),"n/p"),"") | BK7: =Examen!H3 | BM7: =IF(NOT(ISBLANK(B7)),IF(SUM(E7:S7,U7:AI7,AK7:AY7)+SUM(MatLab!E8:R8)+SUM('Lab Fizica'!E8:R8)<>0,SUM(E7:S7,U7:AI7,AK7:AY7)+SUM(MatLab!E8:R8)+SUM('Lab Fizica'!E8:R8),""),"") | BQ7: =BI7 | BR7: =BJ7 | BS7: =IF(NOT(ISBLANK(C7)), IF(AND('Teste curente'!E3<>"n/p", 'Lab Fizica'!AL8<>""),ROUND(0.5*'Teste curente'!E3+0.5*'Lab Fizica'!AL8,0),"n/p"), "") | BT7: =IF(NOT(ISBLANK(C7)), IF(AND(MatLab!AN8="Admis",'Lab Fizica'!AM8<>""),ROUND(0.5*MatLab!AM8+0.5*'Lab Fizica'!AM8,0),"n/p"), "") | BU7: =IF(NOT(ISBLANK(C7)), IF(OR(BQ7="n/p",BR7="n/p",BS7="n/p",BT7="n/p",BQ7<5,BR7<5,BS7<5,BT7<5)," ",TRUNC(SUM(BQ7:BT7)/4,2)), "") | BV7: =IF(NOT(ISBLANK(C7)), IF(BU7=" ","n/a", IF(BP7,BP7, IF(COUNT(MAX(AVERAGE(BK7:BL7),0)),MAX(BK7:BL7),"n/p"))), "") | BW7: =IF(NOT(ISBLANK(C7)), IF(OR(BV7="n/a",BV7="n/p")," ", IF(BV7<5,BV7,TRUNC(BU7*0.6+BV7*0.4,2))), "") | BX7: =IF(NOT(ISBLANK(C7)), IF(BW7=" "," ", IF(AND(BW7>=1,BW7<2),"(unu, "&ROUNDUP(MOD(BW7*100,100),0)&")", IF(AND(BW7>=2,BW7<3),"(doi, "&ROUNDUP(MOD(BW7*100,100),0)&")", IF(AND(BW7>=3,BW7<4),"(trei, "&ROUNDUP(MOD(BW7*100,100),0)&")", IF(AND(BW7>=4,BW7<5),"(patru, "&ROUNDUP(MOD(BW7*100,100),0)&")", IF(AND(BW7>=5,BW7<6),"(cinci, "&ROUNDUP(MOD(BW7*100,100),0)&")", IF(AND(BW7>=6,BW7<7),"(şase, "&ROUNDUP(MOD(BW7*100,100),0)&")", IF(AND(BW7>=7,BW7<8),"(şapte, "&ROUNDUP(MOD(BW7*100,100),0)&")", IF(AND(BW7>=8,BW7<9),"(opt, "&ROUNDUP(MOD(BW7*100,100),0)&")", IF(AND(BW7>=9,BW7<10),"(nouă, "&ROUNDUP(MOD(BW7*100,100),0)&")", IF(BW7=10,"(zece, 00)", ))))))))))),"") | BY7: =IF(NOT(ISBLANK(C7)), IF(BW7=" "," ", IF(AND(BW7>3,BW7<5),"FX", IF(AND(BW7>=5,BW7<=6),"E", IF(AND(BW7>6,BW7<=7),"D", IF(AND(BW7>7,BW7<=8),"C", IF(AND(BW7>8,BW7<=9),"B", IF(AND(BW7>9,BW7<=10),"A", IF(BW7=10,"(zece, 00)",)))))))), "")
B8: =IF(NOT(ISBLANK(C8)),COUNTA($C$6:C8),"") | T8: =IF(NOT(ISBLANK(C8)),IF(COUNTIF(E8:S8,"a")<>0,COUNTIF(E8:S8,"a")*2,""),"") | AJ8: =IF(NOT(ISBLANK(B8)),IF(COUNTIF(U8:AI8,"a")<>0,COUNTIF(U8:AI8,"a")*2,""),"") | AZ8: =IF(NOT(ISBLANK(B8)),IF(COUNTIF(AK8:AY8,"a")<>0,COUNTIF(AK8:AY8,"a")*2,""),"") | BA8: =IF(NOT(ISBLANK(T8)),IF(SUM(T8,AJ8,AZ8)<>0,SUM(T8,AJ8,AZ8),""),"") | BC8: ='Atest. Nr.1'!K4 | BF8: ='Atest. Nr.2'!I4 | BI8: =IF(NOT(ISBLANK(C8)),IF(COUNT(MAX(AVERAGE(BC8:BE8),0)),MAX(BC8:BE8),"n/p"),"") | BJ8: =IF(NOT(ISBLANK(C8)),IF(COUNT(MAX(AVERAGE(BF8:BH8),0)),MAX(BF8:BH8),"n/p"),"") | BK8: =Examen!H4 | BM8: =IF(NOT(ISBLANK(B8)),IF(SUM(E8:S8,U8:AI8,AK8:AY8)+SUM(MatLab!E9:R9)+SUM('Lab Fizica'!E9:R9)<>0,SUM(E8:S8,U8:AI8,AK8:AY8)+SUM(MatLab!E9:R9)+SUM('Lab Fizica'!E9:R9),""),"") | BQ8: =BI8 | BR8: =BJ8 | BS8: =IF(NOT(ISBLANK(C8)), IF(AND('Teste curente'!E4<>"n/p", 'Lab Fizica'!AL9<>""),ROUND(0.5*'Teste curente'!E4+0.5*'Lab Fizica'!AL9,0),"n/p"), "") | BT8: =IF(NOT(ISBLANK(C8)), IF(AND(MatLab!AN9="Admis",'Lab Fizica'!AM9<>""),ROUND(0.5*MatLab!AM9+0.5*'Lab Fizica'!AM9,0),"n/p"), "") | BU8: =IF(NOT(ISBLANK(C8)), IF(OR(BQ8="n/p",BR8="n/p",BS8="n/p",BT8="n/p",BQ8<5,BR8<5,BS8<5,BT8<5)," ",TRUNC(SUM(BQ8:BT8)/4,2)), "") | BV8: =IF(NOT(ISBLANK(C8)), IF(BU8=" ","n/a", IF(BP8,BP8, IF(COUNT(MAX(AVERAGE(BK8:BL8),0)),MAX(BK8:BL8),"n/p"))), "") | BW8: =IF(NOT(ISBLANK(C8)), IF(OR(BV8="n/a",BV8="n/p")," ", IF(BV8<5,BV8,TRUNC(BU8*0.6+BV8*0.4,2))), "") | BX8: =IF(NOT(ISBLANK(C8)), IF(BW8=" "," ", IF(AND(BW8>=1,BW8<2),"(unu, "&ROUNDUP(MOD(BW8*100,100),0)&")", IF(AND(BW8>=2,BW8<3),"(doi, "&ROUNDUP(MOD(BW8*100,100),0)&")", IF(AND(BW8>=3,BW8<4),"(trei, "&ROUNDUP(MOD(BW8*100,100),0)&")", IF(AND(BW8>=4,BW8<5),"(patru, "&ROUNDUP(MOD(BW8*100,100),0)&")", IF(AND(BW8>=5,BW8<6),"(cinci, "&ROUNDUP(MOD(BW8*100,100),0)&")", IF(AND(BW8>=6,BW8<7),"(şase, "&ROUNDUP(MOD(BW8*100,100),0)&")", IF(AND(BW8>=7,BW8<8),"(şapte, "&ROUNDUP(MOD(BW8*100,100),0)&")", IF(AND(BW8>=8,BW8<9),"(opt, "&ROUNDUP(MOD(BW8*100,100),0)&")", IF(AND(BW8>=9,BW8<10),"(nouă, "&ROUNDUP(MOD(BW8*100,100),0)&")", IF(BW8=10,"(zece, 00)", ))))))))))),"") | BY8: =IF(NOT(ISBLANK(C8)), IF(BW8=" "," ", IF(AND(BW8>3,BW8<5),"FX", IF(AND(BW8>=5,BW8<=6),"E", IF(AND(BW8>6,BW8<=7),"D", IF(AND(BW8>7,BW8<=8),"C", IF(AND(BW8>8,BW8<=9),"B", IF(AND(BW8>9,BW8<=10),"A", IF(BW8=10,"(zece, 00)",)))))))), "")
B9: =IF(NOT(ISBLANK(C9)),COUNTA($C$6:C9),"") | T9: =IF(NOT(ISBLANK(C9)),IF(COUNTIF(E9:S9,"a")<>0,COUNTIF(E9:S9,"a")*2,""),"") | AJ9: =IF(NOT(ISBLANK(B9)),IF(COUNTIF(U9:AI9,"a")<>0,COUNTIF(U9:AI9,"a")*2,""),"") | AZ9: =IF(NOT(ISBLANK(B9)),IF(COUNTIF(AK9:AY9,"a")<>0,COUNTIF(AK9:AY9,"a")*2,""),"") | BA9: =IF(NOT(ISBLANK(T9)),IF(SUM(T9,AJ9,AZ9)<>0,SUM(T9,AJ9,AZ9),""),"") | BC9: ='Atest. Nr.1'!K5 | BF9: ='Atest. Nr.2'!I5 | BI9: =IF(NOT(ISBLANK(C9)),IF(COUNT(MAX(AVERAGE(BC9:BE9),0)),MAX(BC9:BE9),"n/p"),"") | BJ9: =IF(NOT(ISBLANK(C9)),IF(COUNT(MAX(AVERAGE(BF9:BH9),0)),MAX(BF9:BH9),"n/p"),"") | BK9: =Examen!H5 | BM9: =IF(NOT(ISBLANK(B9)),IF(SUM(E9:S9,U9:AI9,AK9:AY9)+SUM(MatLab!E10:R10)+SUM('Lab Fizica'!E10:R10)<>0,SUM(E9:S9,U9:AI9,AK9:AY9)+SUM(MatLab!E10:R10)+SUM('Lab Fizica'!E10:R10),""),"") | BQ9: =BI9 | BR9: =BJ9 | BS9: =IF(NOT(ISBLANK(C9)), IF(AND('Teste curente'!E5<>"n/p", 'Lab Fizica'!AL10<>""),ROUND(0.5*'Teste curente'!E5+0.5*'Lab Fizica'!AL10,0),"n/p"), "") | BT9: =IF(NOT(ISBLANK(C9)), IF(AND(MatLab!AN10="Admis",'Lab Fizica'!AM10<>""),ROUND(0.5*MatLab!AM10+0.5*'Lab Fizica'!AM10,0),"n/p"), "") | BU9: =IF(NOT(ISBLANK(C9)), IF(OR(BQ9="n/p",BR9="n/p",BS9="n/p",BT9="n/p",BQ9<5,BR9<5,BS9<5,BT9<5)," ",TRUNC(SUM(BQ9:BT9)/4,2)), "") | BV9: =IF(NOT(ISBLANK(C9)), IF(BU9=" ","n/a", IF(BP9,BP9, IF(COUNT(MAX(AVERAGE(BK9:BL9),0)),MAX(BK9:BL9),"n/p"))), "") | BW9: =IF(NOT(ISBLANK(C9)), IF(OR(BV9="n/a",BV9="n/p")," ", IF(BV9<5,BV9,TRUNC(BU9*0.6+BV9*0.4,2))), "") | BX9: =IF(NOT(ISBLANK(C9)), IF(BW9=" "," ", IF(AND(BW9>=1,BW9<2),"(unu, "&ROUNDUP(MOD(BW9*100,100),0)&")", IF(AND(BW9>=2,BW9<3),"(doi, "&ROUNDUP(MOD(BW9*100,100),0)&")", IF(AND(BW9>=3,BW9<4),"(trei, "&ROUNDUP(MOD(BW9*100,100),0)&")", IF(AND(BW9>=4,BW9<5),"(patru, "&ROUNDUP(MOD(BW9*100,100),0)&")", IF(AND(BW9>=5,BW9<6),"(cinci, "&ROUNDUP(MOD(BW9*100,100),0)&")", IF(AND(BW9>=6,BW9<7),"(şase, "&ROUNDUP(MOD(BW9*100,100),0)&")", IF(AND(BW9>=7,BW9<8),"(şapte, "&ROUNDUP(MOD(BW9*100,100),0)&")", IF(AND(BW9>=8,BW9<9),"(opt, "&ROUNDUP(MOD(BW9*100,100),0)&")", IF(AND(BW9>=9,BW9<10),"(nouă, "&ROUNDUP(MOD(BW9*100,100),0)&")", IF(BW9=10,"(zece, 00)", ))))))))))),"") | BY9: =IF(NOT(ISBLANK(C9)), IF(BW9=" "," ", IF(AND(BW9>3,BW9<5),"FX", IF(AND(BW9>=5,BW9<=6),"E", IF(AND(BW9>6,BW9<=7),"D", IF(AND(BW9>7,BW9<=8),"C", IF(AND(BW9>8,BW9<=9),"B", IF(AND(BW9>9,BW9<=10),"A", IF(BW9=10,"(zece, 00)",)))))))), "")
B10: =IF(NOT(ISBLANK(C10)),COUNTA($C$6:C10),"") | T10: =IF(NOT(ISBLANK(C10)),IF(COUNTIF(E10:S10,"a")<>0,COUNTIF(E10:S10,"a")*2,""),"") | AJ10: =IF(NOT(ISBLANK(B10)),IF(COUNTIF(U10:AI10,"a")<>0,COUNTIF(U10:AI10,"a")*2,""),"") | AZ10: =IF(NOT(ISBLANK(B10)),IF(COUNTIF(AK10:AY10,"a")<>0,COUNTIF(AK10:AY10,"a")*2,""),"") | BA10: =IF(NOT(ISBLANK(T10)),IF(SUM(T10,AJ10,AZ10)<>0,SUM(T10,AJ10,AZ10),""),"") | BC10: ='Atest. Nr.1'!K6 | BF10: ='Atest. Nr.2'!I6 | BI10: =IF(NOT(ISBLANK(C10)),IF(COUNT(MAX(AVERAGE(BC10:BE10),0)),MAX(BC10:BE10),"n/p"),"") | BJ10: =IF(NOT(ISBLANK(C10)),IF(COUNT(MAX(AVERAGE(BF10:BH10),0)),MAX(BF10:BH10),"n/p"),"") | BK10: =Examen!H6 | BM10: =IF(NOT(ISBLANK(B10)),IF(SUM(E10:S10,U10:AI10,AK10:AY10)+SUM(MatLab!E11:R11)+SUM('Lab Fizica'!E11:R11)<>0,SUM(E10:S10,U10:AI10,AK10:AY10)+SUM(MatLab!E11:R11)+SUM('Lab Fizica'!E11:R11),""),"") | BQ10: =BI10 | BR10: =BJ10 | BS10: =IF(NOT(ISBLANK(C10)), IF(AND('Teste curente'!E6<>"n/p", 'Lab Fizica'!AL11<>""),ROUND(0.5*'Teste curente'!E6+0.5*'Lab Fizica'!AL11,0),"n/p"), "") | BT10: =IF(NOT(ISBLANK(C10)), IF(AND(MatLab!AN11="Admis",'Lab Fizica'!AM11<>""),ROUND(0.5*MatLab!AM11+0.5*'Lab Fizica'!AM11,0),"n/p"), "") | BU10: =IF(NOT(ISBLANK(C10)), IF(OR(BQ10="n/p",BR10="n/p",BS10="n/p",BT10="n/p",BQ10<5,BR10<5,BS10<5,BT10<5)," ",TRUNC(SUM(BQ10:BT10)/4,2)), "") | BV10: =IF(NOT(ISBLANK(C10)), IF(BU10=" ","n/a", IF(BP10,BP10, IF(COUNT(MAX(AVERAGE(BK10:BL10),0)),MAX(BK10:BL10),"n/p"))), "") | BW10: =IF(NOT(ISBLANK(C10)), IF(OR(BV10="n/a",BV10="n/p")," ", IF(BV10<5,BV10,TRUNC(BU10*0.6+BV10*0.4,2))), "") | BX10: =IF(NOT(ISBLANK(C10)), IF(BW10=" "," ", IF(AND(BW10>=1,BW10<2),"(unu, "&ROUNDUP(MOD(BW10*100,100),0)&")", IF(AND(BW10>=2,BW10<3),"(doi, "&ROUNDUP(MOD(BW10*100,100),0)&")", IF(AND(BW10>=3,BW10<4),"(trei, "&ROUNDUP(MOD(BW10*100,100),0)&")", IF(AND(BW10>=4,BW10<5),"(patru, "&ROUNDUP(MOD(BW10*100,100),0)&")", IF(AND(BW10>=5,BW10<6),"(cinci, "&ROUNDUP(MOD(BW10*100,100),0)&")", IF(AND(BW10>=6,BW10<7),"(şase, "&ROUNDUP(MOD(BW10*100,100),0)&")", IF(AND(BW10>=7,BW10<8),"(şapte, "&ROUNDUP(MOD(BW10*100,100),0)&")", IF(AND(BW10>=8,BW10<9),"(opt, "&ROUNDUP(MOD(BW10*100,100),0)&")", IF(AND(BW10>=9,BW10<10),"(nouă, "&ROUNDUP(MOD(BW10*100,100),0)&")", IF(BW10=10,"(zece, 00)", ))))))))))),"") | BY10: =IF(NOT(ISBLANK(C10)), IF(BW10=" "," ", IF(AND(BW10>3,BW10<5),"FX", IF(AND(BW10>=5,BW10<=6),"E", IF(AND(BW10>6,BW10<=7),"D", IF(AND(BW10>7,BW10<=8),"C", IF(AND(BW10>8,BW10<=9),"B", IF(AND(BW10>9,BW10<=10),"A", IF(BW10=10,"(zece, 00)",)))))))), "")
B11: =IF(NOT(ISBLANK(C11)),COUNTA($C$6:C11),"") | T11: =IF(NOT(ISBLANK(C11)),IF(COUNTIF(E11:S11,"a")<>0,COUNTIF(E11:S11,"a")*2,""),"") | AJ11: =IF(NOT(ISBLANK(B11)),IF(COUNTIF(U11:AI11,"a")<>0,COUNTIF(U11:AI11,"a")*2,""),"") | AZ11: =IF(NOT(ISBLANK(B11)),IF(COUNTIF(AK11:AY11,"a")<>0,COUNTIF(AK11:AY11,"a")*2,""),"") | BA11: =IF(NOT(ISBLANK(T11)),IF(SUM(T11,AJ11,AZ11)<>0,SUM(T11,AJ11,AZ11),""),"") | BC11: ='Atest. Nr.1'!K7 | BF11: ='Atest. Nr.2'!I7 | BI11: =IF(NOT(ISBLANK(C11)),IF(COUNT(MAX(AVERAGE(BC11:BE11),0)),MAX(BC11:BE11),"n/p"),"") | BJ11: =IF(NOT(ISBLANK(C11)),IF(COUNT(MAX(AVERAGE(BF11:BH11),0)),MAX(BF11:BH11),"n/p"),"") | BK11: =Examen!H7 | BM11: =IF(NOT(ISBLANK(B11)),IF(SUM(E11:S11,U11:AI11,AK11:AY11)+SUM(MatLab!E12:R12)+SUM('Lab Fizica'!E12:R12)<>0,SUM(E11:S11,U11:AI11,AK11:AY11)+SUM(MatLab!E12:R12)+SUM('Lab Fizica'!E12:R12),""),"") | BQ11: =BI11 | BR11: =BJ11 | BS11: =IF(NOT(ISBLANK(C11)), IF(AND('Teste curente'!E7<>"n/p", 'Lab Fizica'!AL12<>""),ROUND(0.5*'Teste curente'!E7+0.5*'Lab Fizica'!AL12,0),"n/p"), "") | BT11: =IF(NOT(ISBLANK(C11)), IF(AND(MatLab!AN12="Admis",'Lab Fizica'!AM12<>""),ROUND(0.5*MatLab!AM12+0.5*'Lab Fizica'!AM12,0),"n/p"), "") | BU11: =IF(NOT(ISBLANK(C11)), IF(OR(BQ11="n/p",BR11="n/p",BS11="n/p",BT11="n/p",BQ11<5,BR11<5,BS11<5,BT11<5)," ",TRUNC(SUM(BQ11:BT11)/4,2)), "") | BV11: =IF(NOT(ISBLANK(C11)), IF(BU11=" ","n/a", IF(BP11,BP11, IF(COUNT(MAX(AVERAGE(BK11:BL11),0)),MAX(BK11:BL11),"n/p"))), "") | BW11: =IF(NOT(ISBLANK(C11)), IF(OR(BV11="n/a",BV11="n/p")," ", IF(BV11<5,BV11,TRUNC(BU11*0.6+BV11*0.4,2))), "") | BX11: =IF(NOT(ISBLANK(C11)), IF(BW11=" "," ", IF(AND(BW11>=1,BW11<2),"(unu, "&ROUNDUP(MOD(BW11*100,100),0)&")", IF(AND(BW11>=2,BW11<3),"(doi, "&ROUNDUP(MOD(BW11*100,100),0)&")", IF(AND(BW11>=3,BW11<4),"(trei, "&ROUNDUP(MOD(BW11*100,100),0)&")", IF(AND(BW11>=4,BW11<5),"(patru, "&ROUNDUP(MOD(BW11*100,100),0)&")", IF(AND(BW11>=5,BW11<6),"(cinci, "&ROUNDUP(MOD(BW11*100,100),0)&")", IF(AND(BW11>=6,BW11<7),"(şase, "&ROUNDUP(MOD(BW11*100,100),0)&")", IF(AND(BW11>=7,BW11<8),"(şapte, "&ROUNDUP(MOD(BW11*100,100),0)&")", IF(AND(BW11>=8,BW11<9),"(opt, "&ROUNDUP(MOD(BW11*100,100),0)&")", IF(AND(BW11>=9,BW11<10),"(nouă, "&ROUNDUP(MOD(BW11*100,100),0)&")", IF(BW11=10,"(zece, 00)", ))))))))))),"") | BY11: =IF(NOT(ISBLANK(C11)), IF(BW11=" "," ", IF(AND(BW11>3,BW11<5),"FX", IF(AND(BW11>=5,BW11<=6),"E", IF(AND(BW11>6,BW11<=7),"D", IF(AND(BW11>7,BW11<=8),"C", IF(AND(BW11>8,BW11<=9),"B", IF(AND(BW11>9,BW11<=10),"A", IF(BW11=10,"(zece, 00)",)))))))), "")
B12: =IF(NOT(ISBLANK(C12)),COUNTA($C$6:C12),"") | T12: =IF(NOT(ISBLANK(C12)),IF(COUNTIF(E12:S12,"a")<>0,COUNTIF(E12:S12,"a")*2,""),"") | AJ12: =IF(NOT(ISBLANK(B12)),IF(COUNTIF(U12:AI12,"a")<>0,COUNTIF(U12:AI12,"a")*2,""),"") | AZ12: =IF(NOT(ISBLANK(B12)),IF(COUNTIF(AK12:AY12,"a")<>0,COUNTIF(AK12:AY12,"a")*2,""),"") | BA12: =IF(NOT(ISBLANK(T12)),IF(SUM(T12,AJ12,AZ12)<>0,SUM(T12,AJ12,AZ12),""),"") | BC12: ='Atest. Nr.1'!K8 | BF12: ='Atest. Nr.2'!I8 | BI12: =IF(NOT(ISBLANK(C12)),IF(COUNT(MAX(AVERAGE(BC12:BE12),0)),MAX(BC12:BE12),"n/p"),"") | BJ12: =IF(NOT(ISBLANK(C12)),IF(COUNT(MAX(AVERAGE(BF12:BH12),0)),MAX(BF12:BH12),"n/p"),"") | BK12: =Examen!H8 | BM12: =IF(NOT(ISBLANK(B12)),IF(SUM(E12:S12,U12:AI12,AK12:AY12)+SUM(MatLab!E13:R13)+SUM('Lab Fizica'!E13:R13)<>0,SUM(E12:S12,U12:AI12,AK12:AY12)+SUM(MatLab!E13:R13)+SUM('Lab Fizica'!E13:R13),""),"") | BQ12: =BI12 | BR12: =BJ12 | BS12: =IF(NOT(ISBLANK(C12)), IF(AND('Teste curente'!E8<>"n/p", 'Lab Fizica'!AL13<>""),ROUND(0.5*'Teste curente'!E8+0.5*'Lab Fizica'!AL13,0),"n/p"), "") | BT12: =IF(NOT(ISBLANK(C12)), IF(AND(MatLab!AN13="Admis",'Lab Fizica'!AM13<>""),ROUND(0.5*MatLab!AM13+0.5*'Lab Fizica'!AM13,0),"n/p"), "") | BU12: =IF(NOT(ISBLANK(C12)), IF(OR(BQ12="n/p",BR12="n/p",BS12="n/p",BT12="n/p",BQ12<5,BR12<5,BS12<5,BT12<5)," ",TRUNC(SUM(BQ12:BT12)/4,2)), "") | BV12: =IF(NOT(ISBLANK(C12)), IF(BU12=" ","n/a", IF(BP12,BP12, IF(COUNT(MAX(AVERAGE(BK12:BL12),0)),MAX(BK12:BL12),"n/p"))), "") | BW12: =IF(NOT(ISBLANK(C12)), IF(OR(BV12="n/a",BV12="n/p")," ", IF(BV12<5,BV12,TRUNC(BU12*0.6+BV12*0.4,2))), "") | BX12: =IF(NOT(ISBLANK(C12)), IF(BW12=" "," ", IF(AND(BW12>=1,BW12<2),"(unu, "&ROUNDUP(MOD(BW12*100,100),0)&")", IF(AND(BW12>=2,BW12<3),"(doi, "&ROUNDUP(MOD(BW12*100,100),0)&")", IF(AND(BW12>=3,BW12<4),"(trei, "&ROUNDUP(MOD(BW12*100,100),0)&")", IF(AND(BW12>=4,BW12<5),"(patru, "&ROUNDUP(MOD(BW12*100,100),0)&")", IF(AND(BW12>=5,BW12<6),"(cinci, "&ROUNDUP(MOD(BW12*100,100),0)&")", IF(AND(BW12>=6,BW12<7),"(şase, "&ROUNDUP(MOD(BW12*100,100),0)&")", IF(AND(BW12>=7,BW12<8),"(şapte, "&ROUNDUP(MOD(BW12*100,100),0)&")", IF(AND(BW12>=8,BW12<9),"(opt, "&ROUNDUP(MOD(BW12*100,100),0)&")", IF(AND(BW12>=9,BW12<10),"(nouă, "&ROUNDUP(MOD(BW12*100,100),0)&")", IF(BW12=10,"(zece, 00)", ))))))))))),"") | BY12: =IF(NOT(ISBLANK(C12)), IF(BW12=" "," ", IF(AND(BW12>3,BW12<5),"FX", IF(AND(BW12>=5,BW12<=6),"E", IF(AND(BW12>6,BW12<=7),"D", IF(AND(BW12>7,BW12<=8),"C", IF(AND(BW12>8,BW12<=9),"B", IF(AND(BW12>9,BW12<=10),"A", IF(BW12=10,"(zece, 00)",)))))))), "")
B13: =IF(NOT(ISBLANK(C13)),COUNTA($C$6:C13),"") | T13: =IF(NOT(ISBLANK(C13)),IF(COUNTIF(E13:S13,"a")<>0,COUNTIF(E13:S13,"a")*2,""),"") | AJ13: =IF(NOT(ISBLANK(B13)),IF(COUNTIF(U13:AI13,"a")<>0,COUNTIF(U13:AI13,"a")*2,""),"") | AZ13: =IF(NOT(ISBLANK(B13)),IF(COUNTIF(AK13:AY13,"a")<>0,COUNTIF(AK13:AY13,"a")*2,""),"") | BA13: =IF(NOT(ISBLANK(T13)),IF(SUM(T13,AJ13,AZ13)<>0,SUM(T13,AJ13,AZ13),""),"") | BC13: ='Atest. Nr.1'!K9 | BF13: ='Atest. Nr.2'!I9 | BI13: =IF(NOT(ISBLANK(C13)),IF(COUNT(MAX(AVERAGE(BC13:BE13),0)),MAX(BC13:BE13),"n/p"),"") | BJ13: =IF(NOT(ISBLANK(C13)),IF(COUNT(MAX(AVERAGE(BF13:BH13),0)),MAX(BF13:BH13),"n/p"),"") | BK13: =Examen!H9 | BM13: =IF(NOT(ISBLANK(B13)),IF(SUM(E13:S13,U13:AI13,AK13:AY13)+SUM(MatLab!E14:R14)+SUM('Lab Fizica'!E14:R14)<>0,SUM(E13:S13,U13:AI13,AK13:AY13)+SUM(MatLab!E14:R14)+SUM('Lab Fizica'!E14:R14),""),"") | BQ13: =BI13 | BR13: =BJ13 | BS13: =IF(NOT(ISBLANK(C13)), IF(AND('Teste curente'!E9<>"n/p", 'Lab Fizica'!AL14<>""),ROUND(0.5*'Teste curente'!E9+0.5*'Lab Fizica'!AL14,0),"n/p"), "") | BT13: =IF(NOT(ISBLANK(C13)), IF(AND(MatLab!AN14="Admis",'Lab Fizica'!AM14<>""),ROUND(0.5*MatLab!AM14+0.5*'Lab Fizica'!AM14,0),"n/p"), "") | BU13: =IF(NOT(ISBLANK(C13)), IF(OR(BQ13="n/p",BR13="n/p",BS13="n/p",BT13="n/p",BQ13<5,BR13<5,BS13<5,BT13<5)," ",TRUNC(SUM(BQ13:BT13)/4,2)), "") | BV13: =IF(NOT(ISBLANK(C13)), IF(BU13=" ","n/a", IF(BP13,BP13, IF(COUNT(MAX(AVERAGE(BK13:BL13),0)),MAX(BK13:BL13),"n/p"))), "") | BW13: =IF(NOT(ISBLANK(C13)), IF(OR(BV13="n/a",BV13="n/p")," ", IF(BV13<5,BV13,TRUNC(BU13*0.6+BV13*0.4,2))), "") | BX13: =IF(NOT(ISBLANK(C13)), IF(BW13=" "," ", IF(AND(BW13>=1,BW13<2),"(unu, "&ROUNDUP(MOD(BW13*100,100),0)&")", IF(AND(BW13>=2,BW13<3),"(doi, "&ROUNDUP(MOD(BW13*100,100),0)&")", IF(AND(BW13>=3,BW13<4),"(trei, "&ROUNDUP(MOD(BW13*100,100),0)&")", IF(AND(BW13>=4,BW13<5),"(patru, "&ROUNDUP(MOD(BW13*100,100),0)&")", IF(AND(BW13>=5,BW13<6),"(cinci, "&ROUNDUP(MOD(BW13*100,100),0)&")", IF(AND(BW13>=6,BW13<7),"(şase, "&ROUNDUP(MOD(BW13*100,100),0)&")", IF(AND(BW13>=7,BW13<8),"(şapte, "&ROUNDUP(MOD(BW13*100,100),0)&")", IF(AND(BW13>=8,BW13<9),"(opt, "&ROUNDUP(MOD(BW13*100,100),0)&")", IF(AND(BW13>=9,BW13<10),"(nouă, "&ROUNDUP(MOD(BW13*100,100),0)&")", IF(BW13=10,"(zece, 00)", ))))))))))),"") | BY13: =IF(NOT(ISBLANK(C13)), IF(BW13=" "," ", IF(AND(BW13>3,BW13<5),"FX", IF(AND(BW13>=5,BW13<=6),"E", IF(AND(BW13>6,BW13<=7),"D", IF(AND(BW13>7,BW13<=8),"C", IF(AND(BW13>8,BW13<=9),"B", IF(AND(BW13>9,BW13<=10),"A", IF(BW13=10,"(zece, 00)",)))))))), "")
B14: =IF(NOT(ISBLANK(C14)),COUNTA($C$6:C14),"") | T14: =IF(NOT(ISBLANK(C14)),IF(COUNTIF(E14:S14,"a")<>0,COUNTIF(E14:S14,"a")*2,""),"") | AJ14: =IF(NOT(ISBLANK(B14)),IF(COUNTIF(U14:AI14,"a")<>0,COUNTIF(U14:AI14,"a")*2,""),"") | AZ14: =IF(NOT(ISBLANK(B14)),IF(COUNTIF(AK14:AY14,"a")<>0,COUNTIF(AK14:AY14,"a")*2,""),"") | BA14: =IF(NOT(ISBLANK(T14)),IF(SUM(T14,AJ14,AZ14)<>0,SUM(T14,AJ14,AZ14),""),"") | BC14: ='Atest. Nr.1'!K10 | BF14: ='Atest. Nr.2'!I10 | BI14: =IF(NOT(ISBLANK(C14)),IF(COUNT(MAX(AVERAGE(BC14:BE14),0)),MAX(BC14:BE14),"n/p"),"") | BJ14: =IF(NOT(ISBLANK(C14)),IF(COUNT(MAX(AVERAGE(BF14:BH14),0)),MAX(BF14:BH14),"n/p"),"") | BK14: =Examen!H10 | BM14: =IF(NOT(ISBLANK(B14)),IF(SUM(E14:S14,U14:AI14,AK14:AY14)+SUM(MatLab!E15:R15)+SUM('Lab Fizica'!E15:R15)<>0,SUM(E14:S14,U14:AI14,AK14:AY14)+SUM(MatLab!E15:R15)+SUM('Lab Fizica'!E15:R15),""),"") | BQ14: =BI14 | BR14: =BJ14 | BS14: =IF(NOT(ISBLANK(C14)), IF(AND('Teste curente'!E10<>"n/p", 'Lab Fizica'!AL15<>""),ROUND(0.5*'Teste curente'!E10+0.5*'Lab Fizica'!AL15,0),"n/p"), "") | BT14: =IF(NOT(ISBLANK(C14)), IF(AND(MatLab!AN15="Admis",'Lab Fizica'!AM15<>""),ROUND(0.5*MatLab!AM15+0.5*'Lab Fizica'!AM15,0),"n/p"), "") | BU14: =IF(NOT(ISBLANK(C14)), IF(OR(BQ14="n/p",BR14="n/p",BS14="n/p",BT14="n/p",BQ14<5,BR14<5,BS14<5,BT14<5)," ",TRUNC(SUM(BQ14:BT14)/4,2)), "") | BV14: =IF(NOT(ISBLANK(C14)), IF(BU14=" ","n/a", IF(BP14,BP14, IF(COUNT(MAX(AVERAGE(BK14:BL14),0)),MAX(BK14:BL14),"n/p"))), "") | BW14: =IF(NOT(ISBLANK(C14)), IF(OR(BV14="n/a",BV14="n/p")," ", IF(BV14<5,BV14,TRUNC(BU14*0.6+BV14*0.4,2))), "") | BX14: =IF(NOT(ISBLANK(C14)), IF(BW14=" "," ", IF(AND(BW14>=1,BW14<2),"(unu, "&ROUNDUP(MOD(BW14*100,100),0)&")", IF(AND(BW14>=2,BW14<3),"(doi, "&ROUNDUP(MOD(BW14*100,100),0)&")", IF(AND(BW14>=3,BW14<4),"(trei, "&ROUNDUP(MOD(BW14*100,100),0)&")", IF(AND(BW14>=4,BW14<5),"(patru, "&ROUNDUP(MOD(BW14*100,100),0)&")", IF(AND(BW14>=5,BW14<6),"(cinci, "&ROUNDUP(MOD(BW14*100,100),0)&")", IF(AND(BW14>=6,BW14<7),"(şase, "&ROUNDUP(MOD(BW14*100,100),0)&")", IF(AND(BW14>=7,BW14<8),"(şapte, "&ROUNDUP(MOD(BW14*100,100),0)&")", IF(AND(BW14>=8,BW14<9),"(opt, "&ROUNDUP(MOD(BW14*100,100),0)&")", IF(AND(BW14>=9,BW14<10),"(nouă, "&ROUNDUP(MOD(BW14*100,100),0)&")", IF(BW14=10,"(zece, 00)", ))))))))))),"") | BY14: =IF(NOT(ISBLANK(C14)), IF(BW14=" "," ", IF(AND(BW14>3,BW14<5),"FX", IF(AND(BW14>=5,BW14<=6),"E", IF(AND(BW14>6,BW14<=7),"D", IF(AND(BW14>7,BW14<=8),"C", IF(AND(BW14>8,BW14<=9),"B", IF(AND(BW14>9,BW14<=10),"A", IF(BW14=10,"(zece, 00)",)))))))), "")
B15: =IF(NOT(ISBLANK(C15)),COUNTA($C$6:C15),"") | T15: =IF(NOT(ISBLANK(C15)),IF(COUNTIF(E15:S15,"a")<>0,COUNTIF(E15:S15,"a")*2,""),"") | AJ15: =IF(NOT(ISBLANK(B15)),IF(COUNTIF(U15:AI15,"a")<>0,COUNTIF(U15:AI15,"a")*2,""),"") | AZ15: =IF(NOT(ISBLANK(B15)),IF(COUNTIF(AK15:AY15,"a")<>0,COUNTIF(AK15:AY15,"a")*2,""),"") | BA15: =IF(NOT(ISBLANK(T15)),IF(SUM(T15,AJ15,AZ15)<>0,SUM(T15,AJ15,AZ15),""),"") | BC15: ='Atest. Nr.1'!K11 | BF15: ='Atest. Nr.2'!I11 | BI15: =IF(NOT(ISBLANK(C15)),IF(COUNT(MAX(AVERAGE(BC15:BE15),0)),MAX(BC15:BE15),"n/p"),"") | BJ15: =IF(NOT(ISBLANK(C15)),IF(COUNT(MAX(AVERAGE(BF15:BH15),0)),MAX(BF15:BH15),"n/p"),"") | BK15: =Examen!H11 | BM15: =IF(NOT(ISBLANK(B15)),IF(SUM(E15:S15,U15:AI15,AK15:AY15)+SUM(MatLab!E16:R16)+SUM('Lab Fizica'!E16:R16)<>0,SUM(E15:S15,U15:AI15,AK15:AY15)+SUM(MatLab!E16:R16)+SUM('Lab Fizica'!E16:R16),""),"") | BQ15: =BI15 | BR15: =BJ15 | BS15: =IF(NOT(ISBLANK(C15)), IF(AND('Teste curente'!E11<>"n/p", 'Lab Fizica'!AL16<>""),ROUND(0.5*'Teste curente'!E11+0.5*'Lab Fizica'!AL16,0),"n/p"), "") | BT15: =IF(NOT(ISBLANK(C15)), IF(AND(MatLab!AN16="Admis",'Lab Fizica'!AM16<>""),ROUND(0.5*MatLab!AM16+0.5*'Lab Fizica'!AM16,0),"n/p"), "") | BU15: =IF(NOT(ISBLANK(C15)), IF(OR(BQ15="n/p",BR15="n/p",BS15="n/p",BT15="n/p",BQ15<5,BR15<5,BS15<5,BT15<5)," ",TRUNC(SUM(BQ15:BT15)/4,2)), "") | BV15: =IF(NOT(ISBLANK(C15)), IF(BU15=" ","n/a", IF(BP15,BP15, IF(COUNT(MAX(AVERAGE(BK15:BL15),0)),MAX(BK15:BL15),"n/p"))), "") | BW15: =IF(NOT(ISBLANK(C15)), IF(OR(BV15="n/a",BV15="n/p")," ", IF(BV15<5,BV15,TRUNC(BU15*0.6+BV15*0.4,2))), "") | BX15: =IF(NOT(ISBLANK(C15)), IF(BW15=" "," ", IF(AND(BW15>=1,BW15<2),"(unu, "&ROUNDUP(MOD(BW15*100,100),0)&")", IF(AND(BW15>=2,BW15<3),"(doi, "&ROUNDUP(MOD(BW15*100,100),0)&")", IF(AND(BW15>=3,BW15<4),"(trei, "&ROUNDUP(MOD(BW15*100,100),0)&")", IF(AND(BW15>=4,BW15<5),"(patru, "&ROUNDUP(MOD(BW15*100,100),0)&")", IF(AND(BW15>=5,BW15<6),"(cinci, "&ROUNDUP(MOD(BW15*100,100),0)&")", IF(AND(BW15>=6,BW15<7),"(şase, "&ROUNDUP(MOD(BW15*100,100),0)&")", IF(AND(BW15>=7,BW15<8),"(şapte, "&ROUNDUP(MOD(BW15*100,100),0)&")", IF(AND(BW15>=8,BW15<9),"(opt, "&ROUNDUP(MOD(BW15*100,100),0)&")", IF(AND(BW15>=9,BW15<10),"(nouă, "&ROUNDUP(MOD(BW15*100,100),0)&")", IF(BW15=10,"(zece, 00)", ))))))))))),"") | BY15: =IF(NOT(ISBLANK(C15)), IF(BW15=" "," ", IF(AND(BW15>3,BW15<5),"FX", IF(AND(BW15>=5,BW15<=6),"E", IF(AND(BW15>6,BW15<=7),"D", IF(AND(BW15>7,BW15<=8),"C", IF(AND(BW15>8,BW15<=9),"B", IF(AND(BW15>9,BW15<=10),"A", IF(BW15=10,"(zece, 00)",)))))))), "")
B16: =IF(NOT(ISBLANK(C16)),COUNTA($C$6:C16),"") | T16: =IF(NOT(ISBLANK(C16)),IF(COUNTIF(E16:S16,"a")<>0,COUNTIF(E16:S16,"a")*2,""),"") | AJ16: =IF(NOT(ISBLANK(B16)),IF(COUNTIF(U16:AI16,"a")<>0,COUNTIF(U16:AI16,"a")*2,""),"") | AZ16: =IF(NOT(ISBLANK(B16)),IF(COUNTIF(AK16:AY16,"a")<>0,COUNTIF(AK16:AY16,"a")*2,""),"") | BA16: =IF(NOT(ISBLANK(T16)),IF(SUM(T16,AJ16,AZ16)<>0,SUM(T16,AJ16,AZ16),""),"") | BC16: ='Atest. Nr.1'!K12 | BF16: ='Atest. Nr.2'!I12 | BI16: =IF(NOT(ISBLANK(C16)),IF(COUNT(MAX(AVERAGE(BC16:BE16),0)),MAX(BC16:BE16),"n/p"),"") | BJ16: =IF(NOT(ISBLANK(C16)),IF(COUNT(MAX(AVERAGE(BF16:BH16),0)),MAX(BF16:BH16),"n/p"),"") | BK16: =Examen!H12 | BM16: =IF(NOT(ISBLANK(B16)),IF(SUM(E16:S16,U16:AI16,AK16:AY16)+SUM(MatLab!E17:R17)+SUM('Lab Fizica'!E17:R17)<>0,SUM(E16:S16,U16:AI16,AK16:AY16)+SUM(MatLab!E17:R17)+SUM('Lab Fizica'!E17:R17),""),"") | BQ16: =BI16 | BR16: =BJ16 | BS16: =IF(NOT(ISBLANK(C16)), IF(AND('Teste curente'!E12<>"n/p", 'Lab Fizica'!AL17<>""),ROUND(0.5*'Teste curente'!E12+0.5*'Lab Fizica'!AL17,0),"n/p"), "") | BT16: =IF(NOT(ISBLANK(C16)), IF(AND(MatLab!AN17="Admis",'Lab Fizica'!AM17<>""),ROUND(0.5*MatLab!AM17+0.5*'Lab Fizica'!AM17,0),"n/p"), "") | BU16: =IF(NOT(ISBLANK(C16)), IF(OR(BQ16="n/p",BR16="n/p",BS16="n/p",BT16="n/p",BQ16<5,BR16<5,BS16<5,BT16<5)," ",TRUNC(SUM(BQ16:BT16)/4,2)), "") | BV16: =IF(NOT(ISBLANK(C16)), IF(BU16=" ","n/a", IF(BP16,BP16, IF(COUNT(MAX(AVERAGE(BK16:BL16),0)),MAX(BK16:BL16),"n/p"))), "") | BW16: =IF(NOT(ISBLANK(C16)), IF(OR(BV16="n/a",BV16="n/p")," ", IF(BV16<5,BV16,TRUNC(BU16*0.6+BV16*0.4,2))), "") | BX16: =IF(NOT(ISBLANK(C16)), IF(BW16=" "," ", IF(AND(BW16>=1,BW16<2),"(unu, "&ROUNDUP(MOD(BW16*100,100),0)&")", IF(AND(BW16>=2,BW16<3),"(doi, "&ROUNDUP(MOD(BW16*100,100),0)&")", IF(AND(BW16>=3,BW16<4),"(trei, "&ROUNDUP(MOD(BW16*100,100),0)&")", IF(AND(BW16>=4,BW16<5),"(patru, "&ROUNDUP(MOD(BW16*100,100),0)&")", IF(AND(BW16>=5,BW16<6),"(cinci, "&ROUNDUP(MOD(BW16*100,100),0)&")", IF(AND(BW16>=6,BW16<7),"(şase, "&ROUNDUP(MOD(BW16*100,100),0)&")", IF(AND(BW16>=7,BW16<8),"(şapte, "&ROUNDUP(MOD(BW16*100,100),0)&")", IF(AND(BW16>=8,BW16<9),"(opt, "&ROUNDUP(MOD(BW16*100,100),0)&")", IF(AND(BW16>=9,BW16<10),"(nouă, "&ROUNDUP(MOD(BW16*100,100),0)&")", IF(BW16=10,"(zece, 00)", ))))))))))),"") | BY16: =IF(NOT(ISBLANK(C16)), IF(BW16=" "," ", IF(AND(BW16>3,BW16<5),"FX", IF(AND(BW16>=5,BW16<=6),"E", IF(AND(BW16>6,BW16<=7),"D", IF(AND(BW16>7,BW16<=8),"C", IF(AND(BW16>8,BW16<=9),"B", IF(AND(BW16>9,BW16<=10),"A", IF(BW16=10,"(zece, 00)",)))))))), "")
B17: =IF(NOT(ISBLANK(C17)),COUNTA($C$6:C17),"") | T17: =IF(NOT(ISBLANK(C17)),IF(COUNTIF(E17:S17,"a")<>0,COUNTIF(E17:S17,"a")*2,""),"") | AJ17: =IF(NOT(ISBLANK(B17)),IF(COUNTIF(U17:AI17,"a")<>0,COUNTIF(U17:AI17,"a")*2,""),"") | AZ17: =IF(NOT(ISBLANK(B17)),IF(COUNTIF(AK17:AY17,"a")<>0,COUNTIF(AK17:AY17,"a")*2,""),"") | BA17: =IF(NOT(ISBLANK(T17)),IF(SUM(T17,AJ17,AZ17)<>0,SUM(T17,AJ17,AZ17),""),"") | BC17: ='Atest. Nr.1'!K13 | BF17: ='Atest. Nr.2'!I13 | BI17: =IF(NOT(ISBLANK(C17)),IF(COUNT(MAX(AVERAGE(BC17:BE17),0)),MAX(BC17:BE17),"n/p"),"") | BJ17: =IF(NOT(ISBLANK(C17)),IF(COUNT(MAX(AVERAGE(BF17:BH17),0)),MAX(BF17:BH17),"n/p"),"") | BK17: =Examen!H13 | BM17: =IF(NOT(ISBLANK(B17)),IF(SUM(E17:S17,U17:AI17,AK17:AY17)+SUM(MatLab!E18:R18)+SUM('Lab Fizica'!E18:R18)<>0,SUM(E17:S17,U17:AI17,AK17:AY17)+SUM(MatLab!E18:R18)+SUM('Lab Fizica'!E18:R18),""),"") | BQ17: =BI17 | BR17: =BJ17 | BS17: =IF(NOT(ISBLANK(C17)), IF(AND('Teste curente'!E13<>"n/p", 'Lab Fizica'!AL18<>""),ROUND(0.5*'Teste curente'!E13+0.5*'Lab Fizica'!AL18,0),"n/p"), "") | BT17: =IF(NOT(ISBLANK(C17)), IF(AND(MatLab!AN18="Admis",'Lab Fizica'!AM18<>""),ROUND(0.5*MatLab!AM18+0.5*'Lab Fizica'!AM18,0),"n/p"), "") | BU17: =IF(NOT(ISBLANK(C17)), IF(OR(BQ17="n/p",BR17="n/p",BS17="n/p",BT17="n/p",BQ17<5,BR17<5,BS17<5,BT17<5)," ",TRUNC(SUM(BQ17:BT17)/4,2)), "") | BV17: =IF(NOT(ISBLANK(C17)), IF(BU17=" ","n/a", IF(BP17,BP17, IF(COUNT(MAX(AVERAGE(BK17:BL17),0)),MAX(BK17:BL17),"n/p"))), "") | BW17: =IF(NOT(ISBLANK(C17)), IF(OR(BV17="n/a",BV17="n/p")," ", IF(BV17<5,BV17,TRUNC(BU17*0.6+BV17*0.4,2))), "") | BX17: =IF(NOT(ISBLANK(C17)), IF(BW17=" "," ", IF(AND(BW17>=1,BW17<2),"(unu, "&ROUNDUP(MOD(BW17*100,100),0)&")", IF(AND(BW17>=2,BW17<3),"(doi, "&ROUNDUP(MOD(BW17*100,100),0)&")", IF(AND(BW17>=3,BW17<4),"(trei, "&ROUNDUP(MOD(BW17*100,100),0)&")", IF(AND(BW17>=4,BW17<5),"(patru, "&ROUNDUP(MOD(BW17*100,100),0)&")", IF(AND(BW17>=5,BW17<6),"(cinci, "&ROUNDUP(MOD(BW17*100,100),0)&")", IF(AND(BW17>=6,BW17<7),"(şase, "&ROUNDUP(MOD(BW17*100,100),0)&")", IF(AND(BW17>=7,BW17<8),"(şapte, "&ROUNDUP(MOD(BW17*100,100),0)&")", IF(AND(BW17>=8,BW17<9),"(opt, "&ROUNDUP(MOD(BW17*100,100),0)&")", IF(AND(BW17>=9,BW17<10),"(nouă, "&ROUNDUP(MOD(BW17*100,100),0)&")", IF(BW17=10,"(zece, 00)", ))))))))))),"") | BY17: =IF(NOT(ISBLANK(C17)), IF(BW17=" "," ", IF(AND(BW17>3,BW17<5),"FX", IF(AND(BW17>=5,BW17<=6),"E", IF(AND(BW17>6,BW17<=7),"D", IF(AND(BW17>7,BW17<=8),"C", IF(AND(BW17>8,BW17<=9),"B", IF(AND(BW17>9,BW17<=10),"A", IF(BW17=10,"(zece, 00)",)))))))), "")
B18: =IF(NOT(ISBLANK(C18)),COUNTA($C$6:C18),"") | T18: =IF(NOT(ISBLANK(C18)),IF(COUNTIF(E18:S18,"a")<>0,COUNTIF(E18:S18,"a")*2,""),"") | AJ18: =IF(NOT(ISBLANK(B18)),IF(COUNTIF(U18:AI18,"a")<>0,COUNTIF(U18:AI18,"a")*2,""),"") | AZ18: =IF(NOT(ISBLANK(B18)),IF(COUNTIF(AK18:AY18,"a")<>0,COUNTIF(AK18:AY18,"a")*2,""),"") | BA18: =IF(NOT(ISBLANK(T18)),IF(SUM(T18,AJ18,AZ18)<>0,SUM(T18,AJ18,AZ18),""),"") | BC18: ='Atest. Nr.1'!K14 | BF18: ='Atest. Nr.2'!I14 | BI18: =IF(NOT(ISBLANK(C18)),IF(COUNT(MAX(AVERAGE(BC18:BE18),0)),MAX(BC18:BE18),"n/p"),"") | BJ18: =IF(NOT(ISBLANK(C18)),IF(COUNT(MAX(AVERAGE(BF18:BH18),0)),MAX(BF18:BH18),"n/p"),"") | BK18: =Examen!H14 | BM18: =IF(NOT(ISBLANK(B18)),IF(SUM(E18:S18,U18:AI18,AK18:AY18)+SUM(MatLab!E19:R19)+SUM('Lab Fizica'!E19:R19)<>0,SUM(E18:S18,U18:AI18,AK18:AY18)+SUM(MatLab!E19:R19)+SUM('Lab Fizica'!E19:R19),""),"") | BQ18: =BI18 | BR18: =BJ18 | BS18: =IF(NOT(ISBLANK(C18)), IF(AND('Teste curente'!E14<>"n/p", 'Lab Fizica'!AL19<>""),ROUND(0.5*'Teste curente'!E14+0.5*'Lab Fizica'!AL19,0),"n/p"), "") | BT18: =IF(NOT(ISBLANK(C18)), IF(AND(MatLab!AN19="Admis",'Lab Fizica'!AM19<>""),ROUND(0.5*MatLab!AM19+0.5*'Lab Fizica'!AM19,0),"n/p"), "") | BU18: =IF(NOT(ISBLANK(C18)), IF(OR(BQ18="n/p",BR18="n/p",BS18="n/p",BT18="n/p",BQ18<5,BR18<5,BS18<5,BT18<5)," ",TRUNC(SUM(BQ18:BT18)/4,2)), "") | BV18: =IF(NOT(ISBLANK(C18)), IF(BU18=" ","n/a", IF(BP18,BP18, IF(COUNT(MAX(AVERAGE(BK18:BL18),0)),MAX(BK18:BL18),"n/p"))), "") | BW18: =IF(NOT(ISBLANK(C18)), IF(OR(BV18="n/a",BV18="n/p")," ", IF(BV18<5,BV18,TRUNC(BU18*0.6+BV18*0.4,2))), "") | BX18: =IF(NOT(ISBLANK(C18)), IF(BW18=" "," ", IF(AND(BW18>=1,BW18<2),"(unu, "&ROUNDUP(MOD(BW18*100,100),0)&")", IF(AND(BW18>=2,BW18<3),"(doi, "&ROUNDUP(MOD(BW18*100,100),0)&")", IF(AND(BW18>=3,BW18<4),"(trei, "&ROUNDUP(MOD(BW18*100,100),0)&")", IF(AND(BW18>=4,BW18<5),"(patru, "&ROUNDUP(MOD(BW18*100,100),0)&")", IF(AND(BW18>=5,BW18<6),"(cinci, "&ROUNDUP(MOD(BW18*100,100),0)&")", IF(AND(BW18>=6,BW18<7),"(şase, "&ROUNDUP(MOD(BW18*100,100),0)&")", IF(AND(BW18>=7,BW18<8),"(şapte, "&ROUNDUP(MOD(BW18*100,100),0)&")", IF(AND(BW18>=8,BW18<9),"(opt, "&ROUNDUP(MOD(BW18*100,100),0)&")", IF(AND(BW18>=9,BW18<10),"(nouă, "&ROUNDUP(MOD(BW18*100,100),0)&")", IF(BW18=10,"(zece, 00)", ))))))))))),"") | BY18: =IF(NOT(ISBLANK(C18)), IF(BW18=" "," ", IF(AND(BW18>3,BW18<5),"FX", IF(AND(BW18>=5,BW18<=6),"E", IF(AND(BW18>6,BW18<=7),"D", IF(AND(BW18>7,BW18<=8),"C", IF(AND(BW18>8,BW18<=9),"B", IF(AND(BW18>9,BW18<=10),"A", IF(BW18=10,"(zece, 00)",)))))))), "")
... B105: =IF(NOT(ISBLANK(C105)),COUNTA($C$6:C105),"") | T105: =IF(NOT(ISBLANK(C105)),IF(COUNTIF(E105:S105,"a")<>0,COUNTIF(E105:S105,"a")*2,""),"") | AJ105: =IF(NOT(ISBLANK(B105)),IF(COUNTIF(U105:AI105,"a")<>0,COUNTIF(U105:AI105,"a")*2,""),"") | AZ105: =IF(NOT(ISBLANK(B105)),IF(COUNTIF(AK105:AY105,"a")<>0,COUNTIF(AK105:AY105,"a")*2,""),"") | BA105: =IF(NOT(ISBLANK(T105)),IF(SUM(T105,AJ105,AZ105)<>0,SUM(T105,AJ105,AZ105),""),"") | BC105: ='Atest. Nr.1'!K101 | BF105: ='Atest. Nr.2'!I101 | BI105: =IF(NOT(ISBLANK(C105)),IF(COUNT(MAX(AVERAGE(BC105:BE105),0)),MAX(BC105:BE105),"n/p"),"") | BJ105: =IF(NOT(ISBLANK(C105)),IF(COUNT(MAX(AVERAGE(BF105:BH105),0)),MAX(BF105:BH105),"n/p"),"") | BK105: =Examen!H101 | BM105: =IF(NOT(ISBLANK(B105)),IF(SUM(E105:S105,U105:AI105,AK105:AY105)+SUM(MatLab!E106:R106)+SUM('Lab Fizica'!E106:R106)<>0,SUM(E105:S105,U105:AI105,AK105:AY105)+SUM(MatLab!E106:R106)+SUM('Lab Fizica'!E106:R106),""),"") | BQ105: =BI105 | BR105: =BJ105 | BS105: =IF(NOT(ISBLANK(C105)), IF(AND('Teste curente'!E101<>"n/p", 'Lab Fizica'!AL106<>""),ROUND(0.5*'Teste curente'!E101+0.5*'Lab Fizica'!AL106,0),"n/p"), "") | BT105: =IF(NOT(ISBLANK(C105)), IF(AND(MatLab!AN106="Admis",'Lab Fizica'!AM106<>""),ROUND(0.5*MatLab!AM106+0.5*'Lab Fizica'!AM106,0),"n/p"), "") | BU105: =IF(NOT(ISBLANK(C105)), IF(OR(BQ105="n/p",BR105="n/p",BS105="n/p",BT105="n/p",BQ105<5,BR105<5,BS105<5,BT105<5)," ",TRUNC(SUM(BQ105:BT105)/4,2)), "") | BV105: =IF(NOT(ISBLANK(C105)), IF(BU105=" ","n/a", IF(BP105,BP105, IF(COUNT(MAX(AVERAGE(BK105:BL105),0)),MAX(BK105:BL105),"n/p"))), "") | BW105: =IF(NOT(ISBLANK(C105)), IF(OR(BV105="n/a",BV105="n/p")," ", IF(BV105<5,BV105,TRUNC(BU105*0.6+BV105*0.4,2))), "") | BX105: =IF(NOT(ISBLANK(C105)), IF(BW105=" "," ", IF(AND(BW105>=1,BW105<2),"(unu, "&ROUNDUP(MOD(BW105*100,100),0)&")", IF(AND(BW105>=2,BW105<3),"(doi, "&ROUNDUP(MOD(BW105*100,100),0)&")", IF(AND(BW105>=3,BW105<4),"(trei, "&ROUNDUP(MOD(BW105*100,100),0)&")", IF(AND(BW105>=4,BW105<5),"(patru, "&ROUNDUP(MOD(BW105*100,100),0)&")", IF(AND(BW105>=5,BW105<6),"(cinci, "&ROUNDUP(MOD(BW105*100,100),0)&")", IF(AND(BW105>=6,BW105<7),"(şase, "&ROUNDUP(MOD(BW105*100,100),0)&")", IF(AND(BW105>=7,BW105<8),"(şapte, "&ROUNDUP(MOD(BW105*100,100),0)&")", IF(AND(BW105>=8,BW105<9),"(opt, "&ROUNDUP(MOD(BW105*100,100),0)&")", IF(AND(BW105>=9,BW105<10),"(nouă, "&ROUNDUP(MOD(BW105*100,100),0)&")", IF(BW105=10,"(zece, 00)", ))))))))))),"") | BY105: =IF(NOT(ISBLANK(C105)), IF(BW105=" "," ", IF(AND(BW105>3,BW105<5),"FX", IF(AND(BW105>=5,BW105<=6),"E", IF(AND(BW105>6,BW105<=7),"D", IF(AND(BW105>7,BW105<=8),"C", IF(AND(BW105>8,BW105<=9),"B", IF(AND(BW105>9,BW105<=10),"A", IF(BW105=10,"(zece, 00)",)))))))), "")
AJ106: =IF(NOT(ISBLANK(B106)),IF(COUNTIF(U106:AI106,"a")<>0,COUNTIF(U106:AI106,"a"),""),"") | BM106: =IF(NOT(ISBLANK(B106)),IF(SUM(E106:S106,U106:AI106,AK106:AY106)+SUM(MatLab!E107:R107)+SUM('Lab Fizica'!E107:R107)<>0,SUM(E106:S106,U106:AI106,AK106:AY106)+SUM(MatLab!E107:R107)+SUM('Lab Fizica'!E107:R107),""),"") | BS106: =IF(NOT(ISBLANK(C106)),IF(AND('Teste curente'!E102<>"n/p", 'Lab Fizica'!AL107<>""),ROUND(0.5*'Teste curente'!E102+0.5*'Lab Fizica'!AL107,0),"n/p"),"")
BM107: =IF(NOT(ISBLANK(B107)),IF(SUM(E107:S107,U107:AI107,AK107:AY107)+SUM(MatLab!E108:R108)+SUM('Lab Fizica'!E108:R108)<>0,SUM(E107:S107,U107:AI107,AK107:AY107)+SUM(MatLab!E108:R108)+SUM('Lab Fizica'!E108:R108),""),"") | BS107: =IF(NOT(ISBLANK(C107)),IF(AND('Teste curente'!E103<>"n/p", 'Lab Fizica'!AL108<>""),ROUND(0.5*'Teste curente'!E103+0.5*'Lab Fizica'!AL108,0),"n/p"),"")
BM108: =IF(NOT(ISBLANK(B108)),IF(SUM(E108:S108,U108:AI108,AK108:AY108)+SUM(MatLab!E109:R109)+SUM('Lab Fizica'!E109:R109)<>0,SUM(E108:S108,U108:AI108,AK108:AY108)+SUM(MatLab!E109:R109)+SUM('Lab Fizica'!E109:R109),""),"")

Sheet MatLab
B2: Prezența | V2: Evaluarea activităților
C4: Nr. Subgrupe - | D4: 1 | X4: L1 | Z4: L2 | AB4: L3 | AD4: L4 | AF4: L5 | AH4: L6 | AJ4: L7 | AL4: Total
E5: L1 | G5: L2 | I5: L3 | K5: L4 | M5: L5 | O5: L6 | Q5: L7 | W5: Data susținerii-- | X5: 14.02 21.02 | Z5: 28.02 7.03 | AB5: 14.03 21.03 | AD5: 28.03 4.04 | AF5: 11.04 25.04 | AH5: 2.05 9.05 | AJ5: 16.05
B6: Nr. | C6: Nume, Prenume | D6: Varianta | E6: 31.01 | T6: Ore absentate | V6: Nr. | W6: Nume, Prenume | X6: Nota | Y6: Penalit | Z6: Nota | AA6: Penalit | AB6: Nota | AC6: Penalit | AD6: Nota | AE6: Penalit | AF6: Nota | AG6: Penalit | AH6: Nota | AI6: Penalit | AJ6: Nota | AK6: Penalit | AL6: Penalități | AM6: Nota MatLab | AN6: Examen (Admis, N/A)
B7: =IF(NOT(ISBLANK('CP, Curs, Sem'!B6)),'CP, Curs, Sem'!B6,"") -> 1 | C7: =IF(NOT(ISBLANK('CP, Curs, Sem'!C6)),'CP, Curs, Sem'!C6,"") -> Nume, Prenume | T7: =IF(C7<>"",IF(COUNTIF(E7:S7,"a")<>0,COUNTIF(E7:S7,"a")*2,""),"") | V7: =IF(NOT(ISBLANK(B7)),B7,"") -> 1 | W7: =IF(NOT(ISBLANK(C7)),C7,"") -> Nume, Prenume | AL7: =IF(NOT(ISBLANK('CP, Curs, Sem'!C6)),IF(ABS(Y7+AA7+AC7+AE7+AG7+AI7+AK7)<>0,ABS(Y7+AA7+AC7+AE7+AG7+AI7+AK7),""),"") | AM7: =IF(NOT(ISBLANK('CP, Curs, Sem'!C6)),IFERROR(SUM(X7,Z7,AB7,AD7,AF7,AH7,AJ7)/COUNT(X7,Z7,AB7,AD7,AF7,AH7,AJ7),""),"")
B8: =IF(NOT(ISBLANK('CP, Curs, Sem'!B7)),'CP, Curs, Sem'!B7,"") | C8: =IF(NOT(ISBLANK('CP, Curs, Sem'!C7)),'CP, Curs, Sem'!C7,"") | T8: =IF(C8<>"",IF(COUNTIF(E8:S8,"a")<>0,COUNTIF(E8:S8,"a")*2,""),"") | V8: =IF(NOT(ISBLANK(B8)),B8,"") | W8: =IF(NOT(ISBLANK(C8)),C8,"") | AL8: =IF(NOT(ISBLANK('CP, Curs, Sem'!C7)),IF(ABS(Y8+AA8+AC8+AE8+AG8+AI8+AK8)<>0,ABS(Y8+AA8+AC8+AE8+AG8+AI8+AK8),""),"")
B9: =IF(NOT(ISBLANK('CP, Curs, Sem'!B8)),'CP, Curs, Sem'!B8,"") | C9: =IF(NOT(ISBLANK('CP, Curs, Sem'!C8)),'CP, Curs, Sem'!C8,"") | T9: =IF(C9<>"",IF(COUNTIF(E9:S9,"a")<>0,COUNTIF(E9:S9,"a")*2,""),"") | V9: =IF(NOT(ISBLANK(B9)),B9,"") | W9: =IF(NOT(ISBLANK(C9)),C9,"") | AL9: =IF(NOT(ISBLANK('CP, Curs, Sem'!C8)),IF(ABS(Y9+AA9+AC9+AE9+AG9+AI9+AK9)<>0,ABS(Y9+AA9+AC9+AE9+AG9+AI9+AK9),""),"") | AM9: =IF(NOT(ISBLANK('CP, Curs, Sem'!C8)),IFERROR(SUM(X9,Z9,AB9,AD9,AF9,AH9,AJ9)/COUNT(X9,Z9,AB9,AD9,AF9,AH9,AJ9),""),"")
B10: =IF(NOT(ISBLANK('CP, Curs, Sem'!B9)),'CP, Curs, Sem'!B9,"") | C10: =IF(NOT(ISBLANK('CP, Curs, Sem'!C9)),'CP, Curs, Sem'!C9,"") | T10: =IF(C10<>"",IF(COUNTIF(E10:S10,"a")<>0,COUNTIF(E10:S10,"a")*2,""),"") | V10: =IF(NOT(ISBLANK(B10)),B10,"") | W10: =IF(NOT(ISBLANK(C10)),C10,"") | AL10: =IF(NOT(ISBLANK('CP, Curs, Sem'!C9)),IF(ABS(Y10+AA10+AC10+AE10+AG10+AI10+AK10)<>0,ABS(Y10+AA10+AC10+AE10+AG10+AI10+AK10),""),"") | AM10: =IF(NOT(ISBLANK('CP, Curs, Sem'!C9)),IFERROR(SUM(X10,Z10,AB10,AD10,AF10,AH10,AJ10)/COUNT(X10,Z10,AB10,AD10,AF10,AH10,AJ10),""),"")
B11: =IF(NOT(ISBLANK('CP, Curs, Sem'!B10)),'CP, Curs, Sem'!B10,"") | C11: =IF(NOT(ISBLANK('CP, Curs, Sem'!C10)),'CP, Curs, Sem'!C10,"") | T11: =IF(C11<>"",IF(COUNTIF(E11:S11,"a")<>0,COUNTIF(E11:S11,"a")*2,""),"") | V11: =IF(NOT(ISBLANK(B11)),B11,"") | W11: =IF(NOT(ISBLANK(C11)),C11,"") | AL11: =IF(NOT(ISBLANK('CP, Curs, Sem'!C10)),IF(ABS(Y11+AA11+AC11+AE11+AG11+AI11+AK11)<>0,ABS(Y11+AA11+AC11+AE11+AG11+AI11+AK11),""),"") | AM11: =IF(NOT(ISBLANK('CP, Curs, Sem'!C10)),IFERROR(SUM(X11,Z11,AB11,AD11,AF11,AH11,AJ11)/COUNT(X11,Z11,AB11,AD11,AF11,AH11,AJ11),""),"")
B12: =IF(NOT(ISBLANK('CP, Curs, Sem'!B11)),'CP, Curs, Sem'!B11,"") | C12: =IF(NOT(ISBLANK('CP, Curs, Sem'!C11)),'CP, Curs, Sem'!C11,"") | T12: =IF(C12<>"",IF(COUNTIF(E12:S12,"a")<>0,COUNTIF(E12:S12,"a")*2,""),"") | V12: =IF(NOT(ISBLANK(B12)),B12,"") | W12: =IF(NOT(ISBLANK(C12)),C12,"") | AL12: =IF(NOT(ISBLANK('CP, Curs, Sem'!C11)),IF(ABS(Y12+AA12+AC12+AE12+AG12+AI12+AK12)<>0,ABS(Y12+AA12+AC12+AE12+AG12+AI12+AK12),""),"") | AM12: =IF(NOT(ISBLANK('CP, Curs, Sem'!C11)),IFERROR(SUM(X12,Z12,AB12,AD12,AF12,AH12,AJ12)/COUNT(X12,Z12,AB12,AD12,AF12,AH12,AJ12),""),"")
B13: =IF(NOT(ISBLANK('CP, Curs, Sem'!B12)),'CP, Curs, Sem'!B12,"") | C13: =IF(NOT(ISBLANK('CP, Curs, Sem'!C12)),'CP, Curs, Sem'!C12,"") | T13: =IF(C13<>"",IF(COUNTIF(E13:S13,"a")<>0,COUNTIF(E13:S13,"a")*2,""),"") | V13: =IF(NOT(ISBLANK(B13)),B13,"") | W13: =IF(NOT(ISBLANK(C13)),C13,"") | AL13: =IF(NOT(ISBLANK('CP, Curs, Sem'!C12)),IF(ABS(Y13+AA13+AC13+AE13+AG13+AI13+AK13)<>0,ABS(Y13+AA13+AC13+AE13+AG13+AI13+AK13),""),"") | AM13: =IF(NOT(ISBLANK('CP, Curs, Sem'!C12)),IFERROR(SUM(X13,Z13,AB13,AD13,AF13,AH13,AJ13)/COUNT(X13,Z13,AB13,AD13,AF13,AH13,AJ13),""),"")
B14: =IF(NOT(ISBLANK('CP, Curs, Sem'!B13)),'CP, Curs, Sem'!B13,"") | C14: =IF(NOT(ISBLANK('CP, Curs, Sem'!C13)),'CP, Curs, Sem'!C13,"") | T14: =IF(C14<>"",IF(COUNTIF(E14:S14,"a")<>0,COUNTIF(E14:S14,"a")*2,""),"") | V14: =IF(NOT(ISBLANK(B14)),B14,"") | W14: =IF(NOT(ISBLANK(C14)),C14,"") | AL14: =IF(NOT(ISBLANK('CP, Curs, Sem'!C13)),IF(ABS(Y14+AA14+AC14+AE14+AG14+AI14+AK14)<>0,ABS(Y14+AA14+AC14+AE14+AG14+AI14+AK14),""),"") | AM14: =IF(NOT(ISBLANK('CP, Curs, Sem'!C13)),IFERROR(SUM(X14,Z14,AB14,AD14,AF14,AH14,AJ14)/COUNT(X14,Z14,AB14,AD14,AF14,AH14,AJ14),""),"")
B15: =IF(NOT(ISBLANK('CP, Curs, Sem'!B14)),'CP, Curs, Sem'!B14,"") | C15: =IF(NOT(ISBLANK('CP, Curs, Sem'!C14)),'CP, Curs, Sem'!C14,"") | T15: =IF(C15<>"",IF(COUNTIF(E15:S15,"a")<>0,COUNTIF(E15:S15,"a")*2,""),"") | V15: =IF(NOT(ISBLANK(B15)),B15,"") | W15: =IF(NOT(ISBLANK(C15)),C15,"") | AL15: =IF(NOT(ISBLANK('CP, Curs, Sem'!C14)),IF(ABS(Y15+AA15+AC15+AE15+AG15+AI15+AK15)<>0,ABS(Y15+AA15+AC15+AE15+AG15+AI15+AK15),""),"") | AM15: =IF(NOT(ISBLANK('CP, Curs, Sem'!C14)),IFERROR(SUM(X15,Z15,AB15,AD15,AF15,AH15,AJ15)/COUNT(X15,Z15,AB15,AD15,AF15,AH15,AJ15),""),"")
B16: =IF(NOT(ISBLANK('CP, Curs, Sem'!B15)),'CP, Curs, Sem'!B15,"") | C16: =IF(NOT(ISBLANK('CP, Curs, Sem'!C15)),'CP, Curs, Sem'!C15,"") | T16: =IF(C16<>"",IF(COUNTIF(E16:S16,"a")<>0,COUNTIF(E16:S16,"a")*2,""),"") | V16: =IF(NOT(ISBLANK(B16)),B16,"") | W16: =IF(NOT(ISBLANK(C16)),C16,"") | AL16: =IF(NOT(ISBLANK('CP, Curs, Sem'!C15)),IF(ABS(Y16+AA16+AC16+AE16+AG16+AI16+AK16)<>0,ABS(Y16+AA16+AC16+AE16+AG16+AI16+AK16),""),"") | AM16: =IF(NOT(ISBLANK('CP, Curs, Sem'!C15)),IFERROR(SUM(X16,Z16,AB16,AD16,AF16,AH16,AJ16)/COUNT(X16,Z16,AB16,AD16,AF16,AH16,AJ16),""),"")
B17: =IF(NOT(ISBLANK('CP, Curs, Sem'!B16)),'CP, Curs, Sem'!B16,"") | C17: =IF(NOT(ISBLANK('CP, Curs, Sem'!C16)),'CP, Curs, Sem'!C16,"") | T17: =IF(C17<>"",IF(COUNTIF(E17:S17,"a")<>0,COUNTIF(E17:S17,"a")*2,""),"") | V17: =IF(NOT(ISBLANK(B17)),B17,"") | W17: =IF(NOT(ISBLANK(C17)),C17,"") | AL17: =IF(NOT(ISBLANK('CP, Curs, Sem'!C16)),IF(ABS(Y17+AA17+AC17+AE17+AG17+AI17+AK17)<>0,ABS(Y17+AA17+AC17+AE17+AG17+AI17+AK17),""),"") | AM17: =IF(NOT(ISBLANK('CP, Curs, Sem'!C16)),IFERROR(SUM(X17,Z17,AB17,AD17,AF17,AH17,AJ17)/COUNT(X17,Z17,AB17,AD17,AF17,AH17,AJ17),""),"")
B18: =IF(NOT(ISBLANK('CP, Curs, Sem'!B17)),'CP, Curs, Sem'!B17,"") | C18: =IF(NOT(ISBLANK('CP, Curs, Sem'!C17)),'CP, Curs, Sem'!C17,"") | T18: =IF(C18<>"",IF(COUNTIF(E18:S18,"a")<>0,COUNTIF(E18:S18,"a")*2,""),"") | V18: =IF(NOT(ISBLANK(B18)),B18,"") | W18: =IF(NOT(ISBLANK(C18)),C18,"") | AL18: =IF(NOT(ISBLANK('CP, Curs, Sem'!C17)),IF(ABS(Y18+AA18+AC18+AE18+AG18+AI18+AK18)<>0,ABS(Y18+AA18+AC18+AE18+AG18+AI18+AK18),""),"") | AM18: =IF(NOT(ISBLANK('CP, Curs, Sem'!C17)),IFERROR(SUM(X18,Z18,AB18,AD18,AF18,AH18,AJ18)/COUNT(X18,Z18,AB18,AD18,AF18,AH18,AJ18),""),"")
B19: =IF(NOT(ISBLANK('CP, Curs, Sem'!B18)),'CP, Curs, Sem'!B18,"") | C19: =IF(NOT(ISBLANK('CP, Curs, Sem'!C18)),'CP, Curs, Sem'!C18,"") | T19: =IF(C19<>"",IF(COUNTIF(E19:S19,"a")<>0,COUNTIF(E19:S19,"a")*2,""),"") | V19: =IF(NOT(ISBLANK(B19)),B19,"") | W19: =IF(NOT(ISBLANK(C19)),C19,"") | AL19: =IF(NOT(ISBLANK('CP, Curs, Sem'!C18)),IF(ABS(Y19+AA19+AC19+AE19+AG19+AI19+AK19)<>0,ABS(Y19+AA19+AC19+AE19+AG19+AI19+AK19),""),"") | AM19: =IF(NOT(ISBLANK('CP, Curs, Sem'!C18)),IFERROR(SUM(X19,Z19,AB19,AD19,AF19,AH19,AJ19)/COUNT(X19,Z19,AB19,AD19,AF19,AH19,AJ19),""),"")
B20: =IF(NOT(ISBLANK('CP, Curs, Sem'!B19)),'CP, Curs, Sem'!B19,"") | C20: =IF(NOT(ISBLANK('CP, Curs, Sem'!C19)),'CP, Curs, Sem'!C19,"") | T20: =IF(C20<>"",IF(COUNTIF(E20:S20,"a")<>0,COUNTIF(E20:S20,"a")*2,""),"") | V20: =IF(NOT(ISBLANK(B20)),B20,"") | W20: =IF(NOT(ISBLANK(C20)),C20,"") | AL20: =IF(NOT(ISBLANK('CP, Curs, Sem'!C19)),IF(ABS(Y20+AA20+AC20+AE20+AG20+AI20+AK20)<>0,ABS(Y20+AA20+AC20+AE20+AG20+AI20+AK20),""),"") | AM20: =IF(NOT(ISBLANK('CP, Curs, Sem'!C19)),IFERROR(SUM(X20,Z20,AB20,AD20,AF20,AH20,AJ20)/COUNT(X20,Z20,AB20,AD20,AF20,AH20,AJ20),""),"")
... B106: =IF(NOT(ISBLANK('CP, Curs, Sem'!B105)),'CP, Curs, Sem'!B105,"") | C106: =IF(NOT(ISBLANK('CP, Curs, Sem'!C105)),'CP, Curs, Sem'!C105,"") | T106: =IF(C106<>"",IF(COUNTIF(E106:S106,"a")<>0,COUNTIF(E106:S106,"a")*2,""),"") | V106: =IF(NOT(ISBLANK(B106)),B106,"") | W106: =IF(NOT(ISBLANK(C106)),C106,"") | AL106: =IF(NOT(ISBLANK('CP, Curs, Sem'!C105)),IF(ABS(Y106+AA106+AC106+AE106+AG106+AI106+AK106)<>0,ABS(Y106+AA106+AC106+AE106+AG106+AI106+AK106),""),"") | AM106: =IF(NOT(ISBLANK('CP, Curs, Sem'!C105)),IFERROR(SUM(X106,Z106,AB106,AD106,AF106,AH106,AJ106)/COUNT(X106,Z106,AB106,AD106,AF106,AH106,AJ106),""),"")

Sheet Lab Fizica
B2: Prezența | V2: Evaluarea activităților
C4: Nr. Subgrupe - | D4: 2 | X4: L1 | Z4: L2 | AB4: L3 | AD4: L4 | AF4: L5 | AH4: L6 | AJ4: L7 | AL4: Total
E5: L1 | G5: L2 | I5: L3 | K5: L4 | M5: L5 | O5: L6 | Q5: L7 | W5: Data susținerii--
B6: Nr. | C6: Nume, Prenume | D6: Varianta | E6: 31.01 | T6: Ore absentate | V6: Nr. | W6: Nume, Prenume | X6: Teor | Y6: Pract | Z6: Teor | AA6: Pract | AB6: Teor | AC6: Pract | AD6: Teor | AE6: Pract | AF6: Teor | AG6: Pract | AH6: Teor | AI6: Pract | AJ6: Teor | AK6: Pract | AL6: Teor | AM6: Pract | AN6: Examen (Admis, N/A)
B7: =IF(NOT(ISBLANK('CP, Curs, Sem'!B6)),'CP, Curs, Sem'!B6,"") -> 1 | C7: =IF(NOT(ISBLANK('CP, Curs, Sem'!C6)),'CP, Curs, Sem'!C6,"") -> Nume, Prenume | T7: =IF(C7<>"",IF(COUNTIF(E7:S7,"a")<>0,COUNTIF(E7:S7,"a")*2,""),"") | V7: =IF(NOT(ISBLANK(B7)),B7,"") -> 1 | W7: =IF(NOT(ISBLANK(C7)),C7,"") -> Nume, Prenume | AL7: =IF(NOT(ISBLANK('CP, Curs, Sem'!B6)),IFERROR(SUM(X7,Z7,AB7,AD7,AF7,AH7,AJ7)/COUNT(X7,Z7,AB7,AD7,AF7,AH7,AJ7),""),"") | AM7: =IF(NOT(ISBLANK('CP, Curs, Sem'!C6)),IFERROR(SUM(Y7,AA7,AC7,AE7,AG7,AI7,AK7)/COUNT(Y7,AA7,AC7,AE7,AG7,AI7,AK7),""),"")
B8: =IF(NOT(ISBLANK('CP, Curs, Sem'!B7)),'CP, Curs, Sem'!B7,"") | C8: =IF(NOT(ISBLANK('CP, Curs, Sem'!C7)),'CP, Curs, Sem'!C7,"") | T8: =IF(C8<>"",IF(COUNTIF(E8:S8,"a")<>0,COUNTIF(E8:S8,"a")*2,""),"") | V8: =IF(NOT(ISBLANK(B8)),B8,"") | W8: =IF(NOT(ISBLANK(C8)),C8,"")
B9: =IF(NOT(ISBLANK('CP, Curs, Sem'!B8)),'CP, Curs, Sem'!B8,"") | C9: =IF(NOT(ISBLANK('CP, Curs, Sem'!C8)),'CP, Curs, Sem'!C8,"") | T9: =IF(C9<>"",IF(COUNTIF(E9:S9,"a")<>0,COUNTIF(E9:S9,"a")*2,""),"") | V9: =IF(NOT(ISBLANK(B9)),B9,"") | W9: =IF(NOT(ISBLANK(C9)),C9,"") | AL9: =IF(NOT(ISBLANK('CP, Curs, Sem'!B8)),IFERROR(SUM(X9,Z9,AB9,AD9,AF9,AH9,AJ9)/COUNT(X9,Z9,AB9,AD9,AF9,AH9,AJ9),""),"") | AM9: =IF(NOT(ISBLANK('CP, Curs, Sem'!C8)),IFERROR(SUM(Y9,AA9,AC9,AE9,AG9,AI9,AK9)/COUNT(Y9,AA9,AC9,AE9,AG9,AI9,AK9),""),"")
B10: =IF(NOT(ISBLANK('CP, Curs, Sem'!B9)),'CP, Curs, Sem'!B9,"") | C10: =IF(NOT(ISBLANK('CP, Curs, Sem'!C9)),'CP, Curs, Sem'!C9,"") | T10: =IF(C10<>"",IF(COUNTIF(E10:S10,"a")<>0,COUNTIF(E10:S10,"a")*2,""),"") | V10: =IF(NOT(ISBLANK(B10)),B10,"") | W10: =IF(NOT(ISBLANK(C10)),C10,"") | AL10: =IF(NOT(ISBLANK('CP, Curs, Sem'!B9)),IFERROR(SUM(X10,Z10,AB10,AD10,AF10,AH10,AJ10)/COUNT(X10,Z10,AB10,AD10,AF10,AH10,AJ10),""),"") | AM10: =IF(NOT(ISBLANK('CP, Curs, Sem'!C9)),IFERROR(SUM(Y10,AA10,AC10,AE10,AG10,AI10,AK10)/COUNT(Y10,AA10,AC10,AE10,AG10,AI10,AK10),""),"")
B11: =IF(NOT(ISBLANK('CP, Curs, Sem'!B10)),'CP, Curs, Sem'!B10,"") | C11: =IF(NOT(ISBLANK('CP, Curs, Sem'!C10)),'CP, Curs, Sem'!C10,"") | T11: =IF(C11<>"",IF(COUNTIF(E11:S11,"a")<>0,COUNTIF(E11:S11,"a")*2,""),"") | V11: =IF(NOT(ISBLANK(B11)),B11,"") | W11: =IF(NOT(ISBLANK(C11)),C11,"") | AL11: =IF(NOT(ISBLANK('CP, Curs, Sem'!B10)),IFERROR(SUM(X11,Z11,AB11,AD11,AF11,AH11,AJ11)/COUNT(X11,Z11,AB11,AD11,AF11,AH11,AJ11),""),"") | AM11: =IF(NOT(ISBLANK('CP, Curs, Sem'!C10)),IFERROR(SUM(Y11,AA11,AC11,AE11,AG11,AI11,AK11)/COUNT(Y11,AA11,AC11,AE11,AG11,AI11,AK11),""),"")
B12: =IF(NOT(ISBLANK('CP, Curs, Sem'!B11)),'CP, Curs, Sem'!B11,"") | C12: =IF(NOT(ISBLANK('CP, Curs, Sem'!C11)),'CP, Curs, Sem'!C11,"") | T12: =IF(C12<>"",IF(COUNTIF(E12:S12,"a")<>0,COUNTIF(E12:S12,"a")*2,""),"") | V12: =IF(NOT(ISBLANK(B12)),B12,"") | W12: =IF(NOT(ISBLANK(C12)),C12,"") | AL12: =IF(NOT(ISBLANK('CP, Curs, Sem'!B11)),IFERROR(SUM(X12,Z12,AB12,AD12,AF12,AH12,AJ12)/COUNT(X12,Z12,AB12,AD12,AF12,AH12,AJ12),""),"") | AM12: =IF(NOT(ISBLANK('CP, Curs, Sem'!C11)),IFERROR(SUM(Y12,AA12,AC12,AE12,AG12,AI12,AK12)/COUNT(Y12,AA12,AC12,AE12,AG12,AI12,AK12),""),"")
B13: =IF(NOT(ISBLANK('CP, Curs, Sem'!B12)),'CP, Curs, Sem'!B12,"") | C13: =IF(NOT(ISBLANK('CP, Curs, Sem'!C12)),'CP, Curs, Sem'!C12,"") | T13: =IF(C13<>"",IF(COUNTIF(E13:S13,"a")<>0,COUNTIF(E13:S13,"a")*2,""),"") | V13: =IF(NOT(ISBLANK(B13)),B13,"") | W13: =IF(NOT(ISBLANK(C13)),C13,"") | AL13: =IF(NOT(ISBLANK('CP, Curs, Sem'!B12)),IFERROR(SUM(X13,Z13,AB13,AD13,AF13,AH13,AJ13)/COUNT(X13,Z13,AB13,AD13,AF13,AH13,AJ13),""),"") | AM13: =IF(NOT(ISBLANK('CP, Curs, Sem'!C12)),IFERROR(SUM(Y13,AA13,AC13,AE13,AG13,AI13,AK13)/COUNT(Y13,AA13,AC13,AE13,AG13,AI13,AK13),""),"")
B14: =IF(NOT(ISBLANK('CP, Curs, Sem'!B13)),'CP, Curs, Sem'!B13,"") | C14: =IF(NOT(ISBLANK('CP, Curs, Sem'!C13)),'CP, Curs, Sem'!C13,"") | T14: =IF(C14<>"",IF(COUNTIF(E14:S14,"a")<>0,COUNTIF(E14:S14,"a")*2,""),"") | V14: =IF(NOT(ISBLANK(B14)),B14,"") | W14: =IF(NOT(ISBLANK(C14)),C14,"") | AL14: =IF(NOT(ISBLANK('CP, Curs, Sem'!B13)),IFERROR(SUM(X14,Z14,AB14,AD14,AF14,AH14,AJ14)/COUNT(X14,Z14,AB14,AD14,AF14,AH14,AJ14),""),"") | AM14: =IF(NOT(ISBLANK('CP, Curs, Sem'!C13)),IFERROR(SUM(Y14,AA14,AC14,AE14,AG14,AI14,AK14)/COUNT(Y14,AA14,AC14,AE14,AG14,AI14,AK14),""),"")
B15: =IF(NOT(ISBLANK('CP, Curs, Sem'!B14)),'CP, Curs, Sem'!B14,"") | C15: =IF(NOT(ISBLANK('CP, Curs, Sem'!C14)),'CP, Curs, Sem'!C14,"") | T15: =IF(C15<>"",IF(COUNTIF(E15:S15,"a")<>0,COUNTIF(E15:S15,"a")*2,""),"") | V15: =IF(NOT(ISBLANK(B15)),B15,"") | W15: =IF(NOT(ISBLANK(C15)),C15,"") | AL15: =IF(NOT(ISBLANK('CP, Curs, Sem'!B14)),IFERROR(SUM(X15,Z15,AB15,AD15,AF15,AH15,AJ15)/COUNT(X15,Z15,AB15,AD15,AF15,AH15,AJ15),""),"") | AM15: =IF(NOT(ISBLANK('CP, Curs, Sem'!C14)),IFERROR(SUM(Y15,AA15,AC15,AE15,AG15,AI15,AK15)/COUNT(Y15,AA15,AC15,AE15,AG15,AI15,AK15),""),"")
B16: =IF(NOT(ISBLANK('CP, Curs, Sem'!B15)),'CP, Curs, Sem'!B15,"") | C16: =IF(NOT(ISBLANK('CP, Curs, Sem'!C15)),'CP, Curs, Sem'!C15,"") | T16: =IF(C16<>"",IF(COUNTIF(E16:S16,"a")<>0,COUNTIF(E16:S16,"a")*2,""),"") | V16: =IF(NOT(ISBLANK(B16)),B16,"") | W16: =IF(NOT(ISBLANK(C16)),C16,"") | AL16: =IF(NOT(ISBLANK('CP, Curs, Sem'!B15)),IFERROR(SUM(X16,Z16,AB16,AD16,AF16,AH16,AJ16)/COUNT(X16,Z16,AB16,AD16,AF16,AH16,AJ16),""),"") | AM16: =IF(NOT(ISBLANK('CP, Curs, Sem'!C15)),IFERROR(SUM(Y16,AA16,AC16,AE16,AG16,AI16,AK16)/COUNT(Y16,AA16,AC16,AE16,AG16,AI16,AK16),""),"")
B17: =IF(NOT(ISBLANK('CP, Curs, Sem'!B16)),'CP, Curs, Sem'!B16,"") | C17: =IF(NOT(ISBLANK('CP, Curs, Sem'!C16)),'CP, Curs, Sem'!C16,"") | T17: =IF(C17<>"",IF(COUNTIF(E17:S17,"a")<>0,COUNTIF(E17:S17,"a")*2,""),"") | V17: =IF(NOT(ISBLANK(B17)),B17,"") | W17: =IF(NOT(ISBLANK(C17)),C17,"") | AL17: =IF(NOT(ISBLANK('CP, Curs, Sem'!B16)),IFERROR(SUM(X17,Z17,AB17,AD17,AF17,AH17,AJ17)/COUNT(X17,Z17,AB17,AD17,AF17,AH17,AJ17),""),"") | AM17: =IF(NOT(ISBLANK('CP, Curs, Sem'!C16)),IFERROR(SUM(Y17,AA17,AC17,AE17,AG17,AI17,AK17)/COUNT(Y17,AA17,AC17,AE17,AG17,AI17,AK17),""),"")
B18: =IF(NOT(ISBLANK('CP, Curs, Sem'!B17)),'CP, Curs, Sem'!B17,"") | C18: =IF(NOT(ISBLANK('CP, Curs, Sem'!C17)),'CP, Curs, Sem'!C17,"") | T18: =IF(C18<>"",IF(COUNTIF(E18:S18,"a")<>0,COUNTIF(E18:S18,"a")*2,""),"") | V18: =IF(NOT(ISBLANK(B18)),B18,"") | W18: =IF(NOT(ISBLANK(C18)),C18,"") | AL18: =IF(NOT(ISBLANK('CP, Curs, Sem'!B17)),IFERROR(SUM(X18,Z18,AB18,AD18,AF18,AH18,AJ18)/COUNT(X18,Z18,AB18,AD18,AF18,AH18,AJ18),""),"") | AM18: =IF(NOT(ISBLANK('CP, Curs, Sem'!C17)),IFERROR(SUM(Y18,AA18,AC18,AE18,AG18,AI18,AK18)/COUNT(Y18,AA18,AC18,AE18,AG18,AI18,AK18),""),"")
B19: =IF(NOT(ISBLANK('CP, Curs, Sem'!B18)),'CP, Curs, Sem'!B18,"") | C19: =IF(NOT(ISBLANK('CP, Curs, Sem'!C18)),'CP, Curs, Sem'!C18,"") | T19: =IF(C19<>"",IF(COUNTIF(E19:S19,"a")<>0,COUNTIF(E19:S19,"a")*2,""),"") | V19: =IF(NOT(ISBLANK(B19)),B19,"") | W19: =IF(NOT(ISBLANK(C19)),C19,"") | AL19: =IF(NOT(ISBLANK('CP, Curs, Sem'!B18)),IFERROR(SUM(X19,Z19,AB19,AD19,AF19,AH19,AJ19)/COUNT(X19,Z19,AB19,AD19,AF19,AH19,AJ19),""),"") | AM19: =IF(NOT(ISBLANK('CP, Curs, Sem'!C18)),IFERROR(SUM(Y19,AA19,AC19,AE19,AG19,AI19,AK19)/COUNT(Y19,AA19,AC19,AE19,AG19,AI19,AK19),""),"")
B20: =IF(NOT(ISBLANK('CP, Curs, Sem'!B19)),'CP, Curs, Sem'!B19,"") | C20: =IF(NOT(ISBLANK('CP, Curs, Sem'!C19)),'CP, Curs, Sem'!C19,"") | T20: =IF(C20<>"",IF(COUNTIF(E20:S20,"a")<>0,COUNTIF(E20:S20,"a")*2,""),"") | V20: =IF(NOT(ISBLANK(B20)),B20,"") | W20: =IF(NOT(ISBLANK(C20)),C20,"") | AL20: =IF(NOT(ISBLANK('CP, Curs, Sem'!B19)),IFERROR(SUM(X20,Z20,AB20,AD20,AF20,AH20,AJ20)/COUNT(X20,Z20,AB20,AD20,AF20,AH20,AJ20),""),"") | AM20: =IF(NOT(ISBLANK('CP, Curs, Sem'!C19)),IFERROR(SUM(Y20,AA20,AC20,AE20,AG20,AI20,AK20)/COUNT(Y20,AA20,AC20,AE20,AG20,AI20,AK20),""),"")
... B106: =IF(NOT(ISBLANK('CP, Curs, Sem'!B105)),'CP, Curs, Sem'!B105,"") | C106: =IF(NOT(ISBLANK('CP, Curs, Sem'!C105)),'CP, Curs, Sem'!C105,"") | T106: =IF(C106<>"",IF(COUNTIF(E106:S106,"a")<>0,COUNTIF(E106:S106,"a")*2,""),"") | V106: =IF(NOT(ISBLANK(B106)),B106,"") | W106: =IF(NOT(ISBLANK(C106)),C106,"") | AL106: =IF(NOT(ISBLANK('CP, Curs, Sem'!B105)),IFERROR(SUM(X106,Z106,AB106,AD106,AF106,AH106,AJ106)/COUNT(X106,Z106,AB106,AD106,AF106,AH106,AJ106),""),"") | AM106: =IF(NOT(ISBLANK('CP, Curs, Sem'!C105)),IFERROR(SUM(Y106,AA106,AC106,AE106,AG106,AI106,AK106)/COUNT(Y106,AA106,AC106,AE106,AG106,AI106,AK106),""),"")

Sheet Teste curente
A1: Nr. | B1: Nume, Prenume | C1: Test 1 | D1: Test 2 | E1: Nota | G1: Statistica
A2: =IF(NOT(ISBLANK('CP, Curs, Sem'!B6)),'CP, Curs, Sem'!B6,"") -> 1 | B2: =IF(NOT(ISBLANK('CP, Curs, Sem'!C6)),'CP, Curs, Sem'!C6,"") -> Nume, Prenume | E2: =IF(NOT(ISBLANK('CP, Curs, Sem'!C6)), IF(AND(NOT(ISBLANK(C2)),NOT(ISBLANK(D2)),C2>=5,D2>=5),ROUND(AVERAGE(C2:D2),0),"n/p"), "") -> n/p | G2: Nota | H2: Nr de note
A3: =IF(NOT(ISBLANK('CP, Curs, Sem'!B7)),'CP, Curs, Sem'!B7,"") | B3: =IF(NOT(ISBLANK('CP, Curs, Sem'!C7)),'CP, Curs, Sem'!C7,"") | E3: =IF(NOT(ISBLANK('CP, Curs, Sem'!C7)), IF(AND(NOT(ISBLANK(C3)),NOT(ISBLANK(D3)),C3>=5,D3>=5),ROUND(AVERAGE(C3:D3),0),"n/p"), "") | G3: 1 | H3: =COUNTIF($E$2:$E$101,G3) -> 0
A4: =IF(NOT(ISBLANK('CP, Curs, Sem'!B8)),'CP, Curs, Sem'!B8,"") | B4: =IF(NOT(ISBLANK('CP, Curs, Sem'!C8)),'CP, Curs, Sem'!C8,"") | E4: =IF(NOT(ISBLANK('CP, Curs, Sem'!C8)), IF(AND(NOT(ISBLANK(C4)),NOT(ISBLANK(D4)),C4>=5,D4>=5),ROUND(AVERAGE(C4:D4),0),"n/p"), "") | G4: 2 | H4: =COUNTIF($E$2:$E$101,G4) -> 0
A5: =IF(NOT(ISBLANK('CP, Curs, Sem'!B9)),'CP, Curs, Sem'!B9,"") | B5: =IF(NOT(ISBLANK('CP, Curs, Sem'!C9)),'CP, Curs, Sem'!C9,"") | E5: =IF(NOT(ISBLANK('CP, Curs, Sem'!C9)), IF(AND(NOT(ISBLANK(C5)),NOT(ISBLANK(D5)),C5>=5,D5>=5),ROUND(AVERAGE(C5:D5),0),"n/p"), "") | G5: 3 | H5: =COUNTIF($E$2:$E$101,G5) -> 0
A6: =IF(NOT(ISBLANK('CP, Curs, Sem'!B10)),'CP, Curs, Sem'!B10,"") | B6: =IF(NOT(ISBLANK('CP, Curs, Sem'!C10)),'CP, Curs, Sem'!C10,"") | E6: =IF(NOT(ISBLANK('CP, Curs, Sem'!C10)), IF(AND(NOT(ISBLANK(C6)),NOT(ISBLANK(D6)),C6>=5,D6>=5),ROUND(AVERAGE(C6:D6),0),"n/p"), "") | G6: 4 | H6: =COUNTIF($E$2:$E$101,G6) -> 0
A7: =IF(NOT(ISBLANK('CP, Curs, Sem'!B11)),'CP, Curs, Sem'!B11,"") | B7: =IF(NOT(ISBLANK('CP, Curs, Sem'!C11)),'CP, Curs, Sem'!C11,"") | E7: =IF(NOT(ISBLANK('CP, Curs, Sem'!C11)), IF(AND(NOT(ISBLANK(C7)),NOT(ISBLANK(D7)),C7>=5,D7>=5),ROUND(AVERAGE(C7:D7),0),"n/p"), "") | G7: 5 | H7: =COUNTIF($E$2:$E$101,G7) -> 0
A8: =IF(NOT(ISBLANK('CP, Curs, Sem'!B12)),'CP, Curs, Sem'!B12,"") | B8: =IF(NOT(ISBLANK('CP, Curs, Sem'!C12)),'CP, Curs, Sem'!C12,"") | E8: =IF(NOT(ISBLANK('CP, Curs, Sem'!C12)), IF(AND(NOT(ISBLANK(C8)),NOT(ISBLANK(D8)),C8>=5,D8>=5),ROUND(AVERAGE(C8:D8),0),"n/p"), "") | G8: 6 | H8: =COUNTIF($E$2:$E$101,G8) -> 0
A9: =IF(NOT(ISBLANK('CP, Curs, Sem'!B13)),'CP, Curs, Sem'!B13,"") | B9: =IF(NOT(ISBLANK('CP, Curs, Sem'!C13)),'CP, Curs, Sem'!C13,"") | E9: =IF(NOT(ISBLANK('CP, Curs, Sem'!C13)), IF(AND(NOT(ISBLANK(C9)),NOT(ISBLANK(D9)),C9>=5,D9>=5),ROUND(AVERAGE(C9:D9),0),"n/p"), "") | G9: 7 | H9: =COUNTIF($E$2:$E$101,G9) -> 0
A10: =IF(NOT(ISBLANK('CP, Curs, Sem'!B14)),'CP, Curs, Sem'!B14,"") | B10: =IF(NOT(ISBLANK('CP, Curs, Sem'!C14)),'CP, Curs, Sem'!C14,"") | E10: =IF(NOT(ISBLANK('CP, Curs, Sem'!C14)), IF(AND(NOT(ISBLANK(C10)),NOT(ISBLANK(D10)),C10>=5,D10>=5),ROUND(AVERAGE(C10:D10),0),"n/p"), "") | G10: 8 | H10: =COUNTIF($E$2:$E$101,G10) -> 0
A11: =IF(NOT(ISBLANK('CP, Curs, Sem'!B15)),'CP, Curs, Sem'!B15,"") | B11: =IF(NOT(ISBLANK('CP, Curs, Sem'!C15)),'CP, Curs, Sem'!C15,"") | E11: =IF(NOT(ISBLANK('CP, Curs, Sem'!C15)), IF(AND(NOT(ISBLANK(C11)),NOT(ISBLANK(D11)),C11>=5,D11>=5),ROUND(AVERAGE(C11:D11),0),"n/p"), "") | G11: 9 | H11: =COUNTIF($E$2:$E$101,G11) -> 0
A12: =IF(NOT(ISBLANK('CP, Curs, Sem'!B16)),'CP, Curs, Sem'!B16,"") | B12: =IF(NOT(ISBLANK('CP, Curs, Sem'!C16)),'CP, Curs, Sem'!C16,"") | E12: =IF(NOT(ISBLANK('CP, Curs, Sem'!C16)), IF(AND(NOT(ISBLANK(C12)),NOT(ISBLANK(D12)),C12>=5,D12>=5),ROUND(AVERAGE(C12:D12),0),"n/p"), "") | G12: 10 | H12: =COUNTIF($E$2:$E$101,G12) -> 0
A13: =IF(NOT(ISBLANK('CP, Curs, Sem'!B17)),'CP, Curs, Sem'!B17,"") | B13: =IF(NOT(ISBLANK('CP, Curs, Sem'!C17)),'CP, Curs, Sem'!C17,"") | E13: =IF(NOT(ISBLANK('CP, Curs, Sem'!C17)), IF(AND(NOT(ISBLANK(C13)),NOT(ISBLANK(D13)),C13>=5,D13>=5),ROUND(AVERAGE(C13:D13),0),"n/p"), "") | G13: n/p | H13: =COUNTIF($E$2:$E$102,G13) -> 1
A14: =IF(NOT(ISBLANK('CP, Curs, Sem'!B18)),'CP, Curs, Sem'!B18,"") | B14: =IF(NOT(ISBLANK('CP, Curs, Sem'!C18)),'CP, Curs, Sem'!C18,"") | E14: =IF(NOT(ISBLANK('CP, Curs, Sem'!C18)), IF(AND(NOT(ISBLANK(C14)),NOT(ISBLANK(D14)),C14>=5,D14>=5),ROUND(AVERAGE(C14:D14),0),"n/p"), "")
A15: =IF(NOT(ISBLANK('CP, Curs, Sem'!B19)),'CP, Curs, Sem'!B19,"") | B15: =IF(NOT(ISBLANK('CP, Curs, Sem'!C19)),'CP, Curs, Sem'!C19,"") | E15: =IF(NOT(ISBLANK('CP, Curs, Sem'!C19)), IF(AND(NOT(ISBLANK(C15)),NOT(ISBLANK(D15)),C15>=5,D15>=5),ROUND(AVERAGE(C15:D15),0),"n/p"), "")
A16: =IF(NOT(ISBLANK('CP, Curs, Sem'!B20)),'CP, Curs, Sem'!B20,"") | B16: =IF(NOT(ISBLANK('CP, Curs, Sem'!C20)),'CP, Curs, Sem'!C20,"") | E16: =IF(NOT(ISBLANK('CP, Curs, Sem'!C20)), IF(AND(NOT(ISBLANK(C16)),NOT(ISBLANK(D16)),C16>=5,D16>=5),ROUND(AVERAGE(C16:D16),0),"n/p"), "")
A17: =IF(NOT(ISBLANK('CP, Curs, Sem'!B21)),'CP, Curs, Sem'!B21,"") | B17: =IF(NOT(ISBLANK('CP, Curs, Sem'!C21)),'CP, Curs, Sem'!C21,"") | E17: =IF(NOT(ISBLANK('CP, Curs, Sem'!C21)), IF(AND(NOT(ISBLANK(C17)),NOT(ISBLANK(D17)),C17>=5,D17>=5),ROUND(AVERAGE(C17:D17),0),"n/p"), "")
A18: =IF(NOT(ISBLANK('CP, Curs, Sem'!B22)),'CP, Curs, Sem'!B22,"") | B18: =IF(NOT(ISBLANK('CP, Curs, Sem'!C22)),'CP, Curs, Sem'!C22,"") | E18: =IF(NOT(ISBLANK('CP, Curs, Sem'!C22)), IF(AND(NOT(ISBLANK(C18)),NOT(ISBLANK(D18)),C18>=5,D18>=5),ROUND(AVERAGE(C18:D18),0),"n/p"), "")
A19: =IF(NOT(ISBLANK('CP, Curs, Sem'!B23)),'CP, Curs, Sem'!B23,"") | B19: =IF(NOT(ISBLANK('CP, Curs, Sem'!C23)),'CP, Curs, Sem'!C23,"") | E19: =IF(NOT(ISBLANK('CP, Curs, Sem'!C23)), IF(AND(NOT(ISBLANK(C19)),NOT(ISBLANK(D19)),C19>=5,D19>=5),ROUND(AVERAGE(C19:D19),0),"n/p"), "")
A20: =IF(NOT(ISBLANK('CP, Curs, Sem'!B24)),'CP, Curs, Sem'!B24,"") | B20: =IF(NOT(ISBLANK('CP, Curs, Sem'!C24)),'CP, Curs, Sem'!C24,"") | E20: =IF(NOT(ISBLANK('CP, Curs, Sem'!C24)), IF(AND(NOT(ISBLANK(C20)),NOT(ISBLANK(D20)),C20>=5,D20>=5),ROUND(AVERAGE(C20:D20),0),"n/p"), "")
A21: =IF(NOT(ISBLANK('CP, Curs, Sem'!B25)),'CP, Curs, Sem'!B25,"") | B21: =IF(NOT(ISBLANK('CP, Curs, Sem'!C25)),'CP, Curs, Sem'!C25,"") | E21: =IF(NOT(ISBLANK('CP, Curs, Sem'!C25)), IF(AND(NOT(ISBLANK(C21)),NOT(ISBLANK(D21)),C21>=5,D21>=5),ROUND(AVERAGE(C21:D21),0),"n/p"), "")
A22: =IF(NOT(ISBLANK('CP, Curs, Sem'!B26)),'CP, Curs, Sem'!B26,"") | B22: =IF(NOT(ISBLANK('CP, Curs, Sem'!C26)),'CP, Curs, Sem'!C26,"") | E22: =IF(NOT(ISBLANK('CP, Curs, Sem'!C26)), IF(AND(NOT(ISBLANK(C22)),NOT(ISBLANK(D22)),C22>=5,D22>=5),ROUND(AVERAGE(C22:D22),0),"n/p"), "")
A23: =IF(NOT(ISBLANK('CP, Curs, Sem'!B27)),'CP, Curs, Sem'!B27,"") | B23: =IF(NOT(ISBLANK('CP, Curs, Sem'!C27)),'CP, Curs, Sem'!C27,"") | E23: =IF(NOT(ISBLANK('CP, Curs, Sem'!C27)), IF(AND(NOT(ISBLANK(C23)),NOT(ISBLANK(D23)),C23>=5,D23>=5),ROUND(AVERAGE(C23:D23),0),"n/p"), "")
A24: =IF(NOT(ISBLANK('CP, Curs, Sem'!B28)),'CP, Curs, Sem'!B28,"") | B24: =IF(NOT(ISBLANK('CP, Curs, Sem'!C28)),'CP, Curs, Sem'!C28,"") | E24: =IF(NOT(ISBLANK('CP, Curs, Sem'!C28)), IF(AND(NOT(ISBLANK(C24)),NOT(ISBLANK(D24)),C24>=5,D24>=5),ROUND(AVERAGE(C24:D24),0),"n/p"), "")
A25: =IF(NOT(ISBLANK('CP, Curs, Sem'!B29)),'CP, Curs, Sem'!B29,"") | B25: =IF(NOT(ISBLANK('CP, Curs, Sem'!C29)),'CP, Curs, Sem'!C29,"") | E25: =IF(NOT(ISBLANK('CP, Curs, Sem'!C29)), IF(AND(NOT(ISBLANK(C25)),NOT(ISBLANK(D25)),C25>=5,D25>=5),ROUND(AVERAGE(C25:D25),0),"n/p"), "")
... A101: =IF(NOT(ISBLANK('CP, Curs, Sem'!B105)),'CP, Curs, Sem'!B105,"") | B101: =IF(NOT(ISBLANK('CP, Curs, Sem'!C105)),'CP, Curs, Sem'!C105,"") | E101: =IF(NOT(ISBLANK('CP, Curs, Sem'!C105)), IF(AND(NOT(ISBLANK(C101)),NOT(ISBLANK(D101)),C101>=5,D101>=5),ROUND(AVERAGE(C101:D101),0),"n/p"), "")
E102: =IF(NOT(ISBLANK('CP, Curs, Sem'!C106)), IF(AND(NOT(ISBLANK(C102)),NOT(ISBLANK(D102)),C102>=5,D102>=5),ROUND(AVERAGE(C102:D102),0),"n/p"), "")
E103: =IF(NOT(ISBLANK('CP, Curs, Sem'!C107)), IF(AND(NOT(ISBLANK(C103)),NOT(ISBLANK(D103)),C103>=5,D103>=5),ROUND(AVERAGE(C103:D103),0),"n/p"), "")
E104: =IF(NOT(ISBLANK('CP, Curs, Sem'!C108)), IF(AND(NOT(ISBLANK(C104)),NOT(ISBLANK(D104)),C104>=5,D104>=5),ROUND(AVERAGE(C104:D104),0),"n/p"), "")
E105: =IF(NOT(ISBLANK('CP, Curs, Sem'!C109)), IF(AND(NOT(ISBLANK(C105)),NOT(ISBLANK(D105)),C105>=5,D105>=5),ROUND(AVERAGE(C105:D105),0),"n/p"), "")

Sheet Test initial
A1: Nr. | B1: Nume, Prenume | C1: item 1 | D1: item 2 | E1: item 3 | F1: item 4 | G1: item 5 | H1: item 6 | I1: item 7 | J1: Pctj Total | K1: Nota | L1: Baremul de evaluare | O1: Statistica
A2: =IF(NOT(ISBLANK('CP, Curs, Sem'!B6)),'CP, Curs, Sem'!B6,"") -> 1 | B2: =IF(NOT(ISBLANK('CP, Curs, Sem'!C6)),'CP, Curs, Sem'!C6,"") -> Nume, Prenume | J2: =IF(NOT(ISBLANK('CP, Curs, Sem'!C6)),ROUND(SUM(C2:I2),0),"") -> 0 | K2: =IF(NOT(ISBLANK('CP, Curs, Sem'!C6)), IF(J2=0,"n/p",IF(AND(J2>=$L$3,J2<=$M$3),$N$3, IF(AND(J2>=$L$4,J2<=$M$4),$N$4, IF(AND(J2>=$L$5,J2<=$M$5),$N$5, IF(AND(J2>=$L$6,J2<=$M$6),$N$6, IF(AND(J2>=$L$7,J2<=$M$7),$N$7, IF(AND(J2>=$L$8,J2<=$M$8),$N$8, IF(AND(J2>=$L$9,J2<=$M$9),$N$9, IF(AND(J2>=$L$10,J2<=$M$10),$N$10, IF(AND(J2>=$L$11,J2<=$M$11),$N$11, IF(AND(J2>=$L$12,J2<=$M$12),$N$12))))))))))), "") -> n/p | L2: Punctajul acumulat | N2: Nota | O2: Nota | P2: Nr de note
A3: =IF(NOT(ISBLANK('CP, Curs, Sem'!B7)),'CP, Curs, Sem'!B7,"") | B3: =IF(NOT(ISBLANK('CP, Curs, Sem'!C7)),'CP, Curs, Sem'!C7,"") | J3: =IF(NOT(ISBLANK('CP, Curs, Sem'!C7)),ROUND(SUM(C3:I3),0),"") | K3: =IF(NOT(ISBLANK('CP, Curs, Sem'!C7)), IF(J3=0,"n/p",IF(AND(J3>=$L$3,J3<=$M$3),$N$3, IF(AND(J3>=$L$4,J3<=$M$4),$N$4, IF(AND(J3>=$L$5,J3<=$M$5),$N$5, IF(AND(J3>=$L$6,J3<=$M$6),$N$6, IF(AND(J3>=$L$7,J3<=$M$7),$N$7, IF(AND(J3>=$L$8,J3<=$M$8),$N$8, IF(AND(J3>=$L$9,J3<=$M$9),$N$9, IF(AND(J3>=$L$10,J3<=$M$10),$N$10, IF(AND(J3>=$L$11,J3<=$M$11),$N$11, IF(AND(J3>=$L$12,J3<=$M$12),$N$12))))))))))), "") | L3: 0 | M3: 1 | N3: 1 | O3: 1 | P3: =COUNTIF($K$2:$K$101,O3) -> 0
A4: =IF(NOT(ISBLANK('CP, Curs, Sem'!B8)),'CP, Curs, Sem'!B8,"") | B4: =IF(NOT(ISBLANK('CP, Curs, Sem'!C8)),'CP, Curs, Sem'!C8,"") | J4: =IF(NOT(ISBLANK('CP, Curs, Sem'!C8)),ROUND(SUM(C4:I4),0),"") | K4: =IF(NOT(ISBLANK('CP, Curs, Sem'!C8)), IF(J4=0,"n/p",IF(AND(J4>=$L$3,J4<=$M$3),$N$3, IF(AND(J4>=$L$4,J4<=$M$4),$N$4, IF(AND(J4>=$L$5,J4<=$M$5),$N$5, IF(AND(J4>=$L$6,J4<=$M$6),$N$6, IF(AND(J4>=$L$7,J4<=$M$7),$N$7, IF(AND(J4>=$L$8,J4<=$M$8),$N$8, IF(AND(J4>=$L$9,J4<=$M$9),$N$9, IF(AND(J4>=$L$10,J4<=$M$10),$N$10, IF(AND(J4>=$L$11,J4<=$M$11),$N$11, IF(AND(J4>=$L$12,J4<=$M$12),$N$12))))))))))), "") | L4: 2 | M4: 4 | N4: 2 | O4: 2 | P4: =COUNTIF($K$2:$K$101,O4) -> 0
A5: =IF(NOT(ISBLANK('CP, Curs, Sem'!B9)),'CP, Curs, Sem'!B9,"") | B5: =IF(NOT(ISBLANK('CP, Curs, Sem'!C9)),'CP, Curs, Sem'!C9,"") | J5: =IF(NOT(ISBLANK('CP, Curs, Sem'!C9)),ROUND(SUM(C5:I5),0),"") | K5: =IF(NOT(ISBLANK('CP, Curs, Sem'!C9)), IF(J5=0,"n/p",IF(AND(J5>=$L$3,J5<=$M$3),$N$3, IF(AND(J5>=$L$4,J5<=$M$4),$N$4, IF(AND(J5>=$L$5,J5<=$M$5),$N$5, IF(AND(J5>=$L$6,J5<=$M$6),$N$6, IF(AND(J5>=$L$7,J5<=$M$7),$N$7, IF(AND(J5>=$L$8,J5<=$M$8),$N$8, IF(AND(J5>=$L$9,J5<=$M$9),$N$9, IF(AND(J5>=$L$10,J5<=$M$10),$N$10, IF(AND(J5>=$L$11,J5<=$M$11),$N$11, IF(AND(J5>=$L$12,J5<=$M$12),$N$12))))))))))), "") | L5: 5 | M5: 7 | N5: 3 | O5: 3 | P5: =COUNTIF($K$2:$K$101,O5) -> 0
A6: =IF(NOT(ISBLANK('CP, Curs, Sem'!B10)),'CP, Curs, Sem'!B10,"") | B6: =IF(NOT(ISBLANK('CP, Curs, Sem'!C10)),'CP, Curs, Sem'!C10,"") | J6: =IF(NOT(ISBLANK('CP, Curs, Sem'!C10)),ROUND(SUM(C6:I6),0),"") | K6: =IF(NOT(ISBLANK('CP, Curs, Sem'!C10)), IF(J6=0,"n/p",IF(AND(J6>=$L$3,J6<=$M$3),$N$3, IF(AND(J6>=$L$4,J6<=$M$4),$N$4, IF(AND(J6>=$L$5,J6<=$M$5),$N$5, IF(AND(J6>=$L$6,J6<=$M$6),$N$6, IF(AND(J6>=$L$7,J6<=$M$7),$N$7, IF(AND(J6>=$L$8,J6<=$M$8),$N$8, IF(AND(J6>=$L$9,J6<=$M$9),$N$9, IF(AND(J6>=$L$10,J6<=$M$10),$N$10, IF(AND(J6>=$L$11,J6<=$M$11),$N$11, IF(AND(J6>=$L$12,J6<=$M$12),$N$12))))))))))), "") | L6: 8 | M6: 9 | N6: 4 | O6: 4 | P6: =COUNTIF($K$2:$K$101,O6) -> 0
A7: =IF(NOT(ISBLANK('CP, Curs, Sem'!B11)),'CP, Curs, Sem'!B11,"") | B7: =IF(NOT(ISBLANK('CP, Curs, Sem'!C11)),'CP, Curs, Sem'!C11,"") | J7: =IF(NOT(ISBLANK('CP, Curs, Sem'!C11)),ROUND(SUM(C7:I7),0),"") | K7: =IF(NOT(ISBLANK('CP, Curs, Sem'!C11)), IF(J7=0,"n/p",IF(AND(J7>=$L$3,J7<=$M$3),$N$3, IF(AND(J7>=$L$4,J7<=$M$4),$N$4, IF(AND(J7>=$L$5,J7<=$M$5),$N$5, IF(AND(J7>=$L$6,J7<=$M$6),$N$6, IF(AND(J7>=$L$7,J7<=$M$7),$N$7, IF(AND(J7>=$L$8,J7<=$M$8),$N$8, IF(AND(J7>=$L$9,J7<=$M$9),$N$9, IF(AND(J7>=$L$10,J7<=$M$10),$N$10, IF(AND(J7>=$L$11,J7<=$M$11),$N$11, IF(AND(J7>=$L$12,J7<=$M$12),$N$12))))))))))), "") | L7: 10 | M7: 13 | N7: 5 | O7: 5 | P7: =COUNTIF($K$2:$K$101,O7) -> 0
A8: =IF(NOT(ISBLANK('CP, Curs, Sem'!B12)),'CP, Curs, Sem'!B12,"") | B8: =IF(NOT(ISBLANK('CP, Curs, Sem'!C12)),'CP, Curs, Sem'!C12,"") | J8: =IF(NOT(ISBLANK('CP, Curs, Sem'!C12)),ROUND(SUM(C8:I8),0),"") | K8: =IF(NOT(ISBLANK('CP, Curs, Sem'!C12)), IF(J8=0,"n/p",IF(AND(J8>=$L$3,J8<=$M$3),$N$3, IF(AND(J8>=$L$4,J8<=$M$4),$N$4, IF(AND(J8>=$L$5,J8<=$M$5),$N$5, IF(AND(J8>=$L$6,J8<=$M$6),$N$6, IF(AND(J8>=$L$7,J8<=$M$7),$N$7, IF(AND(J8>=$L$8,J8<=$M$8),$N$8, IF(AND(J8>=$L$9,J8<=$M$9),$N$9, IF(AND(J8>=$L$10,J8<=$M$10),$N$10, IF(AND(J8>=$L$11,J8<=$M$11),$N$11, IF(AND(J8>=$L$12,J8<=$M$12),$N$12))))))))))), "") | L8: 14 | M8: 17 | N8: 6 | O8: 6 | P8: =COUNTIF($K$2:$K$101,O8) -> 0
A9: =IF(NOT(ISBLANK('CP, Curs, Sem'!B13)),'CP, Curs, Sem'!B13,"") | B9: =IF(NOT(ISBLANK('CP, Curs, Sem'!C13)),'CP, Curs, Sem'!C13,"") | J9: =IF(NOT(ISBLANK('CP, Curs, Sem'!C13)),ROUND(SUM(C9:I9),0),"") | K9: =IF(NOT(ISBLANK('CP, Curs, Sem'!C13)), IF(J9=0,"n/p",IF(AND(J9>=$L$3,J9<=$M$3),$N$3, IF(AND(J9>=$L$4,J9<=$M$4),$N$4, IF(AND(J9>=$L$5,J9<=$M$5),$N$5, IF(AND(J9>=$L$6,J9<=$M$6),$N$6, IF(AND(J9>=$L$7,J9<=$M$7),$N$7, IF(AND(J9>=$L$8,J9<=$M$8),$N$8, IF(AND(J9>=$L$9,J9<=$M$9),$N$9, IF(AND(J9>=$L$10,J9<=$M$10),$N$10, IF(AND(J9>=$L$11,J9<=$M$11),$N$11, IF(AND(J9>=$L$12,J9<=$M$12),$N$12))))))))))), "") | L9: 18 | M9: 19 | N9: 7 | O9: 7 | P9: =COUNTIF($K$2:$K$101,O9) -> 0
A10: =IF(NOT(ISBLANK('CP, Curs, Sem'!B14)),'CP, Curs, Sem'!B14,"") | B10: =IF(NOT(ISBLANK('CP, Curs, Sem'!C14)),'CP, Curs, Sem'!C14,"") | J10: =IF(NOT(ISBLANK('CP, Curs, Sem'!C14)),ROUND(SUM(C10:I10),0),"") | K10: =IF(NOT(ISBLANK('CP, Curs, Sem'!C14)), IF(J10=0,"n/p",IF(AND(J10>=$L$3,J10<=$M$3),$N$3, IF(AND(J10>=$L$4,J10<=$M$4),$N$4, IF(AND(J10>=$L$5,J10<=$M$5),$N$5, IF(AND(J10>=$L$6,J10<=$M$6),$N$6, IF(AND(J10>=$L$7,J10<=$M$7),$N$7, IF(AND(J10>=$L$8,J10<=$M$8),$N$8, IF(AND(J10>=$L$9,J10<=$M$9),$N$9, IF(AND(J10>=$L$10,J10<=$M$10),$N$10, IF(AND(J10>=$L$11,J10<=$M$11),$N$11, IF(AND(J10>=$L$12,J10<=$M$12),$N$12))))))))))), "") | L10: 20 | M10: 22 | N10: 8 | O10: 8 | P10: =COUNTIF($K$2:$K$101,O10) -> 0
A11: =IF(NOT(ISBLANK('CP, Curs, Sem'!B15)),'CP, Curs, Sem'!B15,"") | B11: =IF(NOT(ISBLANK('CP, Curs, Sem'!C15)),'CP, Curs, Sem'!C15,"") | J11: =IF(NOT(ISBLANK('CP, Curs, Sem'!C15)),ROUND(SUM(C11:I11),0),"") | K11: =IF(NOT(ISBLANK('CP, Curs, Sem'!C15)), IF(J11=0,"n/p",IF(AND(J11>=$L$3,J11<=$M$3),$N$3, IF(AND(J11>=$L$4,J11<=$M$4),$N$4, IF(AND(J11>=$L$5,J11<=$M$5),$N$5, IF(AND(J11>=$L$6,J11<=$M$6),$N$6, IF(AND(J11>=$L$7,J11<=$M$7),$N$7, IF(AND(J11>=$L$8,J11<=$M$8),$N$8, IF(AND(J11>=$L$9,J11<=$M$9),$N$9, IF(AND(J11>=$L$10,J11<=$M$10),$N$10, IF(AND(J11>=$L$11,J11<=$M$11),$N$11, IF(AND(J11>=$L$12,J11<=$M$12),$N$12))))))))))), "") | L11: 23 | M11: 24 | N11: 9 | O11: 9 | P11: =COUNTIF($K$2:$K$101,O11) -> 0
A12: =IF(NOT(ISBLANK('CP, Curs, Sem'!B16)),'CP, Curs, Sem'!B16,"") | B12: =IF(NOT(ISBLANK('CP, Curs, Sem'!C16)),'CP, Curs, Sem'!C16,"") | J12: =IF(NOT(ISBLANK('CP, Curs, Sem'!C16)),ROUND(SUM(C12:I12),0),"") | K12: =IF(NOT(ISBLANK('CP, Curs, Sem'!C16)), IF(J12=0,"n/p",IF(AND(J12>=$L$3,J12<=$M$3),$N$3, IF(AND(J12>=$L$4,J12<=$M$4),$N$4, IF(AND(J12>=$L$5,J12<=$M$5),$N$5, IF(AND(J12>=$L$6,J12<=$M$6),$N$6, IF(AND(J12>=$L$7,J12<=$M$7),$N$7, IF(AND(J12>=$L$8,J12<=$M$8),$N$8, IF(AND(J12>=$L$9,J12<=$M$9),$N$9, IF(AND(J12>=$L$10,J12<=$M$10),$N$10, IF(AND(J12>=$L$11,J12<=$M$11),$N$11, IF(AND(J12>=$L$12,J12<=$M$12),$N$12))))))))))), "") | L12: 25 | M12: 26 | N12: 10 | O12: 10 | P12: =COUNTIF($K$2:$K$101,O12) -> 0
A13: =IF(NOT(ISBLANK('CP, Curs, Sem'!B17)),'CP, Curs, Sem'!B17,"") | B13: =IF(NOT(ISBLANK('CP, Curs, Sem'!C17)),'CP, Curs, Sem'!C17,"") | J13: =IF(NOT(ISBLANK('CP, Curs, Sem'!C17)),ROUND(SUM(C13:I13),0),"") | K13: =IF(NOT(ISBLANK('CP, Curs, Sem'!C17)), IF(J13=0,"n/p",IF(AND(J13>=$L$3,J13<=$M$3),$N$3, IF(AND(J13>=$L$4,J13<=$M$4),$N$4, IF(AND(J13>=$L$5,J13<=$M$5),$N$5, IF(AND(J13>=$L$6,J13<=$M$6),$N$6, IF(AND(J13>=$L$7,J13<=$M$7),$N$7, IF(AND(J13>=$L$8,J13<=$M$8),$N$8, IF(AND(J13>=$L$9,J13<=$M$9),$N$9, IF(AND(J13>=$L$10,J13<=$M$10),$N$10, IF(AND(J13>=$L$11,J13<=$M$11),$N$11, IF(AND(J13>=$L$12,J13<=$M$12),$N$12))))))))))), "") | O13: n/p | P13: =COUNTIF($K$2:$K$101,O13) -> 1
A14: =IF(NOT(ISBLANK('CP, Curs, Sem'!B18)),'CP, Curs, Sem'!B18,"") | B14: =IF(NOT(ISBLANK('CP, Curs, Sem'!C18)),'CP, Curs, Sem'!C18,"") | J14: =IF(NOT(ISBLANK('CP, Curs, Sem'!C18)),ROUND(SUM(C14:I14),0),"") | K14: =IF(NOT(ISBLANK('CP, Curs, Sem'!C18)), IF(J14=0,"n/p",IF(AND(J14>=$L$3,J14<=$M$3),$N$3, IF(AND(J14>=$L$4,J14<=$M$4),$N$4, IF(AND(J14>=$L$5,J14<=$M$5),$N$5, IF(AND(J14>=$L$6,J14<=$M$6),$N$6, IF(AND(J14>=$L$7,J14<=$M$7),$N$7, IF(AND(J14>=$L$8,J14<=$M$8),$N$8, IF(AND(J14>=$L$9,J14<=$M$9),$N$9, IF(AND(J14>=$L$10,J14<=$M$10),$N$10, IF(AND(J14>=$L$11,J14<=$M$11),$N$11, IF(AND(J14>=$L$12,J14<=$M$12),$N$12))))))))))), "")
A15: =IF(NOT(ISBLANK('CP, Curs, Sem'!B19)),'CP, Curs, Sem'!B19,"") | B15: =IF(NOT(ISBLANK('CP, Curs, Sem'!C19)),'CP, Curs, Sem'!C19,"") | J15: =IF(NOT(ISBLANK('CP, Curs, Sem'!C19)),ROUND(SUM(C15:I15),0),"") | K15: =IF(NOT(ISBLANK('CP, Curs, Sem'!C19)), IF(J15=0,"n/p",IF(AND(J15>=$L$3,J15<=$M$3),$N$3, IF(AND(J15>=$L$4,J15<=$M$4),$N$4, IF(AND(J15>=$L$5,J15<=$M$5),$N$5, IF(AND(J15>=$L$6,J15<=$M$6),$N$6, IF(AND(J15>=$L$7,J15<=$M$7),$N$7, IF(AND(J15>=$L$8,J15<=$M$8),$N$8, IF(AND(J15>=$L$9,J15<=$M$9),$N$9, IF(AND(J15>=$L$10,J15<=$M$10),$N$10, IF(AND(J15>=$L$11,J15<=$M$11),$N$11, IF(AND(J15>=$L$12,J15<=$M$12),$N$12))))))))))), "")
A16: =IF(NOT(ISBLANK('CP, Curs, Sem'!B20)),'CP, Curs, Sem'!B20,"") | B16: =IF(NOT(ISBLANK('CP, Curs, Sem'!C20)),'CP, Curs, Sem'!C20,"") | J16: =IF(NOT(ISBLANK('CP, Curs, Sem'!C20)),ROUND(SUM(C16:I16),0),"") | K16: =IF(NOT(ISBLANK('CP, Curs, Sem'!C20)), IF(J16=0,"n/p",IF(AND(J16>=$L$3,J16<=$M$3),$N$3, IF(AND(J16>=$L$4,J16<=$M$4),$N$4, IF(AND(J16>=$L$5,J16<=$M$5),$N$5, IF(AND(J16>=$L$6,J16<=$M$6),$N$6, IF(AND(J16>=$L$7,J16<=$M$7),$N$7, IF(AND(J16>=$L$8,J16<=$M$8),$N$8, IF(AND(J16>=$L$9,J16<=$M$9),$N$9, IF(AND(J16>=$L$10,J16<=$M$10),$N$10, IF(AND(J16>=$L$11,J16<=$M$11),$N$11, IF(AND(J16>=$L$12,J16<=$M$12),$N$12))))))))))), "")
A17: =IF(NOT(ISBLANK('CP, Curs, Sem'!B21)),'CP, Curs, Sem'!B21,"") | B17: =IF(NOT(ISBLANK('CP, Curs, Sem'!C21)),'CP, Curs, Sem'!C21,"") | J17: =IF(NOT(ISBLANK('CP, Curs, Sem'!C21)),ROUND(SUM(C17:I17),0),"") | K17: =IF(NOT(ISBLANK('CP, Curs, Sem'!C21)), IF(J17=0,"n/p",IF(AND(J17>=$L$3,J17<=$M$3),$N$3, IF(AND(J17>=$L$4,J17<=$M$4),$N$4, IF(AND(J17>=$L$5,J17<=$M$5),$N$5, IF(AND(J17>=$L$6,J17<=$M$6),$N$6, IF(AND(J17>=$L$7,J17<=$M$7),$N$7, IF(AND(J17>=$L$8,J17<=$M$8),$N$8, IF(AND(J17>=$L$9,J17<=$M$9),$N$9, IF(AND(J17>=$L$10,J17<=$M$10),$N$10, IF(AND(J17>=$L$11,J17<=$M$11),$N$11, IF(AND(J17>=$L$12,J17<=$M$12),$N$12))))))))))), "")
A18: =IF(NOT(ISBLANK('CP, Curs, Sem'!B22)),'CP, Curs, Sem'!B22,"") | B18: =IF(NOT(ISBLANK('CP, Curs, Sem'!C22)),'CP, Curs, Sem'!C22,"") | J18: =IF(NOT(ISBLANK('CP, Curs, Sem'!C22)),ROUND(SUM(C18:I18),0),"") | K18: =IF(NOT(ISBLANK('CP, Curs, Sem'!C22)), IF(J18=0,"n/p",IF(AND(J18>=$L$3,J18<=$M$3),$N$3, IF(AND(J18>=$L$4,J18<=$M$4),$N$4, IF(AND(J18>=$L$5,J18<=$M$5),$N$5, IF(AND(J18>=$L$6,J18<=$M$6),$N$6, IF(AND(J18>=$L$7,J18<=$M$7),$N$7, IF(AND(J18>=$L$8,J18<=$M$8),$N$8, IF(AND(J18>=$L$9,J18<=$M$9),$N$9, IF(AND(J18>=$L$10,J18<=$M$10),$N$10, IF(AND(J18>=$L$11,J18<=$M$11),$N$11, IF(AND(J18>=$L$12,J18<=$M$12),$N$12))))))))))), "")
A19: =IF(NOT(ISBLANK('CP, Curs, Sem'!B23)),'CP, Curs, Sem'!B23,"") | B19: =IF(NOT(ISBLANK('CP, Curs, Sem'!C23)),'CP, Curs, Sem'!C23,"") | J19: =IF(NOT(ISBLANK('CP, Curs, Sem'!C23)),ROUND(SUM(C19:I19),0),"") | K19: =IF(NOT(ISBLANK('CP, Curs, Sem'!C23)), IF(J19=0,"n/p",IF(AND(J19>=$L$3,J19<=$M$3),$N$3, IF(AND(J19>=$L$4,J19<=$M$4),$N$4, IF(AND(J19>=$L$5,J19<=$M$5),$N$5, IF(AND(J19>=$L$6,J19<=$M$6),$N$6, IF(AND(J19>=$L$7,J19<=$M$7),$N$7, IF(AND(J19>=$L$8,J19<=$M$8),$N$8, IF(AND(J19>=$L$9,J19<=$M$9),$N$9, IF(AND(J19>=$L$10,J19<=$M$10),$N$10, IF(AND(J19>=$L$11,J19<=$M$11),$N$11, IF(AND(J19>=$L$12,J19<=$M$12),$N$12))))))))))), "")
A20: =IF(NOT(ISBLANK('CP, Curs, Sem'!B24)),'CP, Curs, Sem'!B24,"") | B20: =IF(NOT(ISBLANK('CP, Curs, Sem'!C24)),'CP, Curs, Sem'!C24,"") | J20: =IF(NOT(ISBLANK('CP, Curs, Sem'!C24)),ROUND(SUM(C20:I20),0),"") | K20: =IF(NOT(ISBLANK('CP, Curs, Sem'!C24)), IF(J20=0,"n/p",IF(AND(J20>=$L$3,J20<=$M$3),$N$3, IF(AND(J20>=$L$4,J20<=$M$4),$N$4, IF(AND(J20>=$L$5,J20<=$M$5),$N$5, IF(AND(J20>=$L$6,J20<=$M$6),$N$6, IF(AND(J20>=$L$7,J20<=$M$7),$N$7, IF(AND(J20>=$L$8,J20<=$M$8),$N$8, IF(AND(J20>=$L$9,J20<=$M$9),$N$9, IF(AND(J20>=$L$10,J20<=$M$10),$N$10, IF(AND(J20>=$L$11,J20<=$M$11),$N$11, IF(AND(J20>=$L$12,J20<=$M$12),$N$12))))))))))), "")
A21: =IF(NOT(ISBLANK('CP, Curs, Sem'!B25)),'CP, Curs, Sem'!B25,"") | B21: =IF(NOT(ISBLANK('CP, Curs, Sem'!C25)),'CP, Curs, Sem'!C25,"") | J21: =IF(NOT(ISBLANK('CP, Curs, Sem'!C25)),ROUND(SUM(C21:I21),0),"") | K21: =IF(NOT(ISBLANK('CP, Curs, Sem'!C25)), IF(J21=0,"n/p",IF(AND(J21>=$L$3,J21<=$M$3),$N$3, IF(AND(J21>=$L$4,J21<=$M$4),$N$4, IF(AND(J21>=$L$5,J21<=$M$5),$N$5, IF(AND(J21>=$L$6,J21<=$M$6),$N$6, IF(AND(J21>=$L$7,J21<=$M$7),$N$7, IF(AND(J21>=$L$8,J21<=$M$8),$N$8, IF(AND(J21>=$L$9,J21<=$M$9),$N$9, IF(AND(J21>=$L$10,J21<=$M$10),$N$10, IF(AND(J21>=$L$11,J21<=$M$11),$N$11, IF(AND(J21>=$L$12,J21<=$M$12),$N$12))))))))))), "")
A22: =IF(NOT(ISBLANK('CP, Curs, Sem'!B26)),'CP, Curs, Sem'!B26,"") | B22: =IF(NOT(ISBLANK('CP, Curs, Sem'!C26)),'CP, Curs, Sem'!C26,"") | J22: =IF(NOT(ISBLANK('CP, Curs, Sem'!C26)),ROUND(SUM(C22:I22),0),"") | K22: =IF(NOT(ISBLANK('CP, Curs, Sem'!C26)), IF(J22=0,"n/p",IF(AND(J22>=$L$3,J22<=$M$3),$N$3, IF(AND(J22>=$L$4,J22<=$M$4),$N$4, IF(AND(J22>=$L$5,J22<=$M$5),$N$5, IF(AND(J22>=$L$6,J22<=$M$6),$N$6, IF(AND(J22>=$L$7,J22<=$M$7),$N$7, IF(AND(J22>=$L$8,J22<=$M$8),$N$8, IF(AND(J22>=$L$9,J22<=$M$9),$N$9, IF(AND(J22>=$L$10,J22<=$M$10),$N$10, IF(AND(J22>=$L$11,J22<=$M$11),$N$11, IF(AND(J22>=$L$12,J22<=$M$12),$N$12))))))))))), "")
A23: =IF(NOT(ISBLANK('CP, Curs, Sem'!B27)),'CP, Curs, Sem'!B27,"") | B23: =IF(NOT(ISBLANK('CP, Curs, Sem'!C27)),'CP, Curs, Sem'!C27,"") | J23: =IF(NOT(ISBLANK('CP, Curs, Sem'!C27)),ROUND(SUM(C23:I23),0),"") | K23: =IF(NOT(ISBLANK('CP, Curs, Sem'!C27)), IF(J23=0,"n/p",IF(AND(J23>=$L$3,J23<=$M$3),$N$3, IF(AND(J23>=$L$4,J23<=$M$4),$N$4, IF(AND(J23>=$L$5,J23<=$M$5),$N$5, IF(AND(J23>=$L$6,J23<=$M$6),$N$6, IF(AND(J23>=$L$7,J23<=$M$7),$N$7, IF(AND(J23>=$L$8,J23<=$M$8),$N$8, IF(AND(J23>=$L$9,J23<=$M$9),$N$9, IF(AND(J23>=$L$10,J23<=$M$10),$N$10, IF(AND(J23>=$L$11,J23<=$M$11),$N$11, IF(AND(J23>=$L$12,J23<=$M$12),$N$12))))))))))), "")
A24: =IF(NOT(ISBLANK('CP, Curs, Sem'!B28)),'CP, Curs, Sem'!B28,"") | B24: =IF(NOT(ISBLANK('CP, Curs, Sem'!C28)),'CP, Curs, Sem'!C28,"") | J24: =IF(NOT(ISBLANK('CP, Curs, Sem'!C28)),ROUND(SUM(C24:I24),0),"") | K24: =IF(NOT(ISBLANK('CP, Curs, Sem'!C28)), IF(J24=0,"n/p",IF(AND(J24>=$L$3,J24<=$M$3),$N$3, IF(AND(J24>=$L$4,J24<=$M$4),$N$4, IF(AND(J24>=$L$5,J24<=$M$5),$N$5, IF(AND(J24>=$L$6,J24<=$M$6),$N$6, IF(AND(J24>=$L$7,J24<=$M$7),$N$7, IF(AND(J24>=$L$8,J24<=$M$8),$N$8, IF(AND(J24>=$L$9,J24<=$M$9),$N$9, IF(AND(J24>=$L$10,J24<=$M$10),$N$10, IF(AND(J24>=$L$11,J24<=$M$11),$N$11, IF(AND(J24>=$L$12,J24<=$M$12),$N$12))))))))))), "")
A25: =IF(NOT(ISBLANK('CP, Curs, Sem'!B29)),'CP, Curs, Sem'!B29,"") | B25: =IF(NOT(ISBLANK('CP, Curs, Sem'!C29)),'CP, Curs, Sem'!C29,"") | J25: =IF(NOT(ISBLANK('CP, Curs, Sem'!C29)),ROUND(SUM(C25:I25),0),"") | K25: =IF(NOT(ISBLANK('CP, Curs, Sem'!C29)), IF(J25=0,"n/p",IF(AND(J25>=$L$3,J25<=$M$3),$N$3, IF(AND(J25>=$L$4,J25<=$M$4),$N$4, IF(AND(J25>=$L$5,J25<=$M$5),$N$5, IF(AND(J25>=$L$6,J25<=$M$6),$N$6, IF(AND(J25>=$L$7,J25<=$M$7),$N$7, IF(AND(J25>=$L$8,J25<=$M$8),$N$8, IF(AND(J25>=$L$9,J25<=$M$9),$N$9, IF(AND(J25>=$L$10,J25<=$M$10),$N$10, IF(AND(J25>=$L$11,J25<=$M$11),$N$11, IF(AND(J25>=$L$12,J25<=$M$12),$N$12))))))))))), "")
... A101: =IF(NOT(ISBLANK('CP, Curs, Sem'!B105)),'CP, Curs, Sem'!B105,"") | B101: =IF(NOT(ISBLANK('CP, Curs, Sem'!C105)),'CP, Curs, Sem'!C105,"") | J101: =IF(NOT(ISBLANK('CP, Curs, Sem'!C105)),ROUND(SUM(C101:I101),0),"") | K101: =IF(NOT(ISBLANK('CP, Curs, Sem'!C105)), IF(J101=0,"n/p",IF(AND(J101>=$L$3,J101<=$M$3),$N$3, IF(AND(J101>=$L$4,J101<=$M$4),$N$4, IF(AND(J101>=$L$5,J101<=$M$5),$N$5, IF(AND(J101>=$L$6,J101<=$M$6),$N$6, IF(AND(J101>=$L$7,J101<=$M$7),$N$7, IF(AND(J101>=$L$8,J101<=$M$8),$N$8, IF(AND(J101>=$L$9,J101<=$M$9),$N$9, IF(AND(J101>=$L$10,J101<=$M$10),$N$10, IF(AND(J101>=$L$11,J101<=$M$11),$N$11, IF(AND(J101>=$L$12,J101<=$M$12),$N$12))))))))))), "")
K102: =IF(NOT(ISBLANK('CP, Curs, Sem'!C106)), IF(J102=0,"n/p",IF(AND(J102>=$L$3,J102<=$M$3),$N$3, IF(AND(J102>=$L$4,J102<=$M$4),$N$4, IF(AND(J102>=$L$5,J102<=$M$5),$N$5, IF(AND(J102>=$L$6,J102<=$M$6),$N$6, IF(AND(J102>=$L$7,J102<=$M$7),$N$7, IF(AND(J102>=$L$8,J102<=$M$8),$N$8, IF(AND(J102>=$L$9,J102<=$M$9),$N$9, IF(AND(J102>=$L$10,J102<=$M$10),$N$10, IF(AND(J102>=$L$11,J102<=$M$11),$N$11, IF(AND(J102>=$L$12,J102<=$M$12),$N$12))))))))))), "")
K103: =IF(NOT(ISBLANK('CP, Curs, Sem'!C107)), IF(J103=0,"n/p",IF(AND(J103>=$L$3,J103<=$M$3),$N$3, IF(AND(J103>=$L$4,J103<=$M$4),$N$4, IF(AND(J103>=$L$5,J103<=$M$5),$N$5, IF(AND(J103>=$L$6,J103<=$M$6),$N$6, IF(AND(J103>=$L$7,J103<=$M$7),$N$7, IF(AND(J103>=$L$8,J103<=$M$8),$N$8, IF(AND(J103>=$L$9,J103<=$M$9),$N$9, IF(AND(J103>=$L$10,J103<=$M$10),$N$10, IF(AND(J103>=$L$11,J103<=$M$11),$N$11, IF(AND(J103>=$L$12,J103<=$M$12),$N$12))))))))))), "")
K104: =IF(NOT(ISBLANK('CP, Curs, Sem'!C108)), IF(J104=0,"n/p",IF(AND(J104>=$L$3,J104<=$M$3),$N$3, IF(AND(J104>=$L$4,J104<=$M$4),$N$4, IF(AND(J104>=$L$5,J104<=$M$5),$N$5, IF(AND(J104>=$L$6,J104<=$M$6),$N$6, IF(AND(J104>=$L$7,J104<=$M$7),$N$7, IF(AND(J104>=$L$8,J104<=$M$8),$N$8, IF(AND(J104>=$L$9,J104<=$M$9),$N$9, IF(AND(J104>=$L$10,J104<=$M$10),$N$10, IF(AND(J104>=$L$11,J104<=$M$11),$N$11, IF(AND(J104>=$L$12,J104<=$M$12),$N$12))))))))))), "")
K105: =IF(NOT(ISBLANK('CP, Curs, Sem'!C109)), IF(J105=0,"n/p",IF(AND(J105>=$L$3,J105<=$M$3),$N$3, IF(AND(J105>=$L$4,J105<=$M$4),$N$4, IF(AND(J105>=$L$5,J105<=$M$5),$N$5, IF(AND(J105>=$L$6,J105<=$M$6),$N$6, IF(AND(J105>=$L$7,J105<=$M$7),$N$7, IF(AND(J105>=$L$8,J105<=$M$8),$N$8, IF(AND(J105>=$L$9,J105<=$M$9),$N$9, IF(AND(J105>=$L$10,J105<=$M$10),$N$10, IF(AND(J105>=$L$11,J105<=$M$11),$N$11, IF(AND(J105>=$L$12,J105<=$M$12),$N$12))))))))))), "")

Sheet Atest. Nr.1
A1: Nr. | B1: Nume, Prenume | C1: item 1 | D1: item 2 | E1: item 3 | F1: item 4 | G1: item 5 | H1: item 6 | I1: item 7 | J1: Pctj Total | K1: Nota | L1: Baremul de evaluare | O1: Statistica
A2: =IF(NOT(ISBLANK('CP, Curs, Sem'!B6)),'CP, Curs, Sem'!B6,"") -> 1 | B2: =IF(NOT(ISBLANK('CP, Curs, Sem'!C6)),'CP, Curs, Sem'!C6,"") -> Nume, Prenume | J2: =IF(NOT(ISBLANK('CP, Curs, Sem'!C6)),ROUND(SUM(C2:I2),0),"") -> 0 | K2: =IF(NOT(ISBLANK('CP, Curs, Sem'!C6)), IF(J2=0,"n/p",IF(AND(J2>=$L$3,J2<=$M$3),$N$3, IF(AND(J2>=$L$4,J2<=$M$4),$N$4, IF(AND(J2>=$L$5,J2<=$M$5),$N$5, IF(AND(J2>=$L$6,J2<=$M$6),$N$6, IF(AND(J2>=$L$7,J2<=$M$7),$N$7, IF(AND(J2>=$L$8,J2<=$M$8),$N$8, IF(AND(J2>=$L$9,J2<=$M$9),$N$9, IF(AND(J2>=$L$10,J2<=$M$10),$N$10, IF(AND(J2>=$L$11,J2<=$M$11),$N$11, IF(AND(J2>=$L$12,J2<=$M$12),$N$12))))))))))), "") -> n/p | L2: Punctajul acumulat | N2: Nota | O2: Nota | P2: Nr de note
A3: =IF(NOT(ISBLANK('CP, Curs, Sem'!B7)),'CP, Curs, Sem'!B7,"") | B3: =IF(NOT(ISBLANK('CP, Curs, Sem'!C7)),'CP, Curs, Sem'!C7,"") | J3: =IF(NOT(ISBLANK('CP, Curs, Sem'!C7)),ROUND(SUM(C3:I3),0),"") | K3: =IF(NOT(ISBLANK('CP, Curs, Sem'!C7)), IF(J3=0,"n/p",IF(AND(J3>=$L$3,J3<=$M$3),$N$3, IF(AND(J3>=$L$4,J3<=$M$4),$N$4, IF(AND(J3>=$L$5,J3<=$M$5),$N$5, IF(AND(J3>=$L$6,J3<=$M$6),$N$6, IF(AND(J3>=$L$7,J3<=$M$7),$N$7, IF(AND(J3>=$L$8,J3<=$M$8),$N$8, IF(AND(J3>=$L$9,J3<=$M$9),$N$9, IF(AND(J3>=$L$10,J3<=$M$10),$N$10, IF(AND(J3>=$L$11,J3<=$M$11),$N$11, IF(AND(J3>=$L$12,J3<=$M$12),$N$12))))))))))), "") | L3: 0 | M3: 0 | N3: 1 | O3: 1 | P3: =COUNTIF($K$2:$K$101,O3) -> 0
A4: =IF(NOT(ISBLANK('CP, Curs, Sem'!B8)),'CP, Curs, Sem'!B8,"") | B4: =IF(NOT(ISBLANK('CP, Curs, Sem'!C8)),'CP, Curs, Sem'!C8,"") | J4: =IF(NOT(ISBLANK('CP, Curs, Sem'!C8)),ROUND(SUM(C4:I4),0),"") | K4: =IF(NOT(ISBLANK('CP, Curs, Sem'!C8)), IF(J4=0,"n/p",IF(AND(J4>=$L$3,J4<=$M$3),$N$3, IF(AND(J4>=$L$4,J4<=$M$4),$N$4, IF(AND(J4>=$L$5,J4<=$M$5),$N$5, IF(AND(J4>=$L$6,J4<=$M$6),$N$6, IF(AND(J4>=$L$7,J4<=$M$7),$N$7, IF(AND(J4>=$L$8,J4<=$M$8),$N$8, IF(AND(J4>=$L$9,J4<=$M$9),$N$9, IF(AND(J4>=$L$10,J4<=$M$10),$N$10, IF(AND(J4>=$L$11,J4<=$M$11),$N$11, IF(AND(J4>=$L$12,J4<=$M$12),$N$12))))))))))), "") | L4: 1 | M4: 4 | N4: 2 | O4: 2 | P4: =COUNTIF($K$2:$K$101,O4) -> 0
A5: =IF(NOT(ISBLANK('CP, Curs, Sem'!B9)),'CP, Curs, Sem'!B9,"") | B5: =IF(NOT(ISBLANK('CP, Curs, Sem'!C9)),'CP, Curs, Sem'!C9,"") | J5: =IF(NOT(ISBLANK('CP, Curs, Sem'!C9)),ROUND(SUM(C5:I5),0),"") | K5: =IF(NOT(ISBLANK('CP, Curs, Sem'!C9)), IF(J5=0,"n/p",IF(AND(J5>=$L$3,J5<=$M$3),$N$3, IF(AND(J5>=$L$4,J5<=$M$4),$N$4, IF(AND(J5>=$L$5,J5<=$M$5),$N$5, IF(AND(J5>=$L$6,J5<=$M$6),$N$6, IF(AND(J5>=$L$7,J5<=$M$7),$N$7, IF(AND(J5>=$L$8,J5<=$M$8),$N$8, IF(AND(J5>=$L$9,J5<=$M$9),$N$9, IF(AND(J5>=$L$10,J5<=$M$10),$N$10, IF(AND(J5>=$L$11,J5<=$M$11),$N$11, IF(AND(J5>=$L$12,J5<=$M$12),$N$12))))))))))), "") | L5: 5 | M5: 7 | N5: 3 | O5: 3 | P5: =COUNTIF($K$2:$K$101,O5) -> 0
A6: =IF(NOT(ISBLANK('CP, Curs, Sem'!B10)),'CP, Curs, Sem'!B10,"") | B6: =IF(NOT(ISBLANK('CP, Curs, Sem'!C10)),'CP, Curs, Sem'!C10,"") | J6: =IF(NOT(ISBLANK('CP, Curs, Sem'!C10)),ROUND(SUM(C6:I6),0),"") | K6: =IF(NOT(ISBLANK('CP, Curs, Sem'!C10)), IF(J6=0,"n/p",IF(AND(J6>=$L$3,J6<=$M$3),$N$3, IF(AND(J6>=$L$4,J6<=$M$4),$N$4, IF(AND(J6>=$L$5,J6<=$M$5),$N$5, IF(AND(J6>=$L$6,J6<=$M$6),$N$6, IF(AND(J6>=$L$7,J6<=$M$7),$N$7, IF(AND(J6>=$L$8,J6<=$M$8),$N$8, IF(AND(J6>=$L$9,J6<=$M$9),$N$9, IF(AND(J6>=$L$10,J6<=$M$10),$N$10, IF(AND(J6>=$L$11,J6<=$M$11),$N$11, IF(AND(J6>=$L$12,J6<=$M$12),$N$12))))))))))), "") | L6: 8 | M6: 9 | N6: 4 | O6: 4 | P6: =COUNTIF($K$2:$K$101,O6) -> 0
A7: =IF(NOT(ISBLANK('CP, Curs, Sem'!B11)),'CP, Curs, Sem'!B11,"") | B7: =IF(NOT(ISBLANK('CP, Curs, Sem'!C11)),'CP, Curs, Sem'!C11,"") | J7: =IF(NOT(ISBLANK('CP, Curs, Sem'!C11)),ROUND(SUM(C7:I7),0),"") | K7: =IF(NOT(ISBLANK('CP, Curs, Sem'!C11)), IF(J7=0,"n/p",IF(AND(J7>=$L$3,J7<=$M$3),$N$3, IF(AND(J7>=$L$4,J7<=$M$4),$N$4, IF(AND(J7>=$L$5,J7<=$M$5),$N$5, IF(AND(J7>=$L$6,J7<=$M$6),$N$6, IF(AND(J7>=$L$7,J7<=$M$7),$N$7, IF(AND(J7>=$L$8,J7<=$M$8),$N$8, IF(AND(J7>=$L$9,J7<=$M$9),$N$9, IF(AND(J7>=$L$10,J7<=$M$10),$N$10, IF(AND(J7>=$L$11,J7<=$M$11),$N$11, IF(AND(J7>=$L$12,J7<=$M$12),$N$12))))))))))), "") | L7: 10 | M7: 13 | N7: 5 | O7: 5 | P7: =COUNTIF($K$2:$K$101,O7) -> 0
A8: =IF(NOT(ISBLANK('CP, Curs, Sem'!B12)),'CP, Curs, Sem'!B12,"") | B8: =IF(NOT(ISBLANK('CP, Curs, Sem'!C12)),'CP, Curs, Sem'!C12,"") | J8: =IF(NOT(ISBLANK('CP, Curs, Sem'!C12)),ROUND(SUM(C8:I8),0),"") | K8: =IF(NOT(ISBLANK('CP, Curs, Sem'!C12)), IF(J8=0,"n/p",IF(AND(J8>=$L$3,J8<=$M$3),$N$3, IF(AND(J8>=$L$4,J8<=$M$4),$N$4, IF(AND(J8>=$L$5,J8<=$M$5),$N$5, IF(AND(J8>=$L$6,J8<=$M$6),$N$6, IF(AND(J8>=$L$7,J8<=$M$7),$N$7, IF(AND(J8>=$L$8,J8<=$M$8),$N$8, IF(AND(J8>=$L$9,J8<=$M$9),$N$9, IF(AND(J8>=$L$10,J8<=$M$10),$N$10, IF(AND(J8>=$L$11,J8<=$M$11),$N$11, IF(AND(J8>=$L$12,J8<=$M$12),$N$12))))))))))), "") | L8: 14 | M8: 17 | N8: 6 | O8: 6 | P8: =COUNTIF($K$2:$K$101,O8) -> 0
A9: =IF(NOT(ISBLANK('CP, Curs, Sem'!B13)),'CP, Curs, Sem'!B13,"") | B9: =IF(NOT(ISBLANK('CP, Curs, Sem'!C13)),'CP, Curs, Sem'!C13,"") | J9: =IF(NOT(ISBLANK('CP, Curs, Sem'!C13)),ROUND(SUM(C9:I9),0),"") | K9: =IF(NOT(ISBLANK('CP, Curs, Sem'!C13)), IF(J9=0,"n/p",IF(AND(J9>=$L$3,J9<=$M$3),$N$3, IF(AND(J9>=$L$4,J9<=$M$4),$N$4, IF(AND(J9>=$L$5,J9<=$M$5),$N$5, IF(AND(J9>=$L$6,J9<=$M$6),$N$6, IF(AND(J9>=$L$7,J9<=$M$7),$N$7, IF(AND(J9>=$L$8,J9<=$M$8),$N$8, IF(AND(J9>=$L$9,J9<=$M$9),$N$9, IF(AND(J9>=$L$10,J9<=$M$10),$N$10, IF(AND(J9>=$L$11,J9<=$M$11),$N$11, IF(AND(J9>=$L$12,J9<=$M$12),$N$12))))))))))), "") | L9: 18 | M9: 19 | N9: 7 | O9: 7 | P9: =COUNTIF($K$2:$K$101,O9) -> 0
A10: =IF(NOT(ISBLANK('CP, Curs, Sem'!B14)),'CP, Curs, Sem'!B14,"") | B10: =IF(NOT(ISBLANK('CP, Curs, Sem'!C14)),'CP, Curs, Sem'!C14,"") | J10: =IF(NOT(ISBLANK('CP, Curs, Sem'!C14)),ROUND(SUM(C10:I10),0),"") | K10: =IF(NOT(ISBLANK('CP, Curs, Sem'!C14)), IF(J10=0,"n/p",IF(AND(J10>=$L$3,J10<=$M$3),$N$3, IF(AND(J10>=$L$4,J10<=$M$4),$N$4, IF(AND(J10>=$L$5,J10<=$M$5),$N$5, IF(AND(J10>=$L$6,J10<=$M$6),$N$6, IF(AND(J10>=$L$7,J10<=$M$7),$N$7, IF(AND(J10>=$L$8,J10<=$M$8),$N$8, IF(AND(J10>=$L$9,J10<=$M$9),$N$9, IF(AND(J10>=$L$10,J10<=$M$10),$N$10, IF(AND(J10>=$L$11,J10<=$M$11),$N$11, IF(AND(J10>=$L$12,J10<=$M$12),$N$12))))))))))), "") | L10: 20 | M10: 22 | N10: 8 | O10: 8 | P10: =COUNTIF($K$2:$K$101,O10) -> 0
A11: =IF(NOT(ISBLANK('CP, Curs, Sem'!B15)),'CP, Curs, Sem'!B15,"") | B11: =IF(NOT(ISBLANK('CP, Curs, Sem'!C15)),'CP, Curs, Sem'!C15,"") | J11: =IF(NOT(ISBLANK('CP, Curs, Sem'!C15)),ROUND(SUM(C11:I11),0),"") | K11: =IF(NOT(ISBLANK('CP, Curs, Sem'!C15)), IF(J11=0,"n/p",IF(AND(J11>=$L$3,J11<=$M$3),$N$3, IF(AND(J11>=$L$4,J11<=$M$4),$N$4, IF(AND(J11>=$L$5,J11<=$M$5),$N$5, IF(AND(J11>=$L$6,J11<=$M$6),$N$6, IF(AND(J11>=$L$7,J11<=$M$7),$N$7, IF(AND(J11>=$L$8,J11<=$M$8),$N$8, IF(AND(J11>=$L$9,J11<=$M$9),$N$9, IF(AND(J11>=$L$10,J11<=$M$10),$N$10, IF(AND(J11>=$L$11,J11<=$M$11),$N$11, IF(AND(J11>=$L$12,J11<=$M$12),$N$12))))))))))), "") | L11: 23 | M11: 24 | N11: 9 | O11: 9 | P11: =COUNTIF($K$2:$K$101,O11) -> 0
A12: =IF(NOT(ISBLANK('CP, Curs, Sem'!B16)),'CP, Curs, Sem'!B16,"") | B12: =IF(NOT(ISBLANK('CP, Curs, Sem'!C16)),'CP, Curs, Sem'!C16,"") | J12: =IF(NOT(ISBLANK('CP, Curs, Sem'!C16)),ROUND(SUM(C12:I12),0),"") | K12: =IF(NOT(ISBLANK('CP, Curs, Sem'!C16)), IF(J12=0,"n/p",IF(AND(J12>=$L$3,J12<=$M$3),$N$3, IF(AND(J12>=$L$4,J12<=$M$4),$N$4, IF(AND(J12>=$L$5,J12<=$M$5),$N$5, IF(AND(J12>=$L$6,J12<=$M$6),$N$6, IF(AND(J12>=$L$7,J12<=$M$7),$N$7, IF(AND(J12>=$L$8,J12<=$M$8),$N$8, IF(AND(J12>=$L$9,J12<=$M$9),$N$9, IF(AND(J12>=$L$10,J12<=$M$10),$N$10, IF(AND(J12>=$L$11,J12<=$M$11),$N$11, IF(AND(J12>=$L$12,J12<=$M$12),$N$12))))))))))), "") | L12: 25 | M12: 26 | N12: 10 | O12: 10 | P12: =COUNTIF($K$2:$K$101,O12) -> 0
A13: =IF(NOT(ISBLANK('CP, Curs, Sem'!B17)),'CP, Curs, Sem'!B17,"") | B13: =IF(NOT(ISBLANK('CP, Curs, Sem'!C17)),'CP, Curs, Sem'!C17,"") | J13: =IF(NOT(ISBLANK('CP, Curs, Sem'!C17)),ROUND(SUM(C13:I13),0),"") | K13: =IF(NOT(ISBLANK('CP, Curs, Sem'!C17)), IF(J13=0,"n/p",IF(AND(J13>=$L$3,J13<=$M$3),$N$3, IF(AND(J13>=$L$4,J13<=$M$4),$N$4, IF(AND(J13>=$L$5,J13<=$M$5),$N$5, IF(AND(J13>=$L$6,J13<=$M$6),$N$6, IF(AND(J13>=$L$7,J13<=$M$7),$N$7, IF(AND(J13>=$L$8,J13<=$M$8),$N$8, IF(AND(J13>=$L$9,J13<=$M$9),$N$9, IF(AND(J13>=$L$10,J13<=$M$10),$N$10, IF(AND(J13>=$L$11,J13<=$M$11),$N$11, IF(AND(J13>=$L$12,J13<=$M$12),$N$12))))))))))), "") | O13: n/p | P13: =COUNTIF($K$2:$K$101,O13) -> 1
A14: =IF(NOT(ISBLANK('CP, Curs, Sem'!B18)),'CP, Curs, Sem'!B18,"") | B14: =IF(NOT(ISBLANK('CP, Curs, Sem'!C18)),'CP, Curs, Sem'!C18,"") | J14: =IF(NOT(ISBLANK('CP, Curs, Sem'!C18)),ROUND(SUM(C14:I14),0),"") | K14: =IF(NOT(ISBLANK('CP, Curs, Sem'!C18)), IF(J14=0,"n/p",IF(AND(J14>=$L$3,J14<=$M$3),$N$3, IF(AND(J14>=$L$4,J14<=$M$4),$N$4, IF(AND(J14>=$L$5,J14<=$M$5),$N$5, IF(AND(J14>=$L$6,J14<=$M$6),$N$6, IF(AND(J14>=$L$7,J14<=$M$7),$N$7, IF(AND(J14>=$L$8,J14<=$M$8),$N$8, IF(AND(J14>=$L$9,J14<=$M$9),$N$9, IF(AND(J14>=$L$10,J14<=$M$10),$N$10, IF(AND(J14>=$L$11,J14<=$M$11),$N$11, IF(AND(J14>=$L$12,J14<=$M$12),$N$12))))))))))), "")
A15: =IF(NOT(ISBLANK('CP, Curs, Sem'!B19)),'CP, Curs, Sem'!B19,"") | B15: =IF(NOT(ISBLANK('CP, Curs, Sem'!C19)),'CP, Curs, Sem'!C19,"") | J15: =IF(NOT(ISBLANK('CP, Curs, Sem'!C19)),ROUND(SUM(C15:I15),0),"") | K15: =IF(NOT(ISBLANK('CP, Curs, Sem'!C19)), IF(J15=0,"n/p",IF(AND(J15>=$L$3,J15<=$M$3),$N$3, IF(AND(J15>=$L$4,J15<=$M$4),$N$4, IF(AND(J15>=$L$5,J15<=$M$5),$N$5, IF(AND(J15>=$L$6,J15<=$M$6),$N$6, IF(AND(J15>=$L$7,J15<=$M$7),$N$7, IF(AND(J15>=$L$8,J15<=$M$8),$N$8, IF(AND(J15>=$L$9,J15<=$M$9),$N$9, IF(AND(J15>=$L$10,J15<=$M$10),$N$10, IF(AND(J15>=$L$11,J15<=$M$11),$N$11, IF(AND(J15>=$L$12,J15<=$M$12),$N$12))))))))))), "")
A16: =IF(NOT(ISBLANK('CP, Curs, Sem'!B20)),'CP, Curs, Sem'!B20,"") | B16: =IF(NOT(ISBLANK('CP, Curs, Sem'!C20)),'CP, Curs, Sem'!C20,"") | J16: =IF(NOT(ISBLANK('CP, Curs, Sem'!C20)),ROUND(SUM(C16:I16),0),"") | K16: =IF(NOT(ISBLANK('CP, Curs, Sem'!C20)), IF(J16=0,"n/p",IF(AND(J16>=$L$3,J16<=$M$3),$N$3, IF(AND(J16>=$L$4,J16<=$M$4),$N$4, IF(AND(J16>=$L$5,J16<=$M$5),$N$5, IF(AND(J16>=$L$6,J16<=$M$6),$N$6, IF(AND(J16>=$L$7,J16<=$M$7),$N$7, IF(AND(J16>=$L$8,J16<=$M$8),$N$8, IF(AND(J16>=$L$9,J16<=$M$9),$N$9, IF(AND(J16>=$L$10,J16<=$M$10),$N$10, IF(AND(J16>=$L$11,J16<=$M$11),$N$11, IF(AND(J16>=$L$12,J16<=$M$12),$N$12))))))))))), "")
A17: =IF(NOT(ISBLANK('CP, Curs, Sem'!B21)),'CP, Curs, Sem'!B21,"") | B17: =IF(NOT(ISBLANK('CP, Curs, Sem'!C21)),'CP, Curs, Sem'!C21,"") | J17: =IF(NOT(ISBLANK('CP, Curs, Sem'!C21)),ROUND(SUM(C17:I17),0),"") | K17: =IF(NOT(ISBLANK('CP, Curs, Sem'!C21)), IF(J17=0,"n/p",IF(AND(J17>=$L$3,J17<=$M$3),$N$3, IF(AND(J17>=$L$4,J17<=$M$4),$N$4, IF(AND(J17>=$L$5,J17<=$M$5),$N$5, IF(AND(J17>=$L$6,J17<=$M$6),$N$6, IF(AND(J17>=$L$7,J17<=$M$7),$N$7, IF(AND(J17>=$L$8,J17<=$M$8),$N$8, IF(AND(J17>=$L$9,J17<=$M$9),$N$9, IF(AND(J17>=$L$10,J17<=$M$10),$N$10, IF(AND(J17>=$L$11,J17<=$M$11),$N$11, IF(AND(J17>=$L$12,J17<=$M$12),$N$12))))))))))), "")
A18: =IF(NOT(ISBLANK('CP, Curs, Sem'!B22)),'CP, Curs, Sem'!B22,"") | B18: =IF(NOT(ISBLANK('CP, Curs, Sem'!C22)),'CP, Curs, Sem'!C22,"") | J18: =IF(NOT(ISBLANK('CP, Curs, Sem'!C22)),ROUND(SUM(C18:I18),0),"") | K18: =IF(NOT(ISBLANK('CP, Curs, Sem'!C22)), IF(J18=0,"n/p",IF(AND(J18>=$L$3,J18<=$M$3),$N$3, IF(AND(J18>=$L$4,J18<=$M$4),$N$4, IF(AND(J18>=$L$5,J18<=$M$5),$N$5, IF(AND(J18>=$L$6,J18<=$M$6),$N$6, IF(AND(J18>=$L$7,J18<=$M$7),$N$7, IF(AND(J18>=$L$8,J18<=$M$8),$N$8, IF(AND(J18>=$L$9,J18<=$M$9),$N$9, IF(AND(J18>=$L$10,J18<=$M$10),$N$10, IF(AND(J18>=$L$11,J18<=$M$11),$N$11, IF(AND(J18>=$L$12,J18<=$M$12),$N$12))))))))))), "")
A19: =IF(NOT(ISBLANK('CP, Curs, Sem'!B23)),'CP, Curs, Sem'!B23,"") | B19: =IF(NOT(ISBLANK('CP, Curs, Sem'!C23)),'CP, Curs, Sem'!C23,"") | J19: =IF(NOT(ISBLANK('CP, Curs, Sem'!C23)),ROUND(SUM(C19:I19),0),"") | K19: =IF(NOT(ISBLANK('CP, Curs, Sem'!C23)), IF(J19=0,"n/p",IF(AND(J19>=$L$3,J19<=$M$3),$N$3, IF(AND(J19>=$L$4,J19<=$M$4),$N$4, IF(AND(J19>=$L$5,J19<=$M$5),$N$5, IF(AND(J19>=$L$6,J19<=$M$6),$N$6, IF(AND(J19>=$L$7,J19<=$M$7),$N$7, IF(AND(J19>=$L$8,J19<=$M$8),$N$8, IF(AND(J19>=$L$9,J19<=$M$9),$N$9, IF(AND(J19>=$L$10,J19<=$M$10),$N$10, IF(AND(J19>=$L$11,J19<=$M$11),$N$11, IF(AND(J19>=$L$12,J19<=$M$12),$N$12))))))))))), "")
A20: =IF(NOT(ISBLANK('CP, Curs, Sem'!B24)),'CP, Curs, Sem'!B24,"") | B20: =IF(NOT(ISBLANK('CP, Curs, Sem'!C24)),'CP, Curs, Sem'!C24,"") | J20: =IF(NOT(ISBLANK('CP, Curs, Sem'!C24)),ROUND(SUM(C20:I20),0),"") | K20: =IF(NOT(ISBLANK('CP, Curs, Sem'!C24)), IF(J20=0,"n/p",IF(AND(J20>=$L$3,J20<=$M$3),$N$3, IF(AND(J20>=$L$4,J20<=$M$4),$N$4, IF(AND(J20>=$L$5,J20<=$M$5),$N$5, IF(AND(J20>=$L$6,J20<=$M$6),$N$6, IF(AND(J20>=$L$7,J20<=$M$7),$N$7, IF(AND(J20>=$L$8,J20<=$M$8),$N$8, IF(AND(J20>=$L$9,J20<=$M$9),$N$9, IF(AND(J20>=$L$10,J20<=$M$10),$N$10, IF(AND(J20>=$L$11,J20<=$M$11),$N$11, IF(AND(J20>=$L$12,J20<=$M$12),$N$12))))))))))), "")
A21: =IF(NOT(ISBLANK('CP, Curs, Sem'!B25)),'CP, Curs, Sem'!B25,"") | B21: =IF(NOT(ISBLANK('CP, Curs, Sem'!C25)),'CP, Curs, Sem'!C25,"") | J21: =IF(NOT(ISBLANK('CP, Curs, Sem'!C25)),ROUND(SUM(C21:I21),0),"") | K21: =IF(NOT(ISBLANK('CP, Curs, Sem'!C25)), IF(J21=0,"n/p",IF(AND(J21>=$L$3,J21<=$M$3),$N$3, IF(AND(J21>=$L$4,J21<=$M$4),$N$4, IF(AND(J21>=$L$5,J21<=$M$5),$N$5, IF(AND(J21>=$L$6,J21<=$M$6),$N$6, IF(AND(J21>=$L$7,J21<=$M$7),$N$7, IF(AND(J21>=$L$8,J21<=$M$8),$N$8, IF(AND(J21>=$L$9,J21<=$M$9),$N$9, IF(AND(J21>=$L$10,J21<=$M$10),$N$10, IF(AND(J21>=$L$11,J21<=$M$11),$N$11, IF(AND(J21>=$L$12,J21<=$M$12),$N$12))))))))))), "")
A22: =IF(NOT(ISBLANK('CP, Curs, Sem'!B26)),'CP, Curs, Sem'!B26,"") | B22: =IF(NOT(ISBLANK('CP, Curs, Sem'!C26)),'CP, Curs, Sem'!C26,"") | J22: =IF(NOT(ISBLANK('CP, Curs, Sem'!C26)),ROUND(SUM(C22:I22),0),"") | K22: =IF(NOT(ISBLANK('CP, Curs, Sem'!C26)), IF(J22=0,"n/p",IF(AND(J22>=$L$3,J22<=$M$3),$N$3, IF(AND(J22>=$L$4,J22<=$M$4),$N$4, IF(AND(J22>=$L$5,J22<=$M$5),$N$5, IF(AND(J22>=$L$6,J22<=$M$6),$N$6, IF(AND(J22>=$L$7,J22<=$M$7),$N$7, IF(AND(J22>=$L$8,J22<=$M$8),$N$8, IF(AND(J22>=$L$9,J22<=$M$9),$N$9, IF(AND(J22>=$L$10,J22<=$M$10),$N$10, IF(AND(J22>=$L$11,J22<=$M$11),$N$11, IF(AND(J22>=$L$12,J22<=$M$12),$N$12))))))))))), "")
A23: =IF(NOT(ISBLANK('CP, Curs, Sem'!B27)),'CP, Curs, Sem'!B27,"") | B23: =IF(NOT(ISBLANK('CP, Curs, Sem'!C27)),'CP, Curs, Sem'!C27,"") | J23: =IF(NOT(ISBLANK('CP, Curs, Sem'!C27)),ROUND(SUM(C23:I23),0),"") | K23: =IF(NOT(ISBLANK('CP, Curs, Sem'!C27)), IF(J23=0,"n/p",IF(AND(J23>=$L$3,J23<=$M$3),$N$3, IF(AND(J23>=$L$4,J23<=$M$4),$N$4, IF(AND(J23>=$L$5,J23<=$M$5),$N$5, IF(AND(J23>=$L$6,J23<=$M$6),$N$6, IF(AND(J23>=$L$7,J23<=$M$7),$N$7, IF(AND(J23>=$L$8,J23<=$M$8),$N$8, IF(AND(J23>=$L$9,J23<=$M$9),$N$9, IF(AND(J23>=$L$10,J23<=$M$10),$N$10, IF(AND(J23>=$L$11,J23<=$M$11),$N$11, IF(AND(J23>=$L$12,J23<=$M$12),$N$12))))))))))), "")
A24: =IF(NOT(ISBLANK('CP, Curs, Sem'!B28)),'CP, Curs, Sem'!B28,"") | B24: =IF(NOT(ISBLANK('CP, Curs, Sem'!C28)),'CP, Curs, Sem'!C28,"") | J24: =IF(NOT(ISBLANK('CP, Curs, Sem'!C28)),ROUND(SUM(C24:I24),0),"") | K24: =IF(NOT(ISBLANK('CP, Curs, Sem'!C28)), IF(J24=0,"n/p",IF(AND(J24>=$L$3,J24<=$M$3),$N$3, IF(AND(J24>=$L$4,J24<=$M$4),$N$4, IF(AND(J24>=$L$5,J24<=$M$5),$N$5, IF(AND(J24>=$L$6,J24<=$M$6),$N$6, IF(AND(J24>=$L$7,J24<=$M$7),$N$7, IF(AND(J24>=$L$8,J24<=$M$8),$N$8, IF(AND(J24>=$L$9,J24<=$M$9),$N$9, IF(AND(J24>=$L$10,J24<=$M$10),$N$10, IF(AND(J24>=$L$11,J24<=$M$11),$N$11, IF(AND(J24>=$L$12,J24<=$M$12),$N$12))))))))))), "")
A25: =IF(NOT(ISBLANK('CP, Curs, Sem'!B29)),'CP, Curs, Sem'!B29,"") | B25: =IF(NOT(ISBLANK('CP, Curs, Sem'!C29)),'CP, Curs, Sem'!C29,"") | J25: =IF(NOT(ISBLANK('CP, Curs, Sem'!C29)),ROUND(SUM(C25:I25),0),"") | K25: =IF(NOT(ISBLANK('CP, Curs, Sem'!C29)), IF(J25=0,"n/p",IF(AND(J25>=$L$3,J25<=$M$3),$N$3, IF(AND(J25>=$L$4,J25<=$M$4),$N$4, IF(AND(J25>=$L$5,J25<=$M$5),$N$5, IF(AND(J25>=$L$6,J25<=$M$6),$N$6, IF(AND(J25>=$L$7,J25<=$M$7),$N$7, IF(AND(J25>=$L$8,J25<=$M$8),$N$8, IF(AND(J25>=$L$9,J25<=$M$9),$N$9, IF(AND(J25>=$L$10,J25<=$M$10),$N$10, IF(AND(J25>=$L$11,J25<=$M$11),$N$11, IF(AND(J25>=$L$12,J25<=$M$12),$N$12))))))))))), "")
... A101: =IF(NOT(ISBLANK('CP, Curs, Sem'!B105)),'CP, Curs, Sem'!B105,"") | B101: =IF(NOT(ISBLANK('CP, Curs, Sem'!C105)),'CP, Curs, Sem'!C105,"") | J101: =IF(NOT(ISBLANK('CP, Curs, Sem'!C105)),ROUND(SUM(C101:I101),0),"") | K101: =IF(NOT(ISBLANK('CP, Curs, Sem'!C105)), IF(J101=0,"n/p",IF(AND(J101>=$L$3,J101<=$M$3),$N$3, IF(AND(J101>=$L$4,J101<=$M$4),$N$4, IF(AND(J101>=$L$5,J101<=$M$5),$N$5, IF(AND(J101>=$L$6,J101<=$M$6),$N$6, IF(AND(J101>=$L$7,J101<=$M$7),$N$7, IF(AND(J101>=$L$8,J101<=$M$8),$N$8, IF(AND(J101>=$L$9,J101<=$M$9),$N$9, IF(AND(J101>=$L$10,J101<=$M$10),$N$10, IF(AND(J101>=$L$11,J101<=$M$11),$N$11, IF(AND(J101>=$L$12,J101<=$M$12),$N$12))))))))))), "")

Sheet Atest. Nr.2
A1: Nr. | B1: Nume, Prenume | C1: 1_x000D_ 2 p | D1: 2 3 p | E1: 3 2 p | F1: 4 3 p | G1: Supl +pct | H1: Pctj Total | I1: Nota | J1: Baremul de evaluare | M1: Statistica
A2: =IF(NOT(ISBLANK('CP, Curs, Sem'!B6)),'CP, Curs, Sem'!B6,"") -> 1 | B2: =IF(NOT(ISBLANK('CP, Curs, Sem'!C6)),'CP, Curs, Sem'!C6,"") -> Nume, Prenume | H2: =IF(NOT(ISBLANK('CP, Curs, Sem'!C6)),ROUND(SUM(C2:G2),0),"") -> 0 | I2: =IF(NOT(ISBLANK('CP, Curs, Sem'!C6)), IF(H2=0,"n/p", IF(AND(H2>=$J$3,H2<=$K$3),$L$3, IF(AND(H2>=$J$4,H2<=$K$4),$L$4, IF(AND(H2>=$J$5,H2<=$K$5),$L$5, IF(AND(H2>=$J$6,H2<=$K$6),$L$6, IF(AND(H2>=$J$7,H2<=$K$7),$L$7, IF(AND(H2>=$J$8,H2<=$K$8),$L$8, IF(AND(H2>=$J$9,H2<=$K$9),$L$9, IF(AND(H2>=$J$10,H2<=$K$10),$L$10, IF(AND(H2>=$J$11,H2<=$K$11),$L$11, IF(AND(H2>=$J$12,H2<=$K$12),$L$12))))))))))), "") -> n/p | J2: Punctajul acumulat | L2: Nota | M2: Nota | N2: Nr de note
A3: =IF(NOT(ISBLANK('CP, Curs, Sem'!B7)),'CP, Curs, Sem'!B7,"") | B3: =IF(NOT(ISBLANK('CP, Curs, Sem'!C7)),'CP, Curs, Sem'!C7,"") | H3: =IF(NOT(ISBLANK('CP, Curs, Sem'!C7)),ROUND(SUM(C3:G3),0),"") | I3: =IF(NOT(ISBLANK('CP, Curs, Sem'!C7)), IF(H3=0,"n/p", IF(AND(H3>=$J$3,H3<=$K$3),$L$3, IF(AND(H3>=$J$4,H3<=$K$4),$L$4, IF(AND(H3>=$J$5,H3<=$K$5),$L$5, IF(AND(H3>=$J$6,H3<=$K$6),$L$6, IF(AND(H3>=$J$7,H3<=$K$7),$L$7, IF(AND(H3>=$J$8,H3<=$K$8),$L$8, IF(AND(H3>=$J$9,H3<=$K$9),$L$9, IF(AND(H3>=$J$10,H3<=$K$10),$L$10, IF(AND(H3>=$J$11,H3<=$K$11),$L$11, IF(AND(H3>=$J$12,H3<=$K$12),$L$12))))))))))), "") | J3: 0 | K3: 1.5 | L3: 1 | M3: 1 | N3: =COUNTIF($I$2:$I$101,M3) -> 0
A4: =IF(NOT(ISBLANK('CP, Curs, Sem'!B8)),'CP, Curs, Sem'!B8,"") | B4: =IF(NOT(ISBLANK('CP, Curs, Sem'!C8)),'CP, Curs, Sem'!C8,"") | H4: =IF(NOT(ISBLANK('CP, Curs, Sem'!C8)),ROUND(SUM(C4:G4),0),"") | I4: =IF(NOT(ISBLANK('CP, Curs, Sem'!C8)), IF(H4=0,"n/p", IF(AND(H4>=$J$3,H4<=$K$3),$L$3, IF(AND(H4>=$J$4,H4<=$K$4),$L$4, IF(AND(H4>=$J$5,H4<=$K$5),$L$5, IF(AND(H4>=$J$6,H4<=$K$6),$L$6, IF(AND(H4>=$J$7,H4<=$K$7),$L$7, IF(AND(H4>=$J$8,H4<=$K$8),$L$8, IF(AND(H4>=$J$9,H4<=$K$9),$L$9, IF(AND(H4>=$J$10,H4<=$K$10),$L$10, IF(AND(H4>=$J$11,H4<=$K$11),$L$11, IF(AND(H4>=$J$12,H4<=$K$12),$L$12))))))))))), "") | J4: 1.5 | K4: 2.5 | L4: 2 | M4: 2 | N4: =COUNTIF($I$2:$I$101,M4) -> 0
A5: =IF(NOT(ISBLANK('CP, Curs, Sem'!B9)),'CP, Curs, Sem'!B9,"") | B5: =IF(NOT(ISBLANK('CP, Curs, Sem'!C9)),'CP, Curs, Sem'!C9,"") | H5: =IF(NOT(ISBLANK('CP, Curs, Sem'!C9)),ROUND(SUM(C5:G5),0),"") | I5: =IF(NOT(ISBLANK('CP, Curs, Sem'!C9)), IF(H5=0,"n/p", IF(AND(H5>=$J$3,H5<=$K$3),$L$3, IF(AND(H5>=$J$4,H5<=$K$4),$L$4, IF(AND(H5>=$J$5,H5<=$K$5),$L$5, IF(AND(H5>=$J$6,H5<=$K$6),$L$6, IF(AND(H5>=$J$7,H5<=$K$7),$L$7, IF(AND(H5>=$J$8,H5<=$K$8),$L$8, IF(AND(H5>=$J$9,H5<=$K$9),$L$9, IF(AND(H5>=$J$10,H5<=$K$10),$L$10, IF(AND(H5>=$J$11,H5<=$K$11),$L$11, IF(AND(H5>=$J$12,H5<=$K$12),$L$12))))))))))), "") | J5: 2.5 | K5: 3.5 | L5: 3 | M5: 3 | N5: =COUNTIF($I$2:$I$101,M5) -> 0
A6: =IF(NOT(ISBLANK('CP, Curs, Sem'!B10)),'CP, Curs, Sem'!B10,"") | B6: =IF(NOT(ISBLANK('CP, Curs, Sem'!C10)),'CP, Curs, Sem'!C10,"") | H6: =IF(NOT(ISBLANK('CP, Curs, Sem'!C10)),ROUND(SUM(C6:G6),0),"") | I6: =IF(NOT(ISBLANK('CP, Curs, Sem'!C10)), IF(H6=0,"n/p", IF(AND(H6>=$J$3,H6<=$K$3),$L$3, IF(AND(H6>=$J$4,H6<=$K$4),$L$4, IF(AND(H6>=$J$5,H6<=$K$5),$L$5, IF(AND(H6>=$J$6,H6<=$K$6),$L$6, IF(AND(H6>=$J$7,H6<=$K$7),$L$7, IF(AND(H6>=$J$8,H6<=$K$8),$L$8, IF(AND(H6>=$J$9,H6<=$K$9),$L$9, IF(AND(H6>=$J$10,H6<=$K$10),$L$10, IF(AND(H6>=$J$11,H6<=$K$11),$L$11, IF(AND(H6>=$J$12,H6<=$K$12),$L$12))))))))))), "") | J6: 3.5 | K6: 4.5 | L6: 4 | M6: 4 | N6: =COUNTIF($I$2:$I$101,M6) -> 0
A7: =IF(NOT(ISBLANK('CP, Curs, Sem'!B11)),'CP, Curs, Sem'!B11,"") | B7: =IF(NOT(ISBLANK('CP, Curs, Sem'!C11)),'CP, Curs, Sem'!C11,"") | H7: =IF(NOT(ISBLANK('CP, Curs, Sem'!C11)),ROUND(SUM(C7:G7),0),"") | I7: =IF(NOT(ISBLANK('CP, Curs, Sem'!C11)), IF(H7=0,"n/p", IF(AND(H7>=$J$3,H7<=$K$3),$L$3, IF(AND(H7>=$J$4,H7<=$K$4),$L$4, IF(AND(H7>=$J$5,H7<=$K$5),$L$5, IF(AND(H7>=$J$6,H7<=$K$6),$L$6, IF(AND(H7>=$J$7,H7<=$K$7),$L$7, IF(AND(H7>=$J$8,H7<=$K$8),$L$8, IF(AND(H7>=$J$9,H7<=$K$9),$L$9, IF(AND(H7>=$J$10,H7<=$K$10),$L$10, IF(AND(H7>=$J$11,H7<=$K$11),$L$11, IF(AND(H7>=$J$12,H7<=$K$12),$L$12))))))))))), "") | J7: 4.5 | K7: 5.5 | L7: 5 | M7: 5 | N7: =COUNTIF($I$2:$I$101,M7) -> 0
A8: =IF(NOT(ISBLANK('CP, Curs, Sem'!B12)),'CP, Curs, Sem'!B12,"") | B8: =IF(NOT(ISBLANK('CP, Curs, Sem'!C12)),'CP, Curs, Sem'!C12,"") | H8: =IF(NOT(ISBLANK('CP, Curs, Sem'!C12)),ROUND(SUM(C8:G8),0),"") | I8: =IF(NOT(ISBLANK('CP, Curs, Sem'!C12)), IF(H8=0,"n/p", IF(AND(H8>=$J$3,H8<=$K$3),$L$3, IF(AND(H8>=$J$4,H8<=$K$4),$L$4, IF(AND(H8>=$J$5,H8<=$K$5),$L$5, IF(AND(H8>=$J$6,H8<=$K$6),$L$6, IF(AND(H8>=$J$7,H8<=$K$7),$L$7, IF(AND(H8>=$J$8,H8<=$K$8),$L$8, IF(AND(H8>=$J$9,H8<=$K$9),$L$9, IF(AND(H8>=$J$10,H8<=$K$10),$L$10, IF(AND(H8>=$J$11,H8<=$K$11),$L$11, IF(AND(H8>=$J$12,H8<=$K$12),$L$12))))))))))), "") | J8: 5.5 | K8: 6.5 | L8: 6 | M8: 6 | N8: =COUNTIF($I$2:$I$101,M8) -> 0
A9: =IF(NOT(ISBLANK('CP, Curs, Sem'!B13)),'CP, Curs, Sem'!B13,"") | B9: =IF(NOT(ISBLANK('CP, Curs, Sem'!C13)),'CP, Curs, Sem'!C13,"") | H9: =IF(NOT(ISBLANK('CP, Curs, Sem'!C13)),ROUND(SUM(C9:G9),0),"") | I9: =IF(NOT(ISBLANK('CP, Curs, Sem'!C13)), IF(H9=0,"n/p", IF(AND(H9>=$J$3,H9<=$K$3),$L$3, IF(AND(H9>=$J$4,H9<=$K$4),$L$4, IF(AND(H9>=$J$5,H9<=$K$5),$L$5, IF(AND(H9>=$J$6,H9<=$K$6),$L$6, IF(AND(H9>=$J$7,H9<=$K$7),$L$7, IF(AND(H9>=$J$8,H9<=$K$8),$L$8, IF(AND(H9>=$J$9,H9<=$K$9),$L$9, IF(AND(H9>=$J$10,H9<=$K$10),$L$10, IF(AND(H9>=$J$11,H9<=$K$11),$L$11, IF(AND(H9>=$J$12,H9<=$K$12),$L$12))))))))))), "") | J9: 6.5 | K9: 7.5 | L9: 7 | M9: 7 | N9: =COUNTIF($I$2:$I$101,M9) -> 0
A10: =IF(NOT(ISBLANK('CP, Curs, Sem'!B14)),'CP, Curs, Sem'!B14,"") | B10: =IF(NOT(ISBLANK('CP, Curs, Sem'!C14)),'CP, Curs, Sem'!C14,"") | H10: =IF(NOT(ISBLANK('CP, Curs, Sem'!C14)),ROUND(SUM(C10:G10),0),"") | I10: =IF(NOT(ISBLANK('CP, Curs, Sem'!C14)), IF(H10=0,"n/p", IF(AND(H10>=$J$3,H10<=$K$3),$L$3, IF(AND(H10>=$J$4,H10<=$K$4),$L$4, IF(AND(H10>=$J$5,H10<=$K$5),$L$5, IF(AND(H10>=$J$6,H10<=$K$6),$L$6, IF(AND(H10>=$J$7,H10<=$K$7),$L$7, IF(AND(H10>=$J$8,H10<=$K$8),$L$8, IF(AND(H10>=$J$9,H10<=$K$9),$L$9, IF(AND(H10>=$J$10,H10<=$K$10),$L$10, IF(AND(H10>=$J$11,H10<=$K$11),$L$11, IF(AND(H10>=$J$12,H10<=$K$12),$L$12))))))))))), "") | J10: 7.5 | K10: 8.5 | L10: 8 | M10: 8 | N10: =COUNTIF($I$2:$I$101,M10) -> 0
A11: =IF(NOT(ISBLANK('CP, Curs, Sem'!B15)),'CP, Curs, Sem'!B15,"") | B11: =IF(NOT(ISBLANK('CP, Curs, Sem'!C15)),'CP, Curs, Sem'!C15,"") | H11: =IF(NOT(ISBLANK('CP, Curs, Sem'!C15)),ROUND(SUM(C11:G11),0),"") | I11: =IF(NOT(ISBLANK('CP, Curs, Sem'!C15)), IF(H11=0,"n/p", IF(AND(H11>=$J$3,H11<=$K$3),$L$3, IF(AND(H11>=$J$4,H11<=$K$4),$L$4, IF(AND(H11>=$J$5,H11<=$K$5),$L$5, IF(AND(H11>=$J$6,H11<=$K$6),$L$6, IF(AND(H11>=$J$7,H11<=$K$7),$L$7, IF(AND(H11>=$J$8,H11<=$K$8),$L$8, IF(AND(H11>=$J$9,H11<=$K$9),$L$9, IF(AND(H11>=$J$10,H11<=$K$10),$L$10, IF(AND(H11>=$J$11,H11<=$K$11),$L$11, IF(AND(H11>=$J$12,H11<=$K$12),$L$12))))))))))), "") | J11: 8.5 | K11: 9.5 | L11: 9 | M11: 9 | N11: =COUNTIF($I$2:$I$101,M11) -> 0
A12: =IF(NOT(ISBLANK('CP, Curs, Sem'!B16)),'CP, Curs, Sem'!B16,"") | B12: =IF(NOT(ISBLANK('CP, Curs, Sem'!C16)),'CP, Curs, Sem'!C16,"") | H12: =IF(NOT(ISBLANK('CP, Curs, Sem'!C16)),ROUND(SUM(C12:G12),0),"") | I12: =IF(NOT(ISBLANK('CP, Curs, Sem'!C16)), IF(H12=0,"n/p", IF(AND(H12>=$J$3,H12<=$K$3),$L$3, IF(AND(H12>=$J$4,H12<=$K$4),$L$4, IF(AND(H12>=$J$5,H12<=$K$5),$L$5, IF(AND(H12>=$J$6,H12<=$K$6),$L$6, IF(AND(H12>=$J$7,H12<=$K$7),$L$7, IF(AND(H12>=$J$8,H12<=$K$8),$L$8, IF(AND(H12>=$J$9,H12<=$K$9),$L$9, IF(AND(H12>=$J$10,H12<=$K$10),$L$10, IF(AND(H12>=$J$11,H12<=$K$11),$L$11, IF(AND(H12>=$J$12,H12<=$K$12),$L$12))))))))))), "") | J12: 9.5 | K12: 10 | L12: 10 | M12: 10 | N12: =COUNTIF($I$2:$I$101,M12) -> 0
A13: =IF(NOT(ISBLANK('CP, Curs, Sem'!B17)),'CP, Curs, Sem'!B17,"") | B13: =IF(NOT(ISBLANK('CP, Curs, Sem'!C17)),'CP, Curs, Sem'!C17,"") | H13: =IF(NOT(ISBLANK('CP, Curs, Sem'!C17)),ROUND(SUM(C13:G13),0),"") | I13: =IF(NOT(ISBLANK('CP, Curs, Sem'!C17)), IF(H13=0,"n/p", IF(AND(H13>=$J$3,H13<=$K$3),$L$3, IF(AND(H13>=$J$4,H13<=$K$4),$L$4, IF(AND(H13>=$J$5,H13<=$K$5),$L$5, IF(AND(H13>=$J$6,H13<=$K$6),$L$6, IF(AND(H13>=$J$7,H13<=$K$7),$L$7, IF(AND(H13>=$J$8,H13<=$K$8),$L$8, IF(AND(H13>=$J$9,H13<=$K$9),$L$9, IF(AND(H13>=$J$10,H13<=$K$10),$L$10, IF(AND(H13>=$J$11,H13<=$K$11),$L$11, IF(AND(H13>=$J$12,H13<=$K$12),$L$12))))))))))), "") | M13: n/p | N13: =COUNTIF($I$2:$I$101,M13) -> 1
A14: =IF(NOT(ISBLANK('CP, Curs, Sem'!B18)),'CP, Curs, Sem'!B18,"") | B14: =IF(NOT(ISBLANK('CP, Curs, Sem'!C18)),'CP, Curs, Sem'!C18,"") | H14: =IF(NOT(ISBLANK('CP, Curs, Sem'!C18)),ROUND(SUM(C14:G14),0),"") | I14: =IF(NOT(ISBLANK('CP, Curs, Sem'!C18)), IF(H14=0,"n/p", IF(AND(H14>=$J$3,H14<=$K$3),$L$3, IF(AND(H14>=$J$4,H14<=$K$4),$L$4, IF(AND(H14>=$J$5,H14<=$K$5),$L$5, IF(AND(H14>=$J$6,H14<=$K$6),$L$6, IF(AND(H14>=$J$7,H14<=$K$7),$L$7, IF(AND(H14>=$J$8,H14<=$K$8),$L$8, IF(AND(H14>=$J$9,H14<=$K$9),$L$9, IF(AND(H14>=$J$10,H14<=$K$10),$L$10, IF(AND(H14>=$J$11,H14<=$K$11),$L$11, IF(AND(H14>=$J$12,H14<=$K$12),$L$12))))))))))), "")
A15: =IF(NOT(ISBLANK('CP, Curs, Sem'!B19)),'CP, Curs, Sem'!B19,"") | B15: =IF(NOT(ISBLANK('CP, Curs, Sem'!C19)),'CP, Curs, Sem'!C19,"") | H15: =IF(NOT(ISBLANK('CP, Curs, Sem'!C19)),ROUND(SUM(C15:G15),0),"") | I15: =IF(NOT(ISBLANK('CP, Curs, Sem'!C19)), IF(H15=0,"n/p", IF(AND(H15>=$J$3,H15<=$K$3),$L$3, IF(AND(H15>=$J$4,H15<=$K$4),$L$4, IF(AND(H15>=$J$5,H15<=$K$5),$L$5, IF(AND(H15>=$J$6,H15<=$K$6),$L$6, IF(AND(H15>=$J$7,H15<=$K$7),$L$7, IF(AND(H15>=$J$8,H15<=$K$8),$L$8, IF(AND(H15>=$J$9,H15<=$K$9),$L$9, IF(AND(H15>=$J$10,H15<=$K$10),$L$10, IF(AND(H15>=$J$11,H15<=$K$11),$L$11, IF(AND(H15>=$J$12,H15<=$K$12),$L$12))))))))))), "")
A16: =IF(NOT(ISBLANK('CP, Curs, Sem'!B20)),'CP, Curs, Sem'!B20,"") | B16: =IF(NOT(ISBLANK('CP, Curs, Sem'!C20)),'CP, Curs, Sem'!C20,"") | H16: =IF(NOT(ISBLANK('CP, Curs, Sem'!C20)),ROUND(SUM(C16:G16),0),"") | I16: =IF(NOT(ISBLANK('CP, Curs, Sem'!C20)), IF(H16=0,"n/p", IF(AND(H16>=$J$3,H16<=$K$3),$L$3, IF(AND(H16>=$J$4,H16<=$K$4),$L$4, IF(AND(H16>=$J$5,H16<=$K$5),$L$5, IF(AND(H16>=$J$6,H16<=$K$6),$L$6, IF(AND(H16>=$J$7,H16<=$K$7),$L$7, IF(AND(H16>=$J$8,H16<=$K$8),$L$8, IF(AND(H16>=$J$9,H16<=$K$9),$L$9, IF(AND(H16>=$J$10,H16<=$K$10),$L$10, IF(AND(H16>=$J$11,H16<=$K$11),$L$11, IF(AND(H16>=$J$12,H16<=$K$12),$L$12))))))))))), "")
A17: =IF(NOT(ISBLANK('CP, Curs, Sem'!B21)),'CP, Curs, Sem'!B21,"") | B17: =IF(NOT(ISBLANK('CP, Curs, Sem'!C21)),'CP, Curs, Sem'!C21,"") | H17: =IF(NOT(ISBLANK('CP, Curs, Sem'!C21)),ROUND(SUM(C17:G17),0),"") | I17: =IF(NOT(ISBLANK('CP, Curs, Sem'!C21)), IF(H17=0,"n/p", IF(AND(H17>=$J$3,H17<=$K$3),$L$3, IF(AND(H17>=$J$4,H17<=$K$4),$L$4, IF(AND(H17>=$J$5,H17<=$K$5),$L$5, IF(AND(H17>=$J$6,H17<=$K$6),$L$6, IF(AND(H17>=$J$7,H17<=$K$7),$L$7, IF(AND(H17>=$J$8,H17<=$K$8),$L$8, IF(AND(H17>=$J$9,H17<=$K$9),$L$9, IF(AND(H17>=$J$10,H17<=$K$10),$L$10, IF(AND(H17>=$J$11,H17<=$K$11),$L$11, IF(AND(H17>=$J$12,H17<=$K$12),$L$12))))))))))), "")
A18: =IF(NOT(ISBLANK('CP, Curs, Sem'!B22)),'CP, Curs, Sem'!B22,"") | B18: =IF(NOT(ISBLANK('CP, Curs, Sem'!C22)),'CP, Curs, Sem'!C22,"") | H18: =IF(NOT(ISBLANK('CP, Curs, Sem'!C22)),ROUND(SUM(C18:G18),0),"") | I18: =IF(NOT(ISBLANK('CP, Curs, Sem'!C22)), IF(H18=0,"n/p", IF(AND(H18>=$J$3,H18<=$K$3),$L$3, IF(AND(H18>=$J$4,H18<=$K$4),$L$4, IF(AND(H18>=$J$5,H18<=$K$5),$L$5, IF(AND(H18>=$J$6,H18<=$K$6),$L$6, IF(AND(H18>=$J$7,H18<=$K$7),$L$7, IF(AND(H18>=$J$8,H18<=$K$8),$L$8, IF(AND(H18>=$J$9,H18<=$K$9),$L$9, IF(AND(H18>=$J$10,H18<=$K$10),$L$10, IF(AND(H18>=$J$11,H18<=$K$11),$L$11, IF(AND(H18>=$J$12,H18<=$K$12),$L$12))))))))))), "")
A19: =IF(NOT(ISBLANK('CP, Curs, Sem'!B23)),'CP, Curs, Sem'!B23,"") | B19: =IF(NOT(ISBLANK('CP, Curs, Sem'!C23)),'CP, Curs, Sem'!C23,"") | H19: =IF(NOT(ISBLANK('CP, Curs, Sem'!C23)),ROUND(SUM(C19:G19),0),"") | I19: =IF(NOT(ISBLANK('CP, Curs, Sem'!C23)), IF(H19=0,"n/p", IF(AND(H19>=$J$3,H19<=$K$3),$L$3, IF(AND(H19>=$J$4,H19<=$K$4),$L$4, IF(AND(H19>=$J$5,H19<=$K$5),$L$5, IF(AND(H19>=$J$6,H19<=$K$6),$L$6, IF(AND(H19>=$J$7,H19<=$K$7),$L$7, IF(AND(H19>=$J$8,H19<=$K$8),$L$8, IF(AND(H19>=$J$9,H19<=$K$9),$L$9, IF(AND(H19>=$J$10,H19<=$K$10),$L$10, IF(AND(H19>=$J$11,H19<=$K$11),$L$11, IF(AND(H19>=$J$12,H19<=$K$12),$L$12))))))))))), "")
A20: =IF(NOT(ISBLANK('CP, Curs, Sem'!B24)),'CP, Curs, Sem'!B24,"") | B20: =IF(NOT(ISBLANK('CP, Curs, Sem'!C24)),'CP, Curs, Sem'!C24,"") | H20: =IF(NOT(ISBLANK('CP, Curs, Sem'!C24)),ROUND(SUM(C20:G20),0),"") | I20: =IF(NOT(ISBLANK('CP, Curs, Sem'!C24)), IF(H20=0,"n/p", IF(AND(H20>=$J$3,H20<=$K$3),$L$3, IF(AND(H20>=$J$4,H20<=$K$4),$L$4, IF(AND(H20>=$J$5,H20<=$K$5),$L$5, IF(AND(H20>=$J$6,H20<=$K$6),$L$6, IF(AND(H20>=$J$7,H20<=$K$7),$L$7, IF(AND(H20>=$J$8,H20<=$K$8),$L$8, IF(AND(H20>=$J$9,H20<=$K$9),$L$9, IF(AND(H20>=$J$10,H20<=$K$10),$L$10, IF(AND(H20>=$J$11,H20<=$K$11),$L$11, IF(AND(H20>=$J$12,H20<=$K$12),$L$12))))))))))), "")
A21: =IF(NOT(ISBLANK('CP, Curs, Sem'!B25)),'CP, Curs, Sem'!B25,"") | B21: =IF(NOT(ISBLANK('CP, Curs, Sem'!C25)),'CP, Curs, Sem'!C25,"") | H21: =IF(NOT(ISBLANK('CP, Curs, Sem'!C25)),ROUND(SUM(C21:G21),0),"") | I21: =IF(NOT(ISBLANK('CP, Curs, Sem'!C25)), IF(H21=0,"n/p", IF(AND(H21>=$J$3,H21<=$K$3),$L$3, IF(AND(H21>=$J$4,H21<=$K$4),$L$4, IF(AND(H21>=$J$5,H21<=$K$5),$L$5, IF(AND(H21>=$J$6,H21<=$K$6),$L$6, IF(AND(H21>=$J$7,H21<=$K$7),$L$7, IF(AND(H21>=$J$8,H21<=$K$8),$L$8, IF(AND(H21>=$J$9,H21<=$K$9),$L$9, IF(AND(H21>=$J$10,H21<=$K$10),$L$10, IF(AND(H21>=$J$11,H21<=$K$11),$L$11, IF(AND(H21>=$J$12,H21<=$K$12),$L$12))))))))))), "")
A22: =IF(NOT(ISBLANK('CP, Curs, Sem'!B26)),'CP, Curs, Sem'!B26,"") | B22: =IF(NOT(ISBLANK('CP, Curs, Sem'!C26)),'CP, Curs, Sem'!C26,"") | H22: =IF(NOT(ISBLANK('CP, Curs, Sem'!C26)),ROUND(SUM(C22:G22),0),"") | I22: =IF(NOT(ISBLANK('CP, Curs, Sem'!C26)), IF(H22=0,"n/p", IF(AND(H22>=$J$3,H22<=$K$3),$L$3, IF(AND(H22>=$J$4,H22<=$K$4),$L$4, IF(AND(H22>=$J$5,H22<=$K$5),$L$5, IF(AND(H22>=$J$6,H22<=$K$6),$L$6, IF(AND(H22>=$J$7,H22<=$K$7),$L$7, IF(AND(H22>=$J$8,H22<=$K$8),$L$8, IF(AND(H22>=$J$9,H22<=$K$9),$L$9, IF(AND(H22>=$J$10,H22<=$K$10),$L$10, IF(AND(H22>=$J$11,H22<=$K$11),$L$11, IF(AND(H22>=$J$12,H22<=$K$12),$L$12))))))))))), "")
A23: =IF(NOT(ISBLANK('CP, Curs, Sem'!B27)),'CP, Curs, Sem'!B27,"") | B23: =IF(NOT(ISBLANK('CP, Curs, Sem'!C27)),'CP, Curs, Sem'!C27,"") | H23: =IF(NOT(ISBLANK('CP, Curs, Sem'!C27)),ROUND(SUM(C23:G23),0),"") | I23: =IF(NOT(ISBLANK('CP, Curs, Sem'!C27)), IF(H23=0,"n/p", IF(AND(H23>=$J$3,H23<=$K$3),$L$3, IF(AND(H23>=$J$4,H23<=$K$4),$L$4, IF(AND(H23>=$J$5,H23<=$K$5),$L$5, IF(AND(H23>=$J$6,H23<=$K$6),$L$6, IF(AND(H23>=$J$7,H23<=$K$7),$L$7, IF(AND(H23>=$J$8,H23<=$K$8),$L$8, IF(AND(H23>=$J$9,H23<=$K$9),$L$9, IF(AND(H23>=$J$10,H23<=$K$10),$L$10, IF(AND(H23>=$J$11,H23<=$K$11),$L$11, IF(AND(H23>=$J$12,H23<=$K$12),$L$12))))))))))), "")
A24: =IF(NOT(ISBLANK('CP, Curs, Sem'!B28)),'CP, Curs, Sem'!B28,"") | B24: =IF(NOT(ISBLANK('CP, Curs, Sem'!C28)),'CP, Curs, Sem'!C28,"") | H24: =IF(NOT(ISBLANK('CP, Curs, Sem'!C28)),ROUND(SUM(C24:G24),0),"") | I24: =IF(NOT(ISBLANK('CP, Curs, Sem'!C28)), IF(H24=0,"n/p", IF(AND(H24>=$J$3,H24<=$K$3),$L$3, IF(AND(H24>=$J$4,H24<=$K$4),$L$4, IF(AND(H24>=$J$5,H24<=$K$5),$L$5, IF(AND(H24>=$J$6,H24<=$K$6),$L$6, IF(AND(H24>=$J$7,H24<=$K$7),$L$7, IF(AND(H24>=$J$8,H24<=$K$8),$L$8, IF(AND(H24>=$J$9,H24<=$K$9),$L$9, IF(AND(H24>=$J$10,H24<=$K$10),$L$10, IF(AND(H24>=$J$11,H24<=$K$11),$L$11, IF(AND(H24>=$J$12,H24<=$K$12),$L$12))))))))))), "")
A25: =IF(NOT(ISBLANK('CP, Curs, Sem'!B29)),'CP, Curs, Sem'!B29,"") | B25: =IF(NOT(ISBLANK('CP, Curs, Sem'!C29)),'CP, Curs, Sem'!C29,"") | H25: =IF(NOT(ISBLANK('CP, Curs, Sem'!C29)),ROUND(SUM(C25:G25),0),"") | I25: =IF(NOT(ISBLANK('CP, Curs, Sem'!C29)), IF(H25=0,"n/p", IF(AND(H25>=$J$3,H25<=$K$3),$L$3, IF(AND(H25>=$J$4,H25<=$K$4),$L$4, IF(AND(H25>=$J$5,H25<=$K$5),$L$5, IF(AND(H25>=$J$6,H25<=$K$6),$L$6, IF(AND(H25>=$J$7,H25<=$K$7),$L$7, IF(AND(H25>=$J$8,H25<=$K$8),$L$8, IF(AND(H25>=$J$9,H25<=$K$9),$L$9, IF(AND(H25>=$J$10,H25<=$K$10),$L$10, IF(AND(H25>=$J$11,H25<=$K$11),$L$11, IF(AND(H25>=$J$12,H25<=$K$12),$L$12))))))))))), "")
... A31: =IF(NOT(ISBLANK('CP, Curs, Sem'!B35)),'CP, Curs, Sem'!B35,"") | B31: =IF(NOT(ISBLANK('CP, Curs, Sem'!C35)),'CP, Curs, Sem'!C35,"") | H31: =IF(NOT(ISBLANK('CP, Curs, Sem'!C35)),ROUND(SUM(C31:G31),0),"") | I31: =IF(NOT(ISBLANK('CP, Curs, Sem'!C35)), IF(H31=0,"n/p", IF(AND(H31>=$J$3,H31<=$K$3),$L$3, IF(AND(H31>=$J$4,H31<=$K$4),$L$4, IF(AND(H31>=$J$5,H31<=$K$5),$L$5, IF(AND(H31>=$J$6,H31<=$K$6),$L$6, IF(AND(H31>=$J$7,H31<=$K$7),$L$7, IF(AND(H31>=$J$8,H31<=$K$8),$L$8, IF(AND(H31>=$J$9,H31<=$K$9),$L$9, IF(AND(H31>=$J$10,H31<=$K$10),$L$10, IF(AND(H31>=$J$11,H31<=$K$11),$L$11, IF(AND(H31>=$J$12,H31<=$K$12),$L$12))))))))))), "")
A32: =IF(NOT(ISBLANK('CP, Curs, Sem'!B36)),'CP, Curs, Sem'!B36,"") | B32: =IF(NOT(ISBLANK('CP, Curs, Sem'!C36)),'CP, Curs, Sem'!C36,"") | H32: =IF(NOT(ISBLANK('CP, Curs, Sem'!C36)),ROUND(SUM(C32:F32),0),"") | I32: =IF(NOT(ISBLANK('CP, Curs, Sem'!C36)), IF(H32=0,"n/p", IF(AND(H32>=$J$3,H32<=$K$3),$L$3, IF(AND(H32>=$J$4,H32<=$K$4),$L$4, IF(AND(H32>=$J$5,H32<=$K$5),$L$5, IF(AND(H32>=$J$6,H32<=$K$6),$L$6, IF(AND(H32>=$J$7,H32<=$K$7),$L$7, IF(AND(H32>=$J$8,H32<=$K$8),$L$8, IF(AND(H32>=$J$9,H32<=$K$9),$L$9, IF(AND(H32>=$J$10,H32<=$K$10),$L$10, IF(AND(H32>=$J$11,H32<=$K$11),$L$11, IF(AND(H32>=$J$12,H32<=$K$12),$L$12))))))))))), "")
A33: =IF(NOT(ISBLANK('CP, Curs, Sem'!B37)),'CP, Curs, Sem'!B37,"") | B33: =IF(NOT(ISBLANK('CP, Curs, Sem'!C37)),'CP, Curs, Sem'!C37,"") | H33: =IF(NOT(ISBLANK('CP, Curs, Sem'!C37)),ROUND(SUM(C33:F33),0),"") | I33: =IF(NOT(ISBLANK('CP, Curs, Sem'!C37)), IF(H33=0,"n/p", IF(AND(H33>=$J$3,H33<=$K$3),$L$3, IF(AND(H33>=$J$4,H33<=$K$4),$L$4, IF(AND(H33>=$J$5,H33<=$K$5),$L$5, IF(AND(H33>=$J$6,H33<=$K$6),$L$6, IF(AND(H33>=$J$7,H33<=$K$7),$L$7, IF(AND(H33>=$J$8,H33<=$K$8),$L$8, IF(AND(H33>=$J$9,H33<=$K$9),$L$9, IF(AND(H33>=$J$10,H33<=$K$10),$L$10, IF(AND(H33>=$J$11,H33<=$K$11),$L$11, IF(AND(H33>=$J$12,H33<=$K$12),$L$12))))))))))), "")
A34: =IF(NOT(ISBLANK('CP, Curs, Sem'!B38)),'CP, Curs, Sem'!B38,"") | B34: =IF(NOT(ISBLANK('CP, Curs, Sem'!C38)),'CP, Curs, Sem'!C38,"") | H34: =IF(NOT(ISBLANK('CP, Curs, Sem'!C38)),ROUND(SUM(C34:F34),0),"") | I34: =IF(NOT(ISBLANK('CP, Curs, Sem'!C38)), IF(H34=0,"n/p", IF(AND(H34>=$J$3,H34<=$K$3),$L$3, IF(AND(H34>=$J$4,H34<=$K$4),$L$4, IF(AND(H34>=$J$5,H34<=$K$5),$L$5, IF(AND(H34>=$J$6,H34<=$K$6),$L$6, IF(AND(H34>=$J$7,H34<=$K$7),$L$7, IF(AND(H34>=$J$8,H34<=$K$8),$L$8, IF(AND(H34>=$J$9,H34<=$K$9),$L$9, IF(AND(H34>=$J$10,H34<=$K$10),$L$10, IF(AND(H34>=$J$11,H34<=$K$11),$L$11, IF(AND(H34>=$J$12,H34<=$K$12),$L$12))))))))))), "")
A35: =IF(NOT(ISBLANK('CP, Curs, Sem'!B39)),'CP, Curs, Sem'!B39,"") | B35: =IF(NOT(ISBLANK('CP, Curs, Sem'!C39)),'CP, Curs, Sem'!C39,"") | H35: =IF(NOT(ISBLANK('CP, Curs, Sem'!C39)),ROUND(SUM(C35:F35),0),"") | I35: =IF(NOT(ISBLANK('CP, Curs, Sem'!C39)), IF(H35=0,"n/p", IF(AND(H35>=$J$3,H35<=$K$3),$L$3, IF(AND(H35>=$J$4,H35<=$K$4),$L$4, IF(AND(H35>=$J$5,H35<=$K$5),$L$5, IF(AND(H35>=$J$6,H35<=$K$6),$L$6, IF(AND(H35>=$J$7,H35<=$K$7),$L$7, IF(AND(H35>=$J$8,H35<=$K$8),$L$8, IF(AND(H35>=$J$9,H35<=$K$9),$L$9, IF(AND(H35>=$J$10,H35<=$K$10),$L$10, IF(AND(H35>=$J$11,H35<=$K$11),$L$11, IF(AND(H35>=$J$12,H35<=$K$12),$L$12))))))))))), "")
A36: =IF(NOT(ISBLANK('CP, Curs, Sem'!B40)),'CP, Curs, Sem'!B40,"") | B36: =IF(NOT(ISBLANK('CP, Curs, Sem'!C40)),'CP, Curs, Sem'!C40,"") | H36: =IF(NOT(ISBLANK('CP, Curs, Sem'!C40)),ROUND(SUM(C36:F36),0),"") | I36: =IF(NOT(ISBLANK('CP, Curs, Sem'!C40)), IF(H36=0,"n/p", IF(AND(H36>=$J$3,H36<=$K$3),$L$3, IF(AND(H36>=$J$4,H36<=$K$4),$L$4, IF(AND(H36>=$J$5,H36<=$K$5),$L$5, IF(AND(H36>=$J$6,H36<=$K$6),$L$6, IF(AND(H36>=$J$7,H36<=$K$7),$L$7, IF(AND(H36>=$J$8,H36<=$K$8),$L$8, IF(AND(H36>=$J$9,H36<=$K$9),$L$9, IF(AND(H36>=$J$10,H36<=$K$10),$L$10, IF(AND(H36>=$J$11,H36<=$K$11),$L$11, IF(AND(H36>=$J$12,H36<=$K$12),$L$12))))))))))), "")
A37: =IF(NOT(ISBLANK('CP, Curs, Sem'!B41)),'CP, Curs, Sem'!B41,"") | B37: =IF(NOT(ISBLANK('CP, Curs, Sem'!C41)),'CP, Curs, Sem'!C41,"") | H37: =IF(NOT(ISBLANK('CP, Curs, Sem'!C41)),ROUND(SUM(C37:F37),0),"") | I37: =IF(NOT(ISBLANK('CP, Curs, Sem'!C41)), IF(H37=0,"n/p", IF(AND(H37>=$J$3,H37<=$K$3),$L$3, IF(AND(H37>=$J$4,H37<=$K$4),$L$4, IF(AND(H37>=$J$5,H37<=$K$5),$L$5, IF(AND(H37>=$J$6,H37<=$K$6),$L$6, IF(AND(H37>=$J$7,H37<=$K$7),$L$7, IF(AND(H37>=$J$8,H37<=$K$8),$L$8, IF(AND(H37>=$J$9,H37<=$K$9),$L$9, IF(AND(H37>=$J$10,H37<=$K$10),$L$10, IF(AND(H37>=$J$11,H37<=$K$11),$L$11, IF(AND(H37>=$J$12,H37<=$K$12),$L$12))))))))))), "")
A38: =IF(NOT(ISBLANK('CP, Curs, Sem'!B42)),'CP, Curs, Sem'!B42,"") | B38: =IF(NOT(ISBLANK('CP, Curs, Sem'!C42)),'CP, Curs, Sem'!C42,"") | H38: =IF(NOT(ISBLANK('CP, Curs, Sem'!C42)),ROUND(SUM(C38:F38),0),"") | I38: =IF(NOT(ISBLANK('CP, Curs, Sem'!C42)), IF(H38=0,"n/p", IF(AND(H38>=$J$3,H38<=$K$3),$L$3, IF(AND(H38>=$J$4,H38<=$K$4),$L$4, IF(AND(H38>=$J$5,H38<=$K$5),$L$5, IF(AND(H38>=$J$6,H38<=$K$6),$L$6, IF(AND(H38>=$J$7,H38<=$K$7),$L$7, IF(AND(H38>=$J$8,H38<=$K$8),$L$8, IF(AND(H38>=$J$9,H38<=$K$9),$L$9, IF(AND(H38>=$J$10,H38<=$K$10),$L$10, IF(AND(H38>=$J$11,H38<=$K$11),$L$11, IF(AND(H38>=$J$12,H38<=$K$12),$L$12))))))))))), "")
A39: =IF(NOT(ISBLANK('CP, Curs, Sem'!B43)),'CP, Curs, Sem'!B43,"") | B39: =IF(NOT(ISBLANK('CP, Curs, Sem'!C43)),'CP, Curs, Sem'!C43,"") | H39: =IF(NOT(ISBLANK('CP, Curs, Sem'!C43)),ROUND(SUM(C39:F39),0),"") | I39: =IF(NOT(ISBLANK('CP, Curs, Sem'!C43)), IF(H39=0,"n/p", IF(AND(H39>=$J$3,H39<=$K$3),$L$3, IF(AND(H39>=$J$4,H39<=$K$4),$L$4, IF(AND(H39>=$J$5,H39<=$K$5),$L$5, IF(AND(H39>=$J$6,H39<=$K$6),$L$6, IF(AND(H39>=$J$7,H39<=$K$7),$L$7, IF(AND(H39>=$J$8,H39<=$K$8),$L$8, IF(AND(H39>=$J$9,H39<=$K$9),$L$9, IF(AND(H39>=$J$10,H39<=$K$10),$L$10, IF(AND(H39>=$J$11,H39<=$K$11),$L$11, IF(AND(H39>=$J$12,H39<=$K$12),$L$12))))))))))), "")
A40: =IF(NOT(ISBLANK('CP, Curs, Sem'!B44)),'CP, Curs, Sem'!B44,"") | B40: =IF(NOT(ISBLANK('CP, Curs, Sem'!C44)),'CP, Curs, Sem'!C44,"") | H40: =IF(NOT(ISBLANK('CP, Curs, Sem'!C44)),ROUND(SUM(C40:F40),0),"") | I40: =IF(NOT(ISBLANK('CP, Curs, Sem'!C44)), IF(H40=0,"n/p", IF(AND(H40>=$J$3,H40<=$K$3),$L$3, IF(AND(H40>=$J$4,H40<=$K$4),$L$4, IF(AND(H40>=$J$5,H40<=$K$5),$L$5, IF(AND(H40>=$J$6,H40<=$K$6),$L$6, IF(AND(H40>=$J$7,H40<=$K$7),$L$7, IF(AND(H40>=$J$8,H40<=$K$8),$L$8, IF(AND(H40>=$J$9,H40<=$K$9),$L$9, IF(AND(H40>=$J$10,H40<=$K$10),$L$10, IF(AND(H40>=$J$11,H40<=$K$11),$L$11, IF(AND(H40>=$J$12,H40<=$K$12),$L$12))))))))))), "")
A41: =IF(NOT(ISBLANK('CP, Curs, Sem'!B45)),'CP, Curs, Sem'!B45,"") | B41: =IF(NOT(ISBLANK('CP, Curs, Sem'!C45)),'CP, Curs, Sem'!C45,"") | H41: =IF(NOT(ISBLANK('CP, Curs, Sem'!C45)),ROUND(SUM(C41:F41),0),"") | I41: =IF(NOT(ISBLANK('CP, Curs, Sem'!C45)), IF(H41=0,"n/p", IF(AND(H41>=$J$3,H41<=$K$3),$L$3, IF(AND(H41>=$J$4,H41<=$K$4),$L$4, IF(AND(H41>=$J$5,H41<=$K$5),$L$5, IF(AND(H41>=$J$6,H41<=$K$6),$L$6, IF(AND(H41>=$J$7,H41<=$K$7),$L$7, IF(AND(H41>=$J$8,H41<=$K$8),$L$8, IF(AND(H41>=$J$9,H41<=$K$9),$L$9, IF(AND(H41>=$J$10,H41<=$K$10),$L$10, IF(AND(H41>=$J$11,H41<=$K$11),$L$11, IF(AND(H41>=$J$12,H41<=$K$12),$L$12))))))))))), "")
A42: =IF(NOT(ISBLANK('CP, Curs, Sem'!B46)),'CP, Curs, Sem'!B46,"") | B42: =IF(NOT(ISBLANK('CP, Curs, Sem'!C46)),'CP, Curs, Sem'!C46,"") | H42: =IF(NOT(ISBLANK('CP, Curs, Sem'!C46)),ROUND(SUM(C42:F42),0),"") | I42: =IF(NOT(ISBLANK('CP, Curs, Sem'!C46)), IF(H42=0,"n/p", IF(AND(H42>=$J$3,H42<=$K$3),$L$3, IF(AND(H42>=$J$4,H42<=$K$4),$L$4, IF(AND(H42>=$J$5,H42<=$K$5),$L$5, IF(AND(H42>=$J$6,H42<=$K$6),$L$6, IF(AND(H42>=$J$7,H42<=$K$7),$L$7, IF(AND(H42>=$J$8,H42<=$K$8),$L$8, IF(AND(H42>=$J$9,H42<=$K$9),$L$9, IF(AND(H42>=$J$10,H42<=$K$10),$L$10, IF(AND(H42>=$J$11,H42<=$K$11),$L$11, IF(AND(H42>=$J$12,H42<=$K$12),$L$12))))))))))), "")
A43: =IF(NOT(ISBLANK('CP, Curs, Sem'!B47)),'CP, Curs, Sem'!B47,"") | B43: =IF(NOT(ISBLANK('CP, Curs, Sem'!C47)),'CP, Curs, Sem'!C47,"") | H43: =IF(NOT(ISBLANK('CP, Curs, Sem'!C47)),ROUND(SUM(C43:F43),0),"") | I43: =IF(NOT(ISBLANK('CP, Curs, Sem'!C47)), IF(H43=0,"n/p", IF(AND(H43>=$J$3,H43<=$K$3),$L$3, IF(AND(H43>=$J$4,H43<=$K$4),$L$4, IF(AND(H43>=$J$5,H43<=$K$5),$L$5, IF(AND(H43>=$J$6,H43<=$K$6),$L$6, IF(AND(H43>=$J$7,H43<=$K$7),$L$7, IF(AND(H43>=$J$8,H43<=$K$8),$L$8, IF(AND(H43>=$J$9,H43<=$K$9),$L$9, IF(AND(H43>=$J$10,H43<=$K$10),$L$10, IF(AND(H43>=$J$11,H43<=$K$11),$L$11, IF(AND(H43>=$J$12,H43<=$K$12),$L$12))))))))))), "")
... A101: =IF(NOT(ISBLANK('CP, Curs, Sem'!B105)),'CP, Curs, Sem'!B105,"") | B101: =IF(NOT(ISBLANK('CP, Curs, Sem'!C105)),'CP, Curs, Sem'!C105,"") | H101: =IF(NOT(ISBLANK('CP, Curs, Sem'!C105)),ROUND(SUM(C101:F101),0),"") | I101: =IF(NOT(ISBLANK('CP, Curs, Sem'!C105)), IF(H101=0,"n/p", IF(AND(H101>=$J$3,H101<=$K$3),$L$3, IF(AND(H101>=$J$4,H101<=$K$4),$L$4, IF(AND(H101>=$J$5,H101<=$K$5),$L$5, IF(AND(H101>=$J$6,H101<=$K$6),$L$6, IF(AND(H101>=$J$7,H101<=$K$7),$L$7, IF(AND(H101>=$J$8,H101<=$K$8),$L$8, IF(AND(H101>=$J$9,H101<=$K$9),$L$9, IF(AND(H101>=$J$10,H101<=$K$10),$L$10, IF(AND(H101>=$J$11,H101<=$K$11),$L$11, IF(AND(H101>=$J$12,H101<=$K$12),$L$12))))))))))), "")
I102: =IF(NOT(ISBLANK('CP, Curs, Sem'!C106)), IF(H102=0,"n/p", IF(AND(H102>=$J$3,H102<=$K$3),$L$3, IF(AND(H102>=$J$4,H102<=$K$4),$L$4, IF(AND(H102>=$J$5,H102<=$K$5),$L$5, IF(AND(H102>=$J$6,H102<=$K$6),$L$6, IF(AND(H102>=$J$7,H102<=$K$7),$L$7, IF(AND(H102>=$J$8,H102<=$K$8),$L$8, IF(AND(H102>=$J$9,H102<=$K$9),$L$9, IF(AND(H102>=$J$10,H102<=$K$10),$L$10, IF(AND(H102>=$J$11,H102<=$K$11),$L$11, IF(AND(H102>=$J$12,H102<=$K$12),$L$12))))))))))), "")
I103: =IF(NOT(ISBLANK('CP, Curs, Sem'!C107)), IF(H103=0,"n/p", IF(AND(H103>=$J$3,H103<=$K$3),$L$3, IF(AND(H103>=$J$4,H103<=$K$4),$L$4, IF(AND(H103>=$J$5,H103<=$K$5),$L$5, IF(AND(H103>=$J$6,H103<=$K$6),$L$6, IF(AND(H103>=$J$7,H103<=$K$7),$L$7, IF(AND(H103>=$J$8,H103<=$K$8),$L$8, IF(AND(H103>=$J$9,H103<=$K$9),$L$9, IF(AND(H103>=$J$10,H103<=$K$10),$L$10, IF(AND(H103>=$J$11,H103<=$K$11),$L$11, IF(AND(H103>=$J$12,H103<=$K$12),$L$12))))))))))), "")
I104: =IF(NOT(ISBLANK('CP, Curs, Sem'!C108)), IF(H104=0,"n/p", IF(AND(H104>=$J$3,H104<=$K$3),$L$3, IF(AND(H104>=$J$4,H104<=$K$4),$L$4, IF(AND(H104>=$J$5,H104<=$K$5),$L$5, IF(AND(H104>=$J$6,H104<=$K$6),$L$6, IF(AND(H104>=$J$7,H104<=$K$7),$L$7, IF(AND(H104>=$J$8,H104<=$K$8),$L$8, IF(AND(H104>=$J$9,H104<=$K$9),$L$9, IF(AND(H104>=$J$10,H104<=$K$10),$L$10, IF(AND(H104>=$J$11,H104<=$K$11),$L$11, IF(AND(H104>=$J$12,H104<=$K$12),$L$12))))))))))), "")
I105: =IF(NOT(ISBLANK('CP, Curs, Sem'!C109)), IF(H105=0,"n/p", IF(AND(H105>=$J$3,H105<=$K$3),$L$3, IF(AND(H105>=$J$4,H105<=$K$4),$L$4, IF(AND(H105>=$J$5,H105<=$K$5),$L$5, IF(AND(H105>=$J$6,H105<=$K$6),$L$6, IF(AND(H105>=$J$7,H105<=$K$7),$L$7, IF(AND(H105>=$J$8,H105<=$K$8),$L$8, IF(AND(H105>=$J$9,H105<=$K$9),$L$9, IF(AND(H105>=$J$10,H105<=$K$10),$L$10, IF(AND(H105>=$J$11,H105<=$K$11),$L$11, IF(AND(H105>=$J$12,H105<=$K$12),$L$12))))))))))), "")

Sheet Examen
A1: Nr. | B1: Nume, Prenume | C1: item 1 5 p | D1: item 2 5 p | E1: item 3 10 p | F1: item 4 10 p | G1: Pctj Total | H1: Nota | I1: Baremul de evaluare | L1: Statistica
A2: =IF(NOT(ISBLANK('CP, Curs, Sem'!B6)),'CP, Curs, Sem'!B6,"") -> 1 | B2: =IF(NOT(ISBLANK('CP, Curs, Sem'!C6)),'CP, Curs, Sem'!C6,"") -> Nume, Prenume | G2: =IF(NOT(ISBLANK('CP, Curs, Sem'!C6)), IF('CP, Curs, Sem'!BP6,"Eliberat", ROUND(SUM(C2:F2),0)), "") -> 0 | H2: =IF(NOT(ISBLANK('CP, Curs, Sem'!C6)), IF('CP, Curs, Sem'!BP6,'CP, Curs, Sem'!BP6, IF(G2=0,"n/p", IF(AND(G2>=$I$3,G2<=$J$3),$K$3, IF(AND(G2>=$I$4,G2<=$J$4),$K$4, IF(AND(G2>=$I$5,G2<=$J$5),$K$5, IF(AND(G2>=$I$6,G2<=$J$6),$K$6, IF(AND(G2>=$I$7,G2<=$J$7),$K$7, IF(AND(G2>=$I$8,G2<=$J$8),$K$8, IF(AND(G2>=$I$9,G2<=$J$9),$K$9, IF(AND(G2>=$I$10,G2<=$J$10),$K$10, IF(AND(G2>=$I$11,G2<=$J$11),$K$11))))))))))), "") -> n/p | I2: Punctajul acumulat | K2: Nota | L2: Nota | M2: Nr de note
A3: =IF(NOT(ISBLANK('CP, Curs, Sem'!B7)),'CP, Curs, Sem'!B7,"") | B3: =IF(NOT(ISBLANK('CP, Curs, Sem'!C7)),'CP, Curs, Sem'!C7,"") | G3: =IF(NOT(ISBLANK('CP, Curs, Sem'!C7)), IF('CP, Curs, Sem'!BP7,"Eliberat", ROUND(SUM(C3:F3),0)), "") | H3: =IF(NOT(ISBLANK('CP, Curs, Sem'!C7)), IF('CP, Curs, Sem'!BP7,'CP, Curs, Sem'!BP7, IF(G3=0,"n/p", IF(AND(G3>=$I$3,G3<=$J$3),$K$3, IF(AND(G3>=$I$4,G3<=$J$4),$K$4, IF(AND(G3>=$I$5,G3<=$J$5),$K$5, IF(AND(G3>=$I$6,G3<=$J$6),$K$6, IF(AND(G3>=$I$7,G3<=$J$7),$K$7, IF(AND(G3>=$I$8,G3<=$J$8),$K$8, IF(AND(G3>=$I$9,G3<=$J$9),$K$9, IF(AND(G3>=$I$10,G3<=$J$10),$K$10, IF(AND(G3>=$I$11,G3<=$J$11),$K$11))))))))))), "") | I3: 0 | J3: 3 | K3: 2 | L3: 1 | M3: =COUNTIF($H$2:$H101,L3) -> 0
A4: =IF(NOT(ISBLANK('CP, Curs, Sem'!B8)),'CP, Curs, Sem'!B8,"") | B4: =IF(NOT(ISBLANK('CP, Curs, Sem'!C8)),'CP, Curs, Sem'!C8,"") | G4: =IF(NOT(ISBLANK('CP, Curs, Sem'!C8)), IF('CP, Curs, Sem'!BP8,"Eliberat", ROUND(SUM(C4:F4),0)), "") | H4: =IF(NOT(ISBLANK('CP, Curs, Sem'!C8)), IF('CP, Curs, Sem'!BP8,'CP, Curs, Sem'!BP8, IF(G4=0,"n/p", IF(AND(G4>=$I$3,G4<=$J$3),$K$3, IF(AND(G4>=$I$4,G4<=$J$4),$K$4, IF(AND(G4>=$I$5,G4<=$J$5),$K$5, IF(AND(G4>=$I$6,G4<=$J$6),$K$6, IF(AND(G4>=$I$7,G4<=$J$7),$K$7, IF(AND(G4>=$I$8,G4<=$J$8),$K$8, IF(AND(G4>=$I$9,G4<=$J$9),$K$9, IF(AND(G4>=$I$10,G4<=$J$10),$K$10, IF(AND(G4>=$I$11,G4<=$J$11),$K$11))))))))))), "") | I4: 4 | J4: 7 | K4: 3 | L4: 2 | M4: =COUNTIF($H$2:$H102,L4) -> 0
A5: =IF(NOT(ISBLANK('CP, Curs, Sem'!B9)),'CP, Curs, Sem'!B9,"") | B5: =IF(NOT(ISBLANK('CP, Curs, Sem'!C9)),'CP, Curs, Sem'!C9,"") | G5: =IF(NOT(ISBLANK('CP, Curs, Sem'!C9)), IF('CP, Curs, Sem'!BP9,"Eliberat", ROUND(SUM(C5:F5),0)), "") | H5: =IF(NOT(ISBLANK('CP, Curs, Sem'!C9)), IF('CP, Curs, Sem'!BP9,'CP, Curs, Sem'!BP9, IF(G5=0,"n/p", IF(AND(G5>=$I$3,G5<=$J$3),$K$3, IF(AND(G5>=$I$4,G5<=$J$4),$K$4, IF(AND(G5>=$I$5,G5<=$J$5),$K$5, IF(AND(G5>=$I$6,G5<=$J$6),$K$6, IF(AND(G5>=$I$7,G5<=$J$7),$K$7, IF(AND(G5>=$I$8,G5<=$J$8),$K$8, IF(AND(G5>=$I$9,G5<=$J$9),$K$9, IF(AND(G5>=$I$10,G5<=$J$10),$K$10, IF(AND(G5>=$I$11,G5<=$J$11),$K$11))))))))))), "") | I5: 8 | J5: 12 | K5: 4 | L5: 3 | M5: =COUNTIF($H$2:$H103,L5) -> 0
A6: =IF(NOT(ISBLANK('CP, Curs, Sem'!B10)),'CP, Curs, Sem'!B10,"") | B6: =IF(NOT(ISBLANK('CP, Curs, Sem'!C10)),'CP, Curs, Sem'!C10,"") | G6: =IF(NOT(ISBLANK('CP, Curs, Sem'!C10)), IF('CP, Curs, Sem'!BP10,"Eliberat", ROUND(SUM(C6:F6),0)), "") | H6: =IF(NOT(ISBLANK('CP, Curs, Sem'!C10)), IF('CP, Curs, Sem'!BP10,'CP, Curs, Sem'!BP10, IF(G6=0,"n/p", IF(AND(G6>=$I$3,G6<=$J$3),$K$3, IF(AND(G6>=$I$4,G6<=$J$4),$K$4, IF(AND(G6>=$I$5,G6<=$J$5),$K$5, IF(AND(G6>=$I$6,G6<=$J$6),$K$6, IF(AND(G6>=$I$7,G6<=$J$7),$K$7, IF(AND(G6>=$I$8,G6<=$J$8),$K$8, IF(AND(G6>=$I$9,G6<=$J$9),$K$9, IF(AND(G6>=$I$10,G6<=$J$10),$K$10, IF(AND(G6>=$I$11,G6<=$J$11),$K$11))))))))))), "") | I6: 13 | J6: 15 | K6: 5 | L6: 4 | M6: =COUNTIF($H$2:$H104,L6) -> 0
A7: =IF(NOT(ISBLANK('CP, Curs, Sem'!B11)),'CP, Curs, Sem'!B11,"") | B7: =IF(NOT(ISBLANK('CP, Curs, Sem'!C11)),'CP, Curs, Sem'!C11,"") | G7: =IF(NOT(ISBLANK('CP, Curs, Sem'!C11)), IF('CP, Curs, Sem'!BP11,"Eliberat", ROUND(SUM(C7:F7),0)), "") | H7: =IF(NOT(ISBLANK('CP, Curs, Sem'!C11)), IF('CP, Curs, Sem'!BP11,'CP, Curs, Sem'!BP11, IF(G7=0,"n/p", IF(AND(G7>=$I$3,G7<=$J$3),$K$3, IF(AND(G7>=$I$4,G7<=$J$4),$K$4, IF(AND(G7>=$I$5,G7<=$J$5),$K$5, IF(AND(G7>=$I$6,G7<=$J$6),$K$6, IF(AND(G7>=$I$7,G7<=$J$7),$K$7, IF(AND(G7>=$I$8,G7<=$J$8),$K$8, IF(AND(G7>=$I$9,G7<=$J$9),$K$9, IF(AND(G7>=$I$10,G7<=$J$10),$K$10, IF(AND(G7>=$I$11,G7<=$J$11),$K$11))))))))))), "") | I7: 16 | J7: 18 | K7: 6 | L7: 5 | M7: =COUNTIF($H$2:$H105,L7) -> 0
A8: =IF(NOT(ISBLANK('CP, Curs, Sem'!B12)),'CP, Curs, Sem'!B12,"") | B8: =IF(NOT(ISBLANK('CP, Curs, Sem'!C12)),'CP, Curs, Sem'!C12,"") | G8: =IF(NOT(ISBLANK('CP, Curs, Sem'!C12)), IF('CP, Curs, Sem'!BP12,"Eliberat", ROUND(SUM(C8:F8),0)), "") | H8: =IF(NOT(ISBLANK('CP, Curs, Sem'!C12)), IF('CP, Curs, Sem'!BP12,'CP, Curs, Sem'!BP12, IF(G8=0,"n/p", IF(AND(G8>=$I$3,G8<=$J$3),$K$3, IF(AND(G8>=$I$4,G8<=$J$4),$K$4, IF(AND(G8>=$I$5,G8<=$J$5),$K$5, IF(AND(G8>=$I$6,G8<=$J$6),$K$6, IF(AND(G8>=$I$7,G8<=$J$7),$K$7, IF(AND(G8>=$I$8,G8<=$J$8),$K$8, IF(AND(G8>=$I$9,G8<=$J$9),$K$9, IF(AND(G8>=$I$10,G8<=$J$10),$K$10, IF(AND(G8>=$I$11,G8<=$J$11),$K$11))))))))))), "") | I8: 19 | J8: 21 | K8: 7 | L8: 6 | M8: =COUNTIF($H$2:$H106,L8) -> 0
A9: =IF(NOT(ISBLANK('CP, Curs, Sem'!B13)),'CP, Curs, Sem'!B13,"") | B9: =IF(NOT(ISBLANK('CP, Curs, Sem'!C13)),'CP, Curs, Sem'!C13,"") | G9: =IF(NOT(ISBLANK('CP, Curs, Sem'!C13)), IF('CP, Curs, Sem'!BP13,"Eliberat", ROUND(SUM(C9:F9),0)), "") | H9: =IF(NOT(ISBLANK('CP, Curs, Sem'!C13)), IF('CP, Curs, Sem'!BP13,'CP, Curs, Sem'!BP13, IF(G9=0,"n/p", IF(AND(G9>=$I$3,G9<=$J$3),$K$3, IF(AND(G9>=$I$4,G9<=$J$4),$K$4, IF(AND(G9>=$I$5,G9<=$J$5),$K$5, IF(AND(G9>=$I$6,G9<=$J$6),$K$6, IF(AND(G9>=$I$7,G9<=$J$7),$K$7, IF(AND(G9>=$I$8,G9<=$J$8),$K$8, IF(AND(G9>=$I$9,G9<=$J$9),$K$9, IF(AND(G9>=$I$10,G9<=$J$10),$K$10, IF(AND(G9>=$I$11,G9<=$J$11),$K$11))))))))))), "") | I9: 22 | J9: 24 | K9: 8 | L9: 7 | M9: =COUNTIF($H$2:$H107,L9) -> 0
A10: =IF(NOT(ISBLANK('CP, Curs, Sem'!B14)),'CP, Curs, Sem'!B14,"") | B10: =IF(NOT(ISBLANK('CP, Curs, Sem'!C14)),'CP, Curs, Sem'!C14,"") | G10: =IF(NOT(ISBLANK('CP, Curs, Sem'!C14)), IF('CP, Curs, Sem'!BP14,"Eliberat", ROUND(SUM(C10:F10),0)), "") | H10: =IF(NOT(ISBLANK('CP, Curs, Sem'!C14)), IF('CP, Curs, Sem'!BP14,'CP, Curs, Sem'!BP14, IF(G10=0,"n/p", IF(AND(G10>=$I$3,G10<=$J$3),$K$3, IF(AND(G10>=$I$4,G10<=$J$4),$K$4, IF(AND(G10>=$I$5,G10<=$J$5),$K$5, IF(AND(G10>=$I$6,G10<=$J$6),$K$6, IF(AND(G10>=$I$7,G10<=$J$7),$K$7, IF(AND(G10>=$I$8,G10<=$J$8),$K$8, IF(AND(G10>=$I$9,G10<=$J$9),$K$9, IF(AND(G10>=$I$10,G10<=$J$10),$K$10, IF(AND(G10>=$I$11,G10<=$J$11),$K$11))))))))))), "") | I10: 25 | J10: 27 | K10: 9 | L10: 8 | M10: =COUNTIF($H$2:$H108,L10) -> 0
A11: =IF(NOT(ISBLANK('CP, Curs, Sem'!B15)),'CP, Curs, Sem'!B15,"") | B11: =IF(NOT(ISBLANK('CP, Curs, Sem'!C15)),'CP, Curs, Sem'!C15,"") | G11: =IF(NOT(ISBLANK('CP, Curs, Sem'!C15)), IF('CP, Curs, Sem'!BP15,"Eliberat", ROUND(SUM(C11:F11),0)), "") | H11: =IF(NOT(ISBLANK('CP, Curs, Sem'!C15)), IF('CP, Curs, Sem'!BP15,'CP, Curs, Sem'!BP15, IF(G11=0,"n/p", IF(AND(G11>=$I$3,G11<=$J$3),$K$3, IF(AND(G11>=$I$4,G11<=$J$4),$K$4, IF(AND(G11>=$I$5,G11<=$J$5),$K$5, IF(AND(G11>=$I$6,G11<=$J$6),$K$6, IF(AND(G11>=$I$7,G11<=$J$7),$K$7, IF(AND(G11>=$I$8,G11<=$J$8),$K$8, IF(AND(G11>=$I$9,G11<=$J$9),$K$9, IF(AND(G11>=$I$10,G11<=$J$10),$K$10, IF(AND(G11>=$I$11,G11<=$J$11),$K$11))))))))))), "") | I11: 28 | J11: 30 | K11: 10 | L11: 9 | M11: =COUNTIF($H$2:$H109,L11) -> 0
A12: =IF(NOT(ISBLANK('CP, Curs, Sem'!B16)),'CP, Curs, Sem'!B16,"") | B12: =IF(NOT(ISBLANK('CP, Curs, Sem'!C16)),'CP, Curs, Sem'!C16,"") | G12: =IF(NOT(ISBLANK('CP, Curs, Sem'!C16)), IF('CP, Curs, Sem'!BP16,"Eliberat", ROUND(SUM(C12:F12),0)), "") | H12: =IF(NOT(ISBLANK('CP, Curs, Sem'!C16)), IF('CP, Curs, Sem'!BP16,'CP, Curs, Sem'!BP16, IF(G12=0,"n/p", IF(AND(G12>=$I$3,G12<=$J$3),$K$3, IF(AND(G12>=$I$4,G12<=$J$4),$K$4, IF(AND(G12>=$I$5,G12<=$J$5),$K$5, IF(AND(G12>=$I$6,G12<=$J$6),$K$6, IF(AND(G12>=$I$7,G12<=$J$7),$K$7, IF(AND(G12>=$I$8,G12<=$J$8),$K$8, IF(AND(G12>=$I$9,G12<=$J$9),$K$9, IF(AND(G12>=$I$10,G12<=$J$10),$K$10, IF(AND(G12>=$I$11,G12<=$J$11),$K$11))))))))))), "") | L12: 10 | M12: =COUNTIF($H$2:$H110,L12) -> 0
A13: =IF(NOT(ISBLANK('CP, Curs, Sem'!B17)),'CP, Curs, Sem'!B17,"") | B13: =IF(NOT(ISBLANK('CP, Curs, Sem'!C17)),'CP, Curs, Sem'!C17,"") | G13: =IF(NOT(ISBLANK('CP, Curs, Sem'!C17)), IF('CP, Curs, Sem'!BP17,"Eliberat", ROUND(SUM(C13:F13),0)), "") | H13: =IF(NOT(ISBLANK('CP, Curs, Sem'!C17)), IF('CP, Curs, Sem'!BP17,'CP, Curs, Sem'!BP17, IF(G13=0,"n/p", IF(AND(G13>=$I$3,G13<=$J$3),$K$3, IF(AND(G13>=$I$4,G13<=$J$4),$K$4, IF(AND(G13>=$I$5,G13<=$J$5),$K$5, IF(AND(G13>=$I$6,G13<=$J$6),$K$6, IF(AND(G13>=$I$7,G13<=$J$7),$K$7, IF(AND(G13>=$I$8,G13<=$J$8),$K$8, IF(AND(G13>=$I$9,G13<=$J$9),$K$9, IF(AND(G13>=$I$10,G13<=$J$10),$K$10, IF(AND(G13>=$I$11,G13<=$J$11),$K$11))))))))))), "") | L13: n/p | M13: =COUNTIF($H$2:$H111,L13) -> 1
A14: =IF(NOT(ISBLANK('CP, Curs, Sem'!B18)),'CP, Curs, Sem'!B18,"") | B14: =IF(NOT(ISBLANK('CP, Curs, Sem'!C18)),'CP, Curs, Sem'!C18,"") | G14: =IF(NOT(ISBLANK('CP, Curs, Sem'!C18)), IF('CP, Curs, Sem'!BP18,"Eliberat", ROUND(SUM(C14:F14),0)), "") | H14: =IF(NOT(ISBLANK('CP, Curs, Sem'!C18)), IF('CP, Curs, Sem'!BP18,'CP, Curs, Sem'!BP18, IF(G14=0,"n/p", IF(AND(G14>=$I$3,G14<=$J$3),$K$3, IF(AND(G14>=$I$4,G14<=$J$4),$K$4, IF(AND(G14>=$I$5,G14<=$J$5),$K$5, IF(AND(G14>=$I$6,G14<=$J$6),$K$6, IF(AND(G14>=$I$7,G14<=$J$7),$K$7, IF(AND(G14>=$I$8,G14<=$J$8),$K$8, IF(AND(G14>=$I$9,G14<=$J$9),$K$9, IF(AND(G14>=$I$10,G14<=$J$10),$K$10, IF(AND(G14>=$I$11,G14<=$J$11),$K$11))))))))))), "")
A15: =IF(NOT(ISBLANK('CP, Curs, Sem'!B19)),'CP, Curs, Sem'!B19,"") | B15: =IF(NOT(ISBLANK('CP, Curs, Sem'!C19)),'CP, Curs, Sem'!C19,"") | G15: =IF(NOT(ISBLANK('CP, Curs, Sem'!C19)), IF('CP, Curs, Sem'!BP19,"Eliberat", ROUND(SUM(C15:F15),0)), "") | H15: =IF(NOT(ISBLANK('CP, Curs, Sem'!C19)), IF('CP, Curs, Sem'!BP19,'CP, Curs, Sem'!BP19, IF(G15=0,"n/p", IF(AND(G15>=$I$3,G15<=$J$3),$K$3, IF(AND(G15>=$I$4,G15<=$J$4),$K$4, IF(AND(G15>=$I$5,G15<=$J$5),$K$5, IF(AND(G15>=$I$6,G15<=$J$6),$K$6, IF(AND(G15>=$I$7,G15<=$J$7),$K$7, IF(AND(G15>=$I$8,G15<=$J$8),$K$8, IF(AND(G15>=$I$9,G15<=$J$9),$K$9, IF(AND(G15>=$I$10,G15<=$J$10),$K$10, IF(AND(G15>=$I$11,G15<=$J$11),$K$11))))))))))), "")
A16: =IF(NOT(ISBLANK('CP, Curs, Sem'!B20)),'CP, Curs, Sem'!B20,"") | B16: =IF(NOT(ISBLANK('CP, Curs, Sem'!C20)),'CP, Curs, Sem'!C20,"") | G16: =IF(NOT(ISBLANK('CP, Curs, Sem'!C20)), IF('CP, Curs, Sem'!BP20,"Eliberat", ROUND(SUM(C16:F16),0)), "") | H16: =IF(NOT(ISBLANK('CP, Curs, Sem'!C20)), IF('CP, Curs, Sem'!BP20,'CP, Curs, Sem'!BP20, IF(G16=0,"n/p", IF(AND(G16>=$I$3,G16<=$J$3),$K$3, IF(AND(G16>=$I$4,G16<=$J$4),$K$4, IF(AND(G16>=$I$5,G16<=$J$5),$K$5, IF(AND(G16>=$I$6,G16<=$J$6),$K$6, IF(AND(G16>=$I$7,G16<=$J$7),$K$7, IF(AND(G16>=$I$8,G16<=$J$8),$K$8, IF(AND(G16>=$I$9,G16<=$J$9),$K$9, IF(AND(G16>=$I$10,G16<=$J$10),$K$10, IF(AND(G16>=$I$11,G16<=$J$11),$K$11))))))))))), "")
A17: =IF(NOT(ISBLANK('CP, Curs, Sem'!B21)),'CP, Curs, Sem'!B21,"") | B17: =IF(NOT(ISBLANK('CP, Curs, Sem'!C21)),'CP, Curs, Sem'!C21,"") | G17: =IF(NOT(ISBLANK('CP, Curs, Sem'!C21)), IF('CP, Curs, Sem'!BP21,"Eliberat", ROUND(SUM(C17:F17),0)), "") | H17: =IF(NOT(ISBLANK('CP, Curs, Sem'!C21)), IF('CP, Curs, Sem'!BP21,'CP, Curs, Sem'!BP21, IF(G17=0,"n/p", IF(AND(G17>=$I$3,G17<=$J$3),$K$3, IF(AND(G17>=$I$4,G17<=$J$4),$K$4, IF(AND(G17>=$I$5,G17<=$J$5),$K$5, IF(AND(G17>=$I$6,G17<=$J$6),$K$6, IF(AND(G17>=$I$7,G17<=$J$7),$K$7, IF(AND(G17>=$I$8,G17<=$J$8),$K$8, IF(AND(G17>=$I$9,G17<=$J$9),$K$9, IF(AND(G17>=$I$10,G17<=$J$10),$K$10, IF(AND(G17>=$I$11,G17<=$J$11),$K$11))))))))))), "")
A18: =IF(NOT(ISBLANK('CP, Curs, Sem'!B22)),'CP, Curs, Sem'!B22,"") | B18: =IF(NOT(ISBLANK('CP, Curs, Sem'!C22)),'CP, Curs, Sem'!C22,"") | G18: =IF(NOT(ISBLANK('CP, Curs, Sem'!C22)), IF('CP, Curs, Sem'!BP22,"Eliberat", ROUND(SUM(C18:F18),0)), "") | H18: =IF(NOT(ISBLANK('CP, Curs, Sem'!C22)), IF('CP, Curs, Sem'!BP22,'CP, Curs, Sem'!BP22, IF(G18=0,"n/p", IF(AND(G18>=$I$3,G18<=$J$3),$K$3, IF(AND(G18>=$I$4,G18<=$J$4),$K$4, IF(AND(G18>=$I$5,G18<=$J$5),$K$5, IF(AND(G18>=$I$6,G18<=$J$6),$K$6, IF(AND(G18>=$I$7,G18<=$J$7),$K$7, IF(AND(G18>=$I$8,G18<=$J$8),$K$8, IF(AND(G18>=$I$9,G18<=$J$9),$K$9, IF(AND(G18>=$I$10,G18<=$J$10),$K$10, IF(AND(G18>=$I$11,G18<=$J$11),$K$11))))))))))), "")
A19: =IF(NOT(ISBLANK('CP, Curs, Sem'!B23)),'CP, Curs, Sem'!B23,"") | B19: =IF(NOT(ISBLANK('CP, Curs, Sem'!C23)),'CP, Curs, Sem'!C23,"") | G19: =IF(NOT(ISBLANK('CP, Curs, Sem'!C23)), IF('CP, Curs, Sem'!BP23,"Eliberat", ROUND(SUM(C19:F19),0)), "") | H19: =IF(NOT(ISBLANK('CP, Curs, Sem'!C23)), IF('CP, Curs, Sem'!BP23,'CP, Curs, Sem'!BP23, IF(G19=0,"n/p", IF(AND(G19>=$I$3,G19<=$J$3),$K$3, IF(AND(G19>=$I$4,G19<=$J$4),$K$4, IF(AND(G19>=$I$5,G19<=$J$5),$K$5, IF(AND(G19>=$I$6,G19<=$J$6),$K$6, IF(AND(G19>=$I$7,G19<=$J$7),$K$7, IF(AND(G19>=$I$8,G19<=$J$8),$K$8, IF(AND(G19>=$I$9,G19<=$J$9),$K$9, IF(AND(G19>=$I$10,G19<=$J$10),$K$10, IF(AND(G19>=$I$11,G19<=$J$11),$K$11))))))))))), "")
A20: =IF(NOT(ISBLANK('CP, Curs, Sem'!B24)),'CP, Curs, Sem'!B24,"") | B20: =IF(NOT(ISBLANK('CP, Curs, Sem'!C24)),'CP, Curs, Sem'!C24,"") | G20: =IF(NOT(ISBLANK('CP, Curs, Sem'!C24)), IF('CP, Curs, Sem'!BP24,"Eliberat", ROUND(SUM(C20:F20),0)), "") | H20: =IF(NOT(ISBLANK('CP, Curs, Sem'!C24)), IF('CP, Curs, Sem'!BP24,'CP, Curs, Sem'!BP24, IF(G20=0,"n/p", IF(AND(G20>=$I$3,G20<=$J$3),$K$3, IF(AND(G20>=$I$4,G20<=$J$4),$K$4, IF(AND(G20>=$I$5,G20<=$J$5),$K$5, IF(AND(G20>=$I$6,G20<=$J$6),$K$6, IF(AND(G20>=$I$7,G20<=$J$7),$K$7, IF(AND(G20>=$I$8,G20<=$J$8),$K$8, IF(AND(G20>=$I$9,G20<=$J$9),$K$9, IF(AND(G20>=$I$10,G20<=$J$10),$K$10, IF(AND(G20>=$I$11,G20<=$J$11),$K$11))))))))))), "")
A21: =IF(NOT(ISBLANK('CP, Curs, Sem'!B25)),'CP, Curs, Sem'!B25,"") | B21: =IF(NOT(ISBLANK('CP, Curs, Sem'!C25)),'CP, Curs, Sem'!C25,"") | G21: =IF(NOT(ISBLANK('CP, Curs, Sem'!C25)), IF('CP, Curs, Sem'!BP25,"Eliberat", ROUND(SUM(C21:F21),0)), "") | H21: =IF(NOT(ISBLANK('CP, Curs, Sem'!C25)), IF('CP, Curs, Sem'!BP25,'CP, Curs, Sem'!BP25, IF(G21=0,"n/p", IF(AND(G21>=$I$3,G21<=$J$3),$K$3, IF(AND(G21>=$I$4,G21<=$J$4),$K$4, IF(AND(G21>=$I$5,G21<=$J$5),$K$5, IF(AND(G21>=$I$6,G21<=$J$6),$K$6, IF(AND(G21>=$I$7,G21<=$J$7),$K$7, IF(AND(G21>=$I$8,G21<=$J$8),$K$8, IF(AND(G21>=$I$9,G21<=$J$9),$K$9, IF(AND(G21>=$I$10,G21<=$J$10),$K$10, IF(AND(G21>=$I$11,G21<=$J$11),$K$11))))))))))), "")
A22: =IF(NOT(ISBLANK('CP, Curs, Sem'!B26)),'CP, Curs, Sem'!B26,"") | B22: =IF(NOT(ISBLANK('CP, Curs, Sem'!C26)),'CP, Curs, Sem'!C26,"") | G22: =IF(NOT(ISBLANK('CP, Curs, Sem'!C26)), IF('CP, Curs, Sem'!BP26,"Eliberat", ROUND(SUM(C22:F22),0)), "") | H22: =IF(NOT(ISBLANK('CP, Curs, Sem'!C26)), IF('CP, Curs, Sem'!BP26,'CP, Curs, Sem'!BP26, IF(G22=0,"n/p", IF(AND(G22>=$I$3,G22<=$J$3),$K$3, IF(AND(G22>=$I$4,G22<=$J$4),$K$4, IF(AND(G22>=$I$5,G22<=$J$5),$K$5, IF(AND(G22>=$I$6,G22<=$J$6),$K$6, IF(AND(G22>=$I$7,G22<=$J$7),$K$7, IF(AND(G22>=$I$8,G22<=$J$8),$K$8, IF(AND(G22>=$I$9,G22<=$J$9),$K$9, IF(AND(G22>=$I$10,G22<=$J$10),$K$10, IF(AND(G22>=$I$11,G22<=$J$11),$K$11))))))))))), "")
A23: =IF(NOT(ISBLANK('CP, Curs, Sem'!B27)),'CP, Curs, Sem'!B27,"") | B23: =IF(NOT(ISBLANK('CP, Curs, Sem'!C27)),'CP, Curs, Sem'!C27,"") | G23: =IF(NOT(ISBLANK('CP, Curs, Sem'!C27)), IF('CP, Curs, Sem'!BP27,"Eliberat", ROUND(SUM(C23:F23),0)), "") | H23: =IF(NOT(ISBLANK('CP, Curs, Sem'!C27)), IF('CP, Curs, Sem'!BP27,'CP, Curs, Sem'!BP27, IF(G23=0,"n/p", IF(AND(G23>=$I$3,G23<=$J$3),$K$3, IF(AND(G23>=$I$4,G23<=$J$4),$K$4, IF(AND(G23>=$I$5,G23<=$J$5),$K$5, IF(AND(G23>=$I$6,G23<=$J$6),$K$6, IF(AND(G23>=$I$7,G23<=$J$7),$K$7, IF(AND(G23>=$I$8,G23<=$J$8),$K$8, IF(AND(G23>=$I$9,G23<=$J$9),$K$9, IF(AND(G23>=$I$10,G23<=$J$10),$K$10, IF(AND(G23>=$I$11,G23<=$J$11),$K$11))))))))))), "")
A24: =IF(NOT(ISBLANK('CP, Curs, Sem'!B28)),'CP, Curs, Sem'!B28,"") | B24: =IF(NOT(ISBLANK('CP, Curs, Sem'!C28)),'CP, Curs, Sem'!C28,"") | G24: =IF(NOT(ISBLANK('CP, Curs, Sem'!C28)), IF('CP, Curs, Sem'!BP28,"Eliberat", ROUND(SUM(C24:F24),0)), "") | H24: =IF(NOT(ISBLANK('CP, Curs, Sem'!C28)), IF('CP, Curs, Sem'!BP28,'CP, Curs, Sem'!BP28, IF(G24=0,"n/p", IF(AND(G24>=$I$3,G24<=$J$3),$K$3, IF(AND(G24>=$I$4,G24<=$J$4),$K$4, IF(AND(G24>=$I$5,G24<=$J$5),$K$5, IF(AND(G24>=$I$6,G24<=$J$6),$K$6, IF(AND(G24>=$I$7,G24<=$J$7),$K$7, IF(AND(G24>=$I$8,G24<=$J$8),$K$8, IF(AND(G24>=$I$9,G24<=$J$9),$K$9, IF(AND(G24>=$I$10,G24<=$J$10),$K$10, IF(AND(G24>=$I$11,G24<=$J$11),$K$11))))))))))), "")
A25: =IF(NOT(ISBLANK('CP, Curs, Sem'!B29)),'CP, Curs, Sem'!B29,"") | B25: =IF(NOT(ISBLANK('CP, Curs, Sem'!C29)),'CP, Curs, Sem'!C29,"") | G25: =IF(NOT(ISBLANK('CP, Curs, Sem'!C29)), IF('CP, Curs, Sem'!BP29,"Eliberat", ROUND(SUM(C25:F25),0)), "") | H25: =IF(NOT(ISBLANK('CP, Curs, Sem'!C29)), IF('CP, Curs, Sem'!BP29,'CP, Curs, Sem'!BP29, IF(G25=0,"n/p", IF(AND(G25>=$I$3,G25<=$J$3),$K$3, IF(AND(G25>=$I$4,G25<=$J$4),$K$4, IF(AND(G25>=$I$5,G25<=$J$5),$K$5, IF(AND(G25>=$I$6,G25<=$J$6),$K$6, IF(AND(G25>=$I$7,G25<=$J$7),$K$7, IF(AND(G25>=$I$8,G25<=$J$8),$K$8, IF(AND(G25>=$I$9,G25<=$J$9),$K$9, IF(AND(G25>=$I$10,G25<=$J$10),$K$10, IF(AND(G25>=$I$11,G25<=$J$11),$K$11))))))))))), "")
... A31: =IF(NOT(ISBLANK('CP, Curs, Sem'!B35)),'CP, Curs, Sem'!B35,"") | B31: =IF(NOT(ISBLANK('CP, Curs, Sem'!C35)),'CP, Curs, Sem'!C35,"") | G31: =IF(NOT(ISBLANK('CP, Curs, Sem'!C35)), IF('CP, Curs, Sem'!BP35,"Eliberat", ROUND(SUM(C31:F31),0)), "") | H31: =IF(NOT(ISBLANK('CP, Curs, Sem'!C35)), IF('CP, Curs, Sem'!BP35,'CP, Curs, Sem'!BP35, IF(G31=0,"n/p", IF(AND(G31>=$I$3,G31<=$J$3),$K$3, IF(AND(G31>=$I$4,G31<=$J$4),$K$4, IF(AND(G31>=$I$5,G31<=$J$5),$K$5, IF(AND(G31>=$I$6,G31<=$J$6),$K$6, IF(AND(G31>=$I$7,G31<=$J$7),$K$7, IF(AND(G31>=$I$8,G31<=$J$8),$K$8, IF(AND(G31>=$I$9,G31<=$J$9),$K$9, IF(AND(G31>=$I$10,G31<=$J$10),$K$10, IF(AND(G31>=$I$11,G31<=$J$11),$K$11))))))))))), "")
A32: =IF(NOT(ISBLANK('CP, Curs, Sem'!B36)),'CP, Curs, Sem'!B36,"") | B32: =IF(NOT(ISBLANK('CP, Curs, Sem'!C36)),'CP, Curs, Sem'!C36,"") | G32: =IF(NOT(ISBLANK('CP, Curs, Sem'!C36)),ROUND(SUM(C32:F32),0),"") | H32: =IF(NOT(ISBLANK('CP, Curs, Sem'!C36)), IF('CP, Curs, Sem'!BP36,'CP, Curs, Sem'!BP36, IF(G32=0,"n/p", IF(AND(G32>=$I$3,G32<=$J$3),$K$3, IF(AND(G32>=$I$4,G32<=$J$4),$K$4, IF(AND(G32>=$I$5,G32<=$J$5),$K$5, IF(AND(G32>=$I$6,G32<=$J$6),$K$6, IF(AND(G32>=$I$7,G32<=$J$7),$K$7, IF(AND(G32>=$I$8,G32<=$J$8),$K$8, IF(AND(G32>=$I$9,G32<=$J$9),$K$9, IF(AND(G32>=$I$10,G32<=$J$10),$K$10, IF(AND(G32>=$I$11,G32<=$J$11),$K$11))))))))))), "")
A33: =IF(NOT(ISBLANK('CP, Curs, Sem'!B37)),'CP, Curs, Sem'!B37,"") | B33: =IF(NOT(ISBLANK('CP, Curs, Sem'!C37)),'CP, Curs, Sem'!C37,"") | G33: =IF(NOT(ISBLANK('CP, Curs, Sem'!C37)),ROUND(SUM(C33:F33),0),"") | H33: =IF(NOT(ISBLANK('CP, Curs, Sem'!C37)), IF('CP, Curs, Sem'!BP37,'CP, Curs, Sem'!BP37, IF(G33=0,"n/p", IF(AND(G33>=$I$3,G33<=$J$3),$K$3, IF(AND(G33>=$I$4,G33<=$J$4),$K$4, IF(AND(G33>=$I$5,G33<=$J$5),$K$5, IF(AND(G33>=$I$6,G33<=$J$6),$K$6, IF(AND(G33>=$I$7,G33<=$J$7),$K$7, IF(AND(G33>=$I$8,G33<=$J$8),$K$8, IF(AND(G33>=$I$9,G33<=$J$9),$K$9, IF(AND(G33>=$I$10,G33<=$J$10),$K$10, IF(AND(G33>=$I$11,G33<=$J$11),$K$11))))))))))), "")
A34: =IF(NOT(ISBLANK('CP, Curs, Sem'!B38)),'CP, Curs, Sem'!B38,"") | B34: =IF(NOT(ISBLANK('CP, Curs, Sem'!C38)),'CP, Curs, Sem'!C38,"") | G34: =IF(NOT(ISBLANK('CP, Curs, Sem'!C38)),ROUND(SUM(C34:F34),0),"") | H34: =IF(NOT(ISBLANK('CP, Curs, Sem'!C38)), IF('CP, Curs, Sem'!BP38,'CP, Curs, Sem'!BP38, IF(G34=0,"n/p", IF(AND(G34>=$I$3,G34<=$J$3),$K$3, IF(AND(G34>=$I$4,G34<=$J$4),$K$4, IF(AND(G34>=$I$5,G34<=$J$5),$K$5, IF(AND(G34>=$I$6,G34<=$J$6),$K$6, IF(AND(G34>=$I$7,G34<=$J$7),$K$7, IF(AND(G34>=$I$8,G34<=$J$8),$K$8, IF(AND(G34>=$I$9,G34<=$J$9),$K$9, IF(AND(G34>=$I$10,G34<=$J$10),$K$10, IF(AND(G34>=$I$11,G34<=$J$11),$K$11))))))))))), "")
A35: =IF(NOT(ISBLANK('CP, Curs, Sem'!B39)),'CP, Curs, Sem'!B39,"") | B35: =IF(NOT(ISBLANK('CP, Curs, Sem'!C39)),'CP, Curs, Sem'!C39,"") | G35: =IF(NOT(ISBLANK('CP, Curs, Sem'!C39)),ROUND(SUM(C35:F35),0),"") | H35: =IF(NOT(ISBLANK('CP, Curs, Sem'!C39)), IF('CP, Curs, Sem'!BP39,'CP, Curs, Sem'!BP39, IF(G35=0,"n/p", IF(AND(G35>=$I$3,G35<=$J$3),$K$3, IF(AND(G35>=$I$4,G35<=$J$4),$K$4, IF(AND(G35>=$I$5,G35<=$J$5),$K$5, IF(AND(G35>=$I$6,G35<=$J$6),$K$6, IF(AND(G35>=$I$7,G35<=$J$7),$K$7, IF(AND(G35>=$I$8,G35<=$J$8),$K$8, IF(AND(G35>=$I$9,G35<=$J$9),$K$9, IF(AND(G35>=$I$10,G35<=$J$10),$K$10, IF(AND(G35>=$I$11,G35<=$J$11),$K$11))))))))))), "")
A36: =IF(NOT(ISBLANK('CP, Curs, Sem'!B40)),'CP, Curs, Sem'!B40,"") | B36: =IF(NOT(ISBLANK('CP, Curs, Sem'!C40)),'CP, Curs, Sem'!C40,"") | G36: =IF(NOT(ISBLANK('CP, Curs, Sem'!C40)),ROUND(SUM(C36:F36),0),"") | H36: =IF(NOT(ISBLANK('CP, Curs, Sem'!C40)), IF('CP, Curs, Sem'!BP40,'CP, Curs, Sem'!BP40, IF(G36=0,"n/p", IF(AND(G36>=$I$3,G36<=$J$3),$K$3, IF(AND(G36>=$I$4,G36<=$J$4),$K$4, IF(AND(G36>=$I$5,G36<=$J$5),$K$5, IF(AND(G36>=$I$6,G36<=$J$6),$K$6, IF(AND(G36>=$I$7,G36<=$J$7),$K$7, IF(AND(G36>=$I$8,G36<=$J$8),$K$8, IF(AND(G36>=$I$9,G36<=$J$9),$K$9, IF(AND(G36>=$I$10,G36<=$J$10),$K$10, IF(AND(G36>=$I$11,G36<=$J$11),$K$11))))))))))), "")
A37: =IF(NOT(ISBLANK('CP, Curs, Sem'!B41)),'CP, Curs, Sem'!B41,"") | B37: =IF(NOT(ISBLANK('CP, Curs, Sem'!C41)),'CP, Curs, Sem'!C41,"") | G37: =IF(NOT(ISBLANK('CP, Curs, Sem'!C41)),ROUND(SUM(C37:F37),0),"") | H37: =IF(NOT(ISBLANK('CP, Curs, Sem'!C41)), IF('CP, Curs, Sem'!BP41,'CP, Curs, Sem'!BP41, IF(G37=0,"n/p", IF(AND(G37>=$I$3,G37<=$J$3),$K$3, IF(AND(G37>=$I$4,G37<=$J$4),$K$4, IF(AND(G37>=$I$5,G37<=$J$5),$K$5, IF(AND(G37>=$I$6,G37<=$J$6),$K$6, IF(AND(G37>=$I$7,G37<=$J$7),$K$7, IF(AND(G37>=$I$8,G37<=$J$8),$K$8, IF(AND(G37>=$I$9,G37<=$J$9),$K$9, IF(AND(G37>=$I$10,G37<=$J$10),$K$10, IF(AND(G37>=$I$11,G37<=$J$11),$K$11))))))))))), "")
A38: =IF(NOT(ISBLANK('CP, Curs, Sem'!B42)),'CP, Curs, Sem'!B42,"") | B38: =IF(NOT(ISBLANK('CP, Curs, Sem'!C42)),'CP, Curs, Sem'!C42,"") | G38: =IF(NOT(ISBLANK('CP, Curs, Sem'!C42)),ROUND(SUM(C38:F38),0),"") | H38: =IF(NOT(ISBLANK('CP, Curs, Sem'!C42)), IF('CP, Curs, Sem'!BP42,'CP, Curs, Sem'!BP42, IF(G38=0,"n/p", IF(AND(G38>=$I$3,G38<=$J$3),$K$3, IF(AND(G38>=$I$4,G38<=$J$4),$K$4, IF(AND(G38>=$I$5,G38<=$J$5),$K$5, IF(AND(G38>=$I$6,G38<=$J$6),$K$6, IF(AND(G38>=$I$7,G38<=$J$7),$K$7, IF(AND(G38>=$I$8,G38<=$J$8),$K$8, IF(AND(G38>=$I$9,G38<=$J$9),$K$9, IF(AND(G38>=$I$10,G38<=$J$10),$K$10, IF(AND(G38>=$I$11,G38<=$J$11),$K$11))))))))))), "")
A39: =IF(NOT(ISBLANK('CP, Curs, Sem'!B43)),'CP, Curs, Sem'!B43,"") | B39: =IF(NOT(ISBLANK('CP, Curs, Sem'!C43)),'CP, Curs, Sem'!C43,"") | G39: =IF(NOT(ISBLANK('CP, Curs, Sem'!C43)),ROUND(SUM(C39:F39),0),"") | H39: =IF(NOT(ISBLANK('CP, Curs, Sem'!C43)), IF('CP, Curs, Sem'!BP43,'CP, Curs, Sem'!BP43, IF(G39=0,"n/p", IF(AND(G39>=$I$3,G39<=$J$3),$K$3, IF(AND(G39>=$I$4,G39<=$J$4),$K$4, IF(AND(G39>=$I$5,G39<=$J$5),$K$5, IF(AND(G39>=$I$6,G39<=$J$6),$K$6, IF(AND(G39>=$I$7,G39<=$J$7),$K$7, IF(AND(G39>=$I$8,G39<=$J$8),$K$8, IF(AND(G39>=$I$9,G39<=$J$9),$K$9, IF(AND(G39>=$I$10,G39<=$J$10),$K$10, IF(AND(G39>=$I$11,G39<=$J$11),$K$11))))))))))), "")
A40: =IF(NOT(ISBLANK('CP, Curs, Sem'!B44)),'CP, Curs, Sem'!B44,"") | B40: =IF(NOT(ISBLANK('CP, Curs, Sem'!C44)),'CP, Curs, Sem'!C44,"") | G40: =IF(NOT(ISBLANK('CP, Curs, Sem'!C44)),ROUND(SUM(C40:F40),0),"") | H40: =IF(NOT(ISBLANK('CP, Curs, Sem'!C44)), IF('CP, Curs, Sem'!BP44,'CP, Curs, Sem'!BP44, IF(G40=0,"n/p", IF(AND(G40>=$I$3,G40<=$J$3),$K$3, IF(AND(G40>=$I$4,G40<=$J$4),$K$4, IF(AND(G40>=$I$5,G40<=$J$5),$K$5, IF(AND(G40>=$I$6,G40<=$J$6),$K$6, IF(AND(G40>=$I$7,G40<=$J$7),$K$7, IF(AND(G40>=$I$8,G40<=$J$8),$K$8, IF(AND(G40>=$I$9,G40<=$J$9),$K$9, IF(AND(G40>=$I$10,G40<=$J$10),$K$10, IF(AND(G40>=$I$11,G40<=$J$11),$K$11))))))))))), "")
A41: =IF(NOT(ISBLANK('CP, Curs, Sem'!B45)),'CP, Curs, Sem'!B45,"") | B41: =IF(NOT(ISBLANK('CP, Curs, Sem'!C45)),'CP, Curs, Sem'!C45,"") | G41: =IF(NOT(ISBLANK('CP, Curs, Sem'!C45)),ROUND(SUM(C41:F41),0),"") | H41: =IF(NOT(ISBLANK('CP, Curs, Sem'!C45)), IF('CP, Curs, Sem'!BP45,'CP, Curs, Sem'!BP45, IF(G41=0,"n/p", IF(AND(G41>=$I$3,G41<=$J$3),$K$3, IF(AND(G41>=$I$4,G41<=$J$4),$K$4, IF(AND(G41>=$I$5,G41<=$J$5),$K$5, IF(AND(G41>=$I$6,G41<=$J$6),$K$6, IF(AND(G41>=$I$7,G41<=$J$7),$K$7, IF(AND(G41>=$I$8,G41<=$J$8),$K$8, IF(AND(G41>=$I$9,G41<=$J$9),$K$9, IF(AND(G41>=$I$10,G41<=$J$10),$K$10, IF(AND(G41>=$I$11,G41<=$J$11),$K$11))))))))))), "")
A42: =IF(NOT(ISBLANK('CP, Curs, Sem'!B46)),'CP, Curs, Sem'!B46,"") | B42: =IF(NOT(ISBLANK('CP, Curs, Sem'!C46)),'CP, Curs, Sem'!C46,"") | G42: =IF(NOT(ISBLANK('CP, Curs, Sem'!C46)),ROUND(SUM(C42:F42),0),"") | H42: =IF(NOT(ISBLANK('CP, Curs, Sem'!C46)), IF('CP, Curs, Sem'!BP46,'CP, Curs, Sem'!BP46, IF(G42=0,"n/p", IF(AND(G42>=$I$3,G42<=$J$3),$K$3, IF(AND(G42>=$I$4,G42<=$J$4),$K$4, IF(AND(G42>=$I$5,G42<=$J$5),$K$5, IF(AND(G42>=$I$6,G42<=$J$6),$K$6, IF(AND(G42>=$I$7,G42<=$J$7),$K$7, IF(AND(G42>=$I$8,G42<=$J$8),$K$8, IF(AND(G42>=$I$9,G42<=$J$9),$K$9, IF(AND(G42>=$I$10,G42<=$J$10),$K$10, IF(AND(G42>=$I$11,G42<=$J$11),$K$11))))))))))), "")
A43: =IF(NOT(ISBLANK('CP, Curs, Sem'!B47)),'CP, Curs, Sem'!B47,"") | B43: =IF(NOT(ISBLANK('CP, Curs, Sem'!C47)),'CP, Curs, Sem'!C47,"") | G43: =IF(NOT(ISBLANK('CP, Curs, Sem'!C47)),ROUND(SUM(C43:F43),0),"") | H43: =IF(NOT(ISBLANK('CP, Curs, Sem'!C47)), IF('CP, Curs, Sem'!BP47,'CP, Curs, Sem'!BP47, IF(G43=0,"n/p", IF(AND(G43>=$I$3,G43<=$J$3),$K$3, IF(AND(G43>=$I$4,G43<=$J$4),$K$4, IF(AND(G43>=$I$5,G43<=$J$5),$K$5, IF(AND(G43>=$I$6,G43<=$J$6),$K$6, IF(AND(G43>=$I$7,G43<=$J$7),$K$7, IF(AND(G43>=$I$8,G43<=$J$8),$K$8, IF(AND(G43>=$I$9,G43<=$J$9),$K$9, IF(AND(G43>=$I$10,G43<=$J$10),$K$10, IF(AND(G43>=$I$11,G43<=$J$11),$K$11))))))))))), "")
... A101: =IF(NOT(ISBLANK('CP, Curs, Sem'!B105)),'CP, Curs, Sem'!B105,"") | B101: =IF(NOT(ISBLANK('CP, Curs, Sem'!C105)),'CP, Curs, Sem'!C105,"") | G101: =IF(NOT(ISBLANK('CP, Curs, Sem'!C105)),ROUND(SUM(C101:F101),0),"") | H101: =IF(NOT(ISBLANK('CP, Curs, Sem'!C105)), IF('CP, Curs, Sem'!BP105,'CP, Curs, Sem'!BP105, IF(G101=0,"n/p", IF(AND(G101>=$I$3,G101<=$J$3),$K$3, IF(AND(G101>=$I$4,G101<=$J$4),$K$4, IF(AND(G101>=$I$5,G101<=$J$5),$K$5, IF(AND(G101>=$I$6,G101<=$J$6),$K$6, IF(AND(G101>=$I$7,G101<=$J$7),$K$7, IF(AND(G101>=$I$8,G101<=$J$8),$K$8, IF(AND(G101>=$I$9,G101<=$J$9),$K$9, IF(AND(G101>=$I$10,G101<=$J$10),$K$10, IF(AND(G101>=$I$11,G101<=$J$11),$K$11))))))))))), "")

Sheet Registru_ CP
AK1: Evidenţa îndeplinirii planului de învăţământ
AJ2: Denumirea disciplinei __Științe Aplicate____
B3: Evidenţa frecvenţei, reuşitei curente, evaluării curente a studenţilor | AJ3: Forma de studii ___prelegeri/lucrări practice____ (prelegeri, lucrări practice / seminarii, lucrări de laborator)
C4: ='CP, Curs, Sem'!E3 -> Curs Preuniversitar | AJ4: Cadrul didactic: conf.univ., dr. Sanduleac Ionel
A5: Nr. crt. | B5: Numele, prenumele / Data | C5: =IF('CP, Curs, Sem'!E5<>"",'CP, Curs, Sem'!E5,"") -> 01.02 | D5: =IF('CP, Curs, Sem'!F5<>"",'CP, Curs, Sem'!F5,"") | E5: =IF('CP, Curs, Sem'!G5<>"",'CP, Curs, Sem'!G5,"") | F5: =IF('CP, Curs, Sem'!H5<>"",'CP, Curs, Sem'!H5,"") | G5: =IF('CP, Curs, Sem'!I5<>"",'CP, Curs, Sem'!I5,"") | H5: =IF('CP, Curs, Sem'!J5<>"",'CP, Curs, Sem'!J5,"") | I5: =IF('CP, Curs, Sem'!K5<>"",'CP, Curs, Sem'!K5,"") | J5: =IF('CP, Curs, Sem'!L5<>"",'CP, Curs, Sem'!L5,"") | ... Q5: =IF('CP, Curs, Sem'!S5<>"",'CP, Curs, Sem'!S5,"") | AF5: Evaluare curentă | AJ5: Data | AK5: Temele de studii | AL5: Nr. de ore | AM5: Semnătura cadrului didactic
AF6: nr.1 | AG6: nr.2 | AH6: Proiect / teză de an
A7: ='CP, Curs, Sem'!B6 -> 1 | B7: =IF(NOT(ISBLANK('CP, Curs, Sem'!C6)),'CP, Curs, Sem'!C6,"") -> Nume, Prenume | C7: =IF('CP, Curs, Sem'!E6<>"a","",'CP, Curs, Sem'!E6) | D7: =IF('CP, Curs, Sem'!F6<>"a","",'CP, Curs, Sem'!F6) | E7: =IF('CP, Curs, Sem'!G6<>"a","",'CP, Curs, Sem'!G6) | F7: =IF('CP, Curs, Sem'!H6<>"a","",'CP, Curs, Sem'!H6) | G7: =IF('CP, Curs, Sem'!I6<>"a","",'CP, Curs, Sem'!I6) | H7: =IF('CP, Curs, Sem'!J6<>"a","",'CP, Curs, Sem'!J6) | I7: =IF('CP, Curs, Sem'!K6<>"a","",'CP, Curs, Sem'!K6) | J7: =IF('CP, Curs, Sem'!L6<>"a","",'CP, Curs, Sem'!L6) | ... Q7: =IF('CP, Curs, Sem'!S6<>"a","",'CP, Curs, Sem'!S6) | AJ7: =C5 -> 01.02 | AK7: Tema 1_1. CP. Cinematica (mișcarea rectilinie uniformă) | AL7: 2 | AM7: Sanduleac
A8: ='CP, Curs, Sem'!B7 | B8: =IF(NOT(ISBLANK('CP, Curs, Sem'!C7)),'CP, Curs, Sem'!C7,"") | C8: =IF('CP, Curs, Sem'!E7<>"a","",'CP, Curs, Sem'!E7) | D8: =IF('CP, Curs, Sem'!F7<>"a","",'CP, Curs, Sem'!F7) | E8: =IF('CP, Curs, Sem'!G7<>"a","",'CP, Curs, Sem'!G7) | F8: =IF('CP, Curs, Sem'!H7<>"a","",'CP, Curs, Sem'!H7) | G8: =IF('CP, Curs, Sem'!I7<>"a","",'CP, Curs, Sem'!I7) | H8: =IF('CP, Curs, Sem'!J7<>"a","",'CP, Curs, Sem'!J7) | I8: =IF('CP, Curs, Sem'!K7<>"a","",'CP, Curs, Sem'!K7) | J8: =IF('CP, Curs, Sem'!L7<>"a","",'CP, Curs, Sem'!L7) | ... Q8: =IF('CP, Curs, Sem'!S7<>"a","",'CP, Curs, Sem'!S7) | AJ8: =D5 | AK8: Tema 1_2. CP. Cinematica (mișcarea uniform accelerată, căderea liberă)
A9: ='CP, Curs, Sem'!B8 | B9: =IF(NOT(ISBLANK('CP, Curs, Sem'!C8)),'CP, Curs, Sem'!C8,"") | C9: =IF('CP, Curs, Sem'!E8<>"a","",'CP, Curs, Sem'!E8) | D9: =IF('CP, Curs, Sem'!F8<>"a","",'CP, Curs, Sem'!F8) | E9: =IF('CP, Curs, Sem'!G8<>"a","",'CP, Curs, Sem'!G8) | F9: =IF('CP, Curs, Sem'!H8<>"a","",'CP, Curs, Sem'!H8) | G9: =IF('CP, Curs, Sem'!I8<>"a","",'CP, Curs, Sem'!I8) | H9: =IF('CP, Curs, Sem'!J8<>"a","",'CP, Curs, Sem'!J8) | I9: =IF('CP, Curs, Sem'!K8<>"a","",'CP, Curs, Sem'!K8) | J9: =IF('CP, Curs, Sem'!L8<>"a","",'CP, Curs, Sem'!L8) | ... Q9: =IF('CP, Curs, Sem'!S8<>"a","",'CP, Curs, Sem'!S8) | AJ9: =E5 | AK9: Tema 2_1. CP. Dinamica (legile dinamicii)
A10: ='CP, Curs, Sem'!B9 | B10: =IF(NOT(ISBLANK('CP, Curs, Sem'!C9)),'CP, Curs, Sem'!C9,"") | C10: =IF('CP, Curs, Sem'!E9<>"a","",'CP, Curs, Sem'!E9) | D10: =IF('CP, Curs, Sem'!F9<>"a","",'CP, Curs, Sem'!F9) | E10: =IF('CP, Curs, Sem'!G9<>"a","",'CP, Curs, Sem'!G9) | F10: =IF('CP, Curs, Sem'!H9<>"a","",'CP, Curs, Sem'!H9) | G10: =IF('CP, Curs, Sem'!I9<>"a","",'CP, Curs, Sem'!I9) | H10: =IF('CP, Curs, Sem'!J9<>"a","",'CP, Curs, Sem'!J9) | I10: =IF('CP, Curs, Sem'!K9<>"a","",'CP, Curs, Sem'!K9) | J10: =IF('CP, Curs, Sem'!L9<>"a","",'CP, Curs, Sem'!L9) | ... Q10: =IF('CP, Curs, Sem'!S9<>"a","",'CP, Curs, Sem'!S9) | AJ10: =F5 | AK10: Tema 2_2. CP. Dinamica (legea lui Hooke, legea atracţiei universale)
A11: ='CP, Curs, Sem'!B10 | B11: =IF(NOT(ISBLANK('CP, Curs, Sem'!C10)),'CP, Curs, Sem'!C10,"") | C11: =IF('CP, Curs, Sem'!E10<>"a","",'CP, Curs, Sem'!E10) | D11: =IF('CP, Curs, Sem'!F10<>"a","",'CP, Curs, Sem'!F10) | E11: =IF('CP, Curs, Sem'!G10<>"a","",'CP, Curs, Sem'!G10) | F11: =IF('CP, Curs, Sem'!H10<>"a","",'CP, Curs, Sem'!H10) | G11: =IF('CP, Curs, Sem'!I10<>"a","",'CP, Curs, Sem'!I10) | H11: =IF('CP, Curs, Sem'!J10<>"a","",'CP, Curs, Sem'!J10) | I11: =IF('CP, Curs, Sem'!K10<>"a","",'CP, Curs, Sem'!K10) | J11: =IF('CP, Curs, Sem'!L10<>"a","",'CP, Curs, Sem'!L10) | ... Q11: =IF('CP, Curs, Sem'!S10<>"a","",'CP, Curs, Sem'!S10) | AJ11: =G5 | AK11: Tema 3_1. CP. Legile de conservare în mecanică (Lucrul și puterea)
A12: ='CP, Curs, Sem'!B11 | B12: =IF(NOT(ISBLANK('CP, Curs, Sem'!C11)),'CP, Curs, Sem'!C11,"") | C12: =IF('CP, Curs, Sem'!E11<>"a","",'CP, Curs, Sem'!E11) | D12: =IF('CP, Curs, Sem'!F11<>"a","",'CP, Curs, Sem'!F11) | E12: =IF('CP, Curs, Sem'!G11<>"a","",'CP, Curs, Sem'!G11) | F12: =IF('CP, Curs, Sem'!H11<>"a","",'CP, Curs, Sem'!H11) | G12: =IF('CP, Curs, Sem'!I11<>"a","",'CP, Curs, Sem'!I11) | H12: =IF('CP, Curs, Sem'!J11<>"a","",'CP, Curs, Sem'!J11) | I12: =IF('CP, Curs, Sem'!K11<>"a","",'CP, Curs, Sem'!K11) | J12: =IF('CP, Curs, Sem'!L11<>"a","",'CP, Curs, Sem'!L11) | ... Q12: =IF('CP, Curs, Sem'!S11<>"a","",'CP, Curs, Sem'!S11) | AJ12: =H5 | AK12: Tema 3_2. CP. Legile de conservare în mecanică (Legea conservării impulsului și energiei mecanice)
A13: ='CP, Curs, Sem'!B12 | B13: =IF(NOT(ISBLANK('CP, Curs, Sem'!C12)),'CP, Curs, Sem'!C12,"") | C13: =IF('CP, Curs, Sem'!E12<>"a","",'CP, Curs, Sem'!E12) | D13: =IF('CP, Curs, Sem'!F12<>"a","",'CP, Curs, Sem'!F12) | E13: =IF('CP, Curs, Sem'!G12<>"a","",'CP, Curs, Sem'!G12) | F13: =IF('CP, Curs, Sem'!H12<>"a","",'CP, Curs, Sem'!H12) | G13: =IF('CP, Curs, Sem'!I12<>"a","",'CP, Curs, Sem'!I12) | H13: =IF('CP, Curs, Sem'!J12<>"a","",'CP, Curs, Sem'!J12) | I13: =IF('CP, Curs, Sem'!K12<>"a","",'CP, Curs, Sem'!K12) | J13: =IF('CP, Curs, Sem'!L12<>"a","",'CP, Curs, Sem'!L12) | ... Q13: =IF('CP, Curs, Sem'!S12<>"a","",'CP, Curs, Sem'!S12) | AJ13: =I5 | AK13: Tema 4. CP. Statica. Lichide şi gaze (condiţiile de echilibru, centrul de greutate. Legea lui Arhimede)
A14: ='CP, Curs, Sem'!B13 | B14: =IF(NOT(ISBLANK('CP, Curs, Sem'!C13)),'CP, Curs, Sem'!C13,"") | C14: =IF('CP, Curs, Sem'!E13<>"a","",'CP, Curs, Sem'!E13) | D14: =IF('CP, Curs, Sem'!F13<>"a","",'CP, Curs, Sem'!F13) | E14: =IF('CP, Curs, Sem'!G13<>"a","",'CP, Curs, Sem'!G13) | F14: =IF('CP, Curs, Sem'!H13<>"a","",'CP, Curs, Sem'!H13) | G14: =IF('CP, Curs, Sem'!I13<>"a","",'CP, Curs, Sem'!I13) | H14: =IF('CP, Curs, Sem'!J13<>"a","",'CP, Curs, Sem'!J13) | I14: =IF('CP, Curs, Sem'!K13<>"a","",'CP, Curs, Sem'!K13) | J14: =IF('CP, Curs, Sem'!L13<>"a","",'CP, Curs, Sem'!L13) | ... Q14: =IF('CP, Curs, Sem'!S13<>"a","",'CP, Curs, Sem'!S13) | AJ14: =J5 | AK14: Tema 5. CP. Teoria cinetico moleculară. Legile gazelor. Ecuaţia de stare.
A15: ='CP, Curs, Sem'!B14 | B15: =IF(NOT(ISBLANK('CP, Curs, Sem'!C14)),'CP, Curs, Sem'!C14,"") | C15: =IF('CP, Curs, Sem'!E14<>"a","",'CP, Curs, Sem'!E14) | D15: =IF('CP, Curs, Sem'!F14<>"a","",'CP, Curs, Sem'!F14) | E15: =IF('CP, Curs, Sem'!G14<>"a","",'CP, Curs, Sem'!G14) | F15: =IF('CP, Curs, Sem'!H14<>"a","",'CP, Curs, Sem'!H14) | G15: =IF('CP, Curs, Sem'!I14<>"a","",'CP, Curs, Sem'!I14) | H15: =IF('CP, Curs, Sem'!J14<>"a","",'CP, Curs, Sem'!J14) | I15: =IF('CP, Curs, Sem'!K14<>"a","",'CP, Curs, Sem'!K14) | J15: =IF('CP, Curs, Sem'!L14<>"a","",'CP, Curs, Sem'!L14) | ... Q15: =IF('CP, Curs, Sem'!S14<>"a","",'CP, Curs, Sem'!S14) | AJ15: =K5 | AK15: Tema 6_1. CP. Principiile Termodinamicii
A16: ='CP, Curs, Sem'!B15 | B16: =IF(NOT(ISBLANK('CP, Curs, Sem'!C15)),'CP, Curs, Sem'!C15,"") | C16: =IF('CP, Curs, Sem'!E15<>"a","",'CP, Curs, Sem'!E15) | D16: =IF('CP, Curs, Sem'!F15<>"a","",'CP, Curs, Sem'!F15) | E16: =IF('CP, Curs, Sem'!G15<>"a","",'CP, Curs, Sem'!G15) | F16: =IF('CP, Curs, Sem'!H15<>"a","",'CP, Curs, Sem'!H15) | G16: =IF('CP, Curs, Sem'!I15<>"a","",'CP, Curs, Sem'!I15) | H16: =IF('CP, Curs, Sem'!J15<>"a","",'CP, Curs, Sem'!J15) | I16: =IF('CP, Curs, Sem'!K15<>"a","",'CP, Curs, Sem'!K15) | J16: =IF('CP, Curs, Sem'!L15<>"a","",'CP, Curs, Sem'!L15) | ... Q16: =IF('CP, Curs, Sem'!S15<>"a","",'CP, Curs, Sem'!S15) | AJ16: =L5 | AK16: Tema 6_2. CP. Principiile Termodinamicii. Transformările de fază. Umiditatea.
A17: ='CP, Curs, Sem'!B16 | B17: =IF(NOT(ISBLANK('CP, Curs, Sem'!C16)),'CP, Curs, Sem'!C16,"") | C17: =IF('CP, Curs, Sem'!E16<>"a","",'CP, Curs, Sem'!E16) | D17: =IF('CP, Curs, Sem'!F16<>"a","",'CP, Curs, Sem'!F16) | E17: =IF('CP, Curs, Sem'!G16<>"a","",'CP, Curs, Sem'!G16) | F17: =IF('CP, Curs, Sem'!H16<>"a","",'CP, Curs, Sem'!H16) | G17: =IF('CP, Curs, Sem'!I16<>"a","",'CP, Curs, Sem'!I16) | H17: =IF('CP, Curs, Sem'!J16<>"a","",'CP, Curs, Sem'!J16) | I17: =IF('CP, Curs, Sem'!K16<>"a","",'CP, Curs, Sem'!K16) | J17: =IF('CP, Curs, Sem'!L16<>"a","",'CP, Curs, Sem'!L16) | ... Q17: =IF('CP, Curs, Sem'!S16<>"a","",'CP, Curs, Sem'!S16) | AJ17: =M5 | AK17: Tema 7. CP. Electrostatica
A18: ='CP, Curs, Sem'!B17 | B18: =IF(NOT(ISBLANK('CP, Curs, Sem'!C17)),'CP, Curs, Sem'!C17,"") | C18: =IF('CP, Curs, Sem'!E17<>"a","",'CP, Curs, Sem'!E17) | D18: =IF('CP, Curs, Sem'!F17<>"a","",'CP, Curs, Sem'!F17) | E18: =IF('CP, Curs, Sem'!G17<>"a","",'CP, Curs, Sem'!G17) | F18: =IF('CP, Curs, Sem'!H17<>"a","",'CP, Curs, Sem'!H17) | G18: =IF('CP, Curs, Sem'!I17<>"a","",'CP, Curs, Sem'!I17) | H18: =IF('CP, Curs, Sem'!J17<>"a","",'CP, Curs, Sem'!J17) | I18: =IF('CP, Curs, Sem'!K17<>"a","",'CP, Curs, Sem'!K17) | J18: =IF('CP, Curs, Sem'!L17<>"a","",'CP, Curs, Sem'!L17) | ... Q18: =IF('CP, Curs, Sem'!S17<>"a","",'CP, Curs, Sem'!S17) | AJ18: =N5 | AK18: Tema 8. CP. Curentul electric continuu
A19: ='CP, Curs, Sem'!B18 | B19: =IF(NOT(ISBLANK('CP, Curs, Sem'!C18)),'CP, Curs, Sem'!C18,"") | C19: =IF('CP, Curs, Sem'!E18<>"a","",'CP, Curs, Sem'!E18) | D19: =IF('CP, Curs, Sem'!F18<>"a","",'CP, Curs, Sem'!F18) | E19: =IF('CP, Curs, Sem'!G18<>"a","",'CP, Curs, Sem'!G18) | F19: =IF('CP, Curs, Sem'!H18<>"a","",'CP, Curs, Sem'!H18) | G19: =IF('CP, Curs, Sem'!I18<>"a","",'CP, Curs, Sem'!I18) | H19: =IF('CP, Curs, Sem'!J18<>"a","",'CP, Curs, Sem'!J18) | I19: =IF('CP, Curs, Sem'!K18<>"a","",'CP, Curs, Sem'!K18) | J19: =IF('CP, Curs, Sem'!L18<>"a","",'CP, Curs, Sem'!L18) | ... Q19: =IF('CP, Curs, Sem'!S18<>"a","",'CP, Curs, Sem'!S18) | AJ19: =O5 | AK19: Tema 9. CP. Lucrul şi puterea curentului electric. Curentul electric în diferite medii
A20: ='CP, Curs, Sem'!B19 | B20: =IF(NOT(ISBLANK('CP, Curs, Sem'!C19)),'CP, Curs, Sem'!C19,"") | C20: =IF('CP, Curs, Sem'!E19<>"a","",'CP, Curs, Sem'!E19) | D20: =IF('CP, Curs, Sem'!F19<>"a","",'CP, Curs, Sem'!F19) | E20: =IF('CP, Curs, Sem'!G19<>"a","",'CP, Curs, Sem'!G19) | F20: =IF('CP, Curs, Sem'!H19<>"a","",'CP, Curs, Sem'!H19) | G20: =IF('CP, Curs, Sem'!I19<>"a","",'CP, Curs, Sem'!I19) | H20: =IF('CP, Curs, Sem'!J19<>"a","",'CP, Curs, Sem'!J19) | I20: =IF('CP, Curs, Sem'!K19<>"a","",'CP, Curs, Sem'!K19) | J20: =IF('CP, Curs, Sem'!L19<>"a","",'CP, Curs, Sem'!L19) | ... Q20: =IF('CP, Curs, Sem'!S19<>"a","",'CP, Curs, Sem'!S19) | AJ20: =P5 | AK20: Tema 10. CP. Electromagnetismul
A21: ='CP, Curs, Sem'!B20 | B21: =IF(NOT(ISBLANK('CP, Curs, Sem'!C20)),'CP, Curs, Sem'!C20,"") | C21: =IF('CP, Curs, Sem'!E20<>"a","",'CP, Curs, Sem'!E20) | D21: =IF('CP, Curs, Sem'!F20<>"a","",'CP, Curs, Sem'!F20) | E21: =IF('CP, Curs, Sem'!G20<>"a","",'CP, Curs, Sem'!G20) | F21: =IF('CP, Curs, Sem'!H20<>"a","",'CP, Curs, Sem'!H20) | G21: =IF('CP, Curs, Sem'!I20<>"a","",'CP, Curs, Sem'!I20) | H21: =IF('CP, Curs, Sem'!J20<>"a","",'CP, Curs, Sem'!J20) | I21: =IF('CP, Curs, Sem'!K20<>"a","",'CP, Curs, Sem'!K20) | J21: =IF('CP, Curs, Sem'!L20<>"a","",'CP, Curs, Sem'!L20) | ... Q21: =IF('CP, Curs, Sem'!S20<>"a","",'CP, Curs, Sem'!S20) | AJ21: =Q5 | AK21: Tema 11. CP. Oscilaţii şi unde
A22: ='CP, Curs, Sem'!B21 | B22: =IF(NOT(ISBLANK('CP, Curs, Sem'!C21)),'CP, Curs, Sem'!C21,"") | C22: =IF('CP, Curs, Sem'!E21<>"a","",'CP, Curs, Sem'!E21) | D22: =IF('CP, Curs, Sem'!F21<>"a","",'CP, Curs, Sem'!F21) | E22: =IF('CP, Curs, Sem'!G21<>"a","",'CP, Curs, Sem'!G21) | F22: =IF('CP, Curs, Sem'!H21<>"a","",'CP, Curs, Sem'!H21) | G22: =IF('CP, Curs, Sem'!I21<>"a","",'CP, Curs, Sem'!I21) | H22: =IF('CP, Curs, Sem'!J21<>"a","",'CP, Curs, Sem'!J21) | I22: =IF('CP, Curs, Sem'!K21<>"a","",'CP, Curs, Sem'!K21) | J22: =IF('CP, Curs, Sem'!L21<>"a","",'CP, Curs, Sem'!L21) | ... Q22: =IF('CP, Curs, Sem'!S21<>"a","",'CP, Curs, Sem'!S21) | AK22: Total plan CP | AL22: 30
A23: ='CP, Curs, Sem'!B22 | B23: =IF(NOT(ISBLANK('CP, Curs, Sem'!C22)),'CP, Curs, Sem'!C22,"") | C23: =IF('CP, Curs, Sem'!E22<>"a","",'CP, Curs, Sem'!E22) | D23: =IF('CP, Curs, Sem'!F22<>"a","",'CP, Curs, Sem'!F22) | E23: =IF('CP, Curs, Sem'!G22<>"a","",'CP, Curs, Sem'!G22) | F23: =IF('CP, Curs, Sem'!H22<>"a","",'CP, Curs, Sem'!H22) | G23: =IF('CP, Curs, Sem'!I22<>"a","",'CP, Curs, Sem'!I22) | H23: =IF('CP, Curs, Sem'!J22<>"a","",'CP, Curs, Sem'!J22) | I23: =IF('CP, Curs, Sem'!K22<>"a","",'CP, Curs, Sem'!K22) | J23: =IF('CP, Curs, Sem'!L22<>"a","",'CP, Curs, Sem'!L22) | ... Q23: =IF('CP, Curs, Sem'!S22<>"a","",'CP, Curs, Sem'!S22) | AK23: Total realizat CP | AL23: =SUM(AL7:AL21) -> 2
A24: ='CP, Curs, Sem'!B23 | B24: =IF(NOT(ISBLANK('CP, Curs, Sem'!C23)),'CP, Curs, Sem'!C23,"") | C24: =IF('CP, Curs, Sem'!E23<>"a","",'CP, Curs, Sem'!E23) | D24: =IF('CP, Curs, Sem'!F23<>"a","",'CP, Curs, Sem'!F23) | E24: =IF('CP, Curs, Sem'!G23<>"a","",'CP, Curs, Sem'!G23) | F24: =IF('CP, Curs, Sem'!H23<>"a","",'CP, Curs, Sem'!H23) | G24: =IF('CP, Curs, Sem'!I23<>"a","",'CP, Curs, Sem'!I23) | H24: =IF('CP, Curs, Sem'!J23<>"a","",'CP, Curs, Sem'!J23) | I24: =IF('CP, Curs, Sem'!K23<>"a","",'CP, Curs, Sem'!K23) | J24: =IF('CP, Curs, Sem'!L23<>"a","",'CP, Curs, Sem'!L23) | ... Q24: =IF('CP, Curs, Sem'!S23<>"a","",'CP, Curs, Sem'!S23)
A25: ='CP, Curs, Sem'!B24 | B25: =IF(NOT(ISBLANK('CP, Curs, Sem'!C24)),'CP, Curs, Sem'!C24,"") | C25: =IF('CP, Curs, Sem'!E24<>"a","",'CP, Curs, Sem'!E24) | D25: =IF('CP, Curs, Sem'!F24<>"a","",'CP, Curs, Sem'!F24) | E25: =IF('CP, Curs, Sem'!G24<>"a","",'CP, Curs, Sem'!G24) | F25: =IF('CP, Curs, Sem'!H24<>"a","",'CP, Curs, Sem'!H24) | G25: =IF('CP, Curs, Sem'!I24<>"a","",'CP, Curs, Sem'!I24) | H25: =IF('CP, Curs, Sem'!J24<>"a","",'CP, Curs, Sem'!J24) | I25: =IF('CP, Curs, Sem'!K24<>"a","",'CP, Curs, Sem'!K24) | J25: =IF('CP, Curs, Sem'!L24<>"a","",'CP, Curs, Sem'!L24) | ... Q25: =IF('CP, Curs, Sem'!S24<>"a","",'CP, Curs, Sem'!S24)
A26: ='CP, Curs, Sem'!B25 | B26: =IF(NOT(ISBLANK('CP, Curs, Sem'!C25)),'CP, Curs, Sem'!C25,"") | C26: =IF('CP, Curs, Sem'!E25<>"a","",'CP, Curs, Sem'!E25) | D26: =IF('CP, Curs, Sem'!F25<>"a","",'CP, Curs, Sem'!F25) | E26: =IF('CP, Curs, Sem'!G25<>"a","",'CP, Curs, Sem'!G25) | F26: =IF('CP, Curs, Sem'!H25<>"a","",'CP, Curs, Sem'!H25) | G26: =IF('CP, Curs, Sem'!I25<>"a","",'CP, Curs, Sem'!I25) | H26: =IF('CP, Curs, Sem'!J25<>"a","",'CP, Curs, Sem'!J25) | I26: =IF('CP, Curs, Sem'!K25<>"a","",'CP, Curs, Sem'!K25) | J26: =IF('CP, Curs, Sem'!L25<>"a","",'CP, Curs, Sem'!L25) | ... Q26: =IF('CP, Curs, Sem'!S25<>"a","",'CP, Curs, Sem'!S25)
A27: ='CP, Curs, Sem'!B26 | B27: =IF(NOT(ISBLANK('CP, Curs, Sem'!C26)),'CP, Curs, Sem'!C26,"") | C27: =IF('CP, Curs, Sem'!E26<>"a","",'CP, Curs, Sem'!E26) | D27: =IF('CP, Curs, Sem'!F26<>"a","",'CP, Curs, Sem'!F26) | E27: =IF('CP, Curs, Sem'!G26<>"a","",'CP, Curs, Sem'!G26) | F27: =IF('CP, Curs, Sem'!H26<>"a","",'CP, Curs, Sem'!H26) | G27: =IF('CP, Curs, Sem'!I26<>"a","",'CP, Curs, Sem'!I26) | H27: =IF('CP, Curs, Sem'!J26<>"a","",'CP, Curs, Sem'!J26) | I27: =IF('CP, Curs, Sem'!K26<>"a","",'CP, Curs, Sem'!K26) | J27: =IF('CP, Curs, Sem'!L26<>"a","",'CP, Curs, Sem'!L26) | ... Q27: =IF('CP, Curs, Sem'!S26<>"a","",'CP, Curs, Sem'!S26)
A28: ='CP, Curs, Sem'!B27 | B28: =IF(NOT(ISBLANK('CP, Curs, Sem'!C27)),'CP, Curs, Sem'!C27,"") | C28: =IF('CP, Curs, Sem'!E27<>"a","",'CP, Curs, Sem'!E27) | D28: =IF('CP, Curs, Sem'!F27<>"a","",'CP, Curs, Sem'!F27) | E28: =IF('CP, Curs, Sem'!G27<>"a","",'CP, Curs, Sem'!G27) | F28: =IF('CP, Curs, Sem'!H27<>"a","",'CP, Curs, Sem'!H27) | G28: =IF('CP, Curs, Sem'!I27<>"a","",'CP, Curs, Sem'!I27) | H28: =IF('CP, Curs, Sem'!J27<>"a","",'CP, Curs, Sem'!J27) | I28: =IF('CP, Curs, Sem'!K27<>"a","",'CP, Curs, Sem'!K27) | J28: =IF('CP, Curs, Sem'!L27<>"a","",'CP, Curs, Sem'!L27) | ... Q28: =IF('CP, Curs, Sem'!S27<>"a","",'CP, Curs, Sem'!S27)
A29: ='CP, Curs, Sem'!B28 | B29: =IF(NOT(ISBLANK('CP, Curs, Sem'!C28)),'CP, Curs, Sem'!C28,"") | C29: =IF('CP, Curs, Sem'!E28<>"a","",'CP, Curs, Sem'!E28) | D29: =IF('CP, Curs, Sem'!F28<>"a","",'CP, Curs, Sem'!F28) | E29: =IF('CP, Curs, Sem'!G28<>"a","",'CP, Curs, Sem'!G28) | F29: =IF('CP, Curs, Sem'!H28<>"a","",'CP, Curs, Sem'!H28) | G29: =IF('CP, Curs, Sem'!I28<>"a","",'CP, Curs, Sem'!I28) | H29: =IF('CP, Curs, Sem'!J28<>"a","",'CP, Curs, Sem'!J28) | I29: =IF('CP, Curs, Sem'!K28<>"a","",'CP, Curs, Sem'!K28) | J29: =IF('CP, Curs, Sem'!L28<>"a","",'CP, Curs, Sem'!L28) | ... Q29: =IF('CP, Curs, Sem'!S28<>"a","",'CP, Curs, Sem'!S28)
A30: ='CP, Curs, Sem'!B29 | B30: =IF(NOT(ISBLANK('CP, Curs, Sem'!C29)),'CP, Curs, Sem'!C29,"") | C30: =IF('CP, Curs, Sem'!E29<>"a","",'CP, Curs, Sem'!E29) | D30: =IF('CP, Curs, Sem'!F29<>"a","",'CP, Curs, Sem'!F29) | E30: =IF('CP, Curs, Sem'!G29<>"a","",'CP, Curs, Sem'!G29) | F30: =IF('CP, Curs, Sem'!H29<>"a","",'CP, Curs, Sem'!H29) | G30: =IF('CP, Curs, Sem'!I29<>"a","",'CP, Curs, Sem'!I29) | H30: =IF('CP, Curs, Sem'!J29<>"a","",'CP, Curs, Sem'!J29) | I30: =IF('CP, Curs, Sem'!K29<>"a","",'CP, Curs, Sem'!K29) | J30: =IF('CP, Curs, Sem'!L29<>"a","",'CP, Curs, Sem'!L29) | ... Q30: =IF('CP, Curs, Sem'!S29<>"a","",'CP, Curs, Sem'!S29)
A31: ='CP, Curs, Sem'!B30 | B31: =IF(NOT(ISBLANK('CP, Curs, Sem'!C30)),'CP, Curs, Sem'!C30,"") | C31: =IF('CP, Curs, Sem'!E30<>"a","",'CP, Curs, Sem'!E30) | D31: =IF('CP, Curs, Sem'!F30<>"a","",'CP, Curs, Sem'!F30) | E31: =IF('CP, Curs, Sem'!G30<>"a","",'CP, Curs, Sem'!G30) | F31: =IF('CP, Curs, Sem'!H30<>"a","",'CP, Curs, Sem'!H30) | G31: =IF('CP, Curs, Sem'!I30<>"a","",'CP, Curs, Sem'!I30) | H31: =IF('CP, Curs, Sem'!J30<>"a","",'CP, Curs, Sem'!J30) | I31: =IF('CP, Curs, Sem'!K30<>"a","",'CP, Curs, Sem'!K30) | J31: =IF('CP, Curs, Sem'!L30<>"a","",'CP, Curs, Sem'!L30) | ... Q31: =IF('CP, Curs, Sem'!S30<>"a","",'CP, Curs, Sem'!S30)
A32: ='CP, Curs, Sem'!B31 | B32: =IF(NOT(ISBLANK('CP, Curs, Sem'!C31)),'CP, Curs, Sem'!C31,"") | C32: =IF('CP, Curs, Sem'!E31<>"a","",'CP, Curs, Sem'!E31) | D32: =IF('CP, Curs, Sem'!F31<>"a","",'CP, Curs, Sem'!F31) | E32: =IF('CP, Curs, Sem'!G31<>"a","",'CP, Curs, Sem'!G31) | F32: =IF('CP, Curs, Sem'!H31<>"a","",'CP, Curs, Sem'!H31) | G32: =IF('CP, Curs, Sem'!I31<>"a","",'CP, Curs, Sem'!I31) | H32: =IF('CP, Curs, Sem'!J31<>"a","",'CP, Curs, Sem'!J31) | I32: =IF('CP, Curs, Sem'!K31<>"a","",'CP, Curs, Sem'!K31) | J32: =IF('CP, Curs, Sem'!L31<>"a","",'CP, Curs, Sem'!L31) | ... Q32: =IF('CP, Curs, Sem'!S31<>"a","",'CP, Curs, Sem'!S31)
A33: ='CP, Curs, Sem'!B32 | B33: =IF(NOT(ISBLANK('CP, Curs, Sem'!C32)),'CP, Curs, Sem'!C32,"") | C33: =IF('CP, Curs, Sem'!E32<>"a","",'CP, Curs, Sem'!E32) | D33: =IF('CP, Curs, Sem'!F32<>"a","",'CP, Curs, Sem'!F32) | E33: =IF('CP, Curs, Sem'!G32<>"a","",'CP, Curs, Sem'!G32) | F33: =IF('CP, Curs, Sem'!H32<>"a","",'CP, Curs, Sem'!H32) | G33: =IF('CP, Curs, Sem'!I32<>"a","",'CP, Curs, Sem'!I32) | H33: =IF('CP, Curs, Sem'!J32<>"a","",'CP, Curs, Sem'!J32) | I33: =IF('CP, Curs, Sem'!K32<>"a","",'CP, Curs, Sem'!K32) | J33: =IF('CP, Curs, Sem'!L32<>"a","",'CP, Curs, Sem'!L32) | ... Q33: =IF('CP, Curs, Sem'!S32<>"a","",'CP, Curs, Sem'!S32)
A34: ='CP, Curs, Sem'!B33 | B34: =IF(NOT(ISBLANK('CP, Curs, Sem'!C33)),'CP, Curs, Sem'!C33,"") | C34: =IF('CP, Curs, Sem'!E33<>"a","",'CP, Curs, Sem'!E33) | D34: =IF('CP, Curs, Sem'!F33<>"a","",'CP, Curs, Sem'!F33) | E34: =IF('CP, Curs, Sem'!G33<>"a","",'CP, Curs, Sem'!G33) | F34: =IF('CP, Curs, Sem'!H33<>"a","",'CP, Curs, Sem'!H33) | G34: =IF('CP, Curs, Sem'!I33<>"a","",'CP, Curs, Sem'!I33) | H34: =IF('CP, Curs, Sem'!J33<>"a","",'CP, Curs, Sem'!J33) | I34: =IF('CP, Curs, Sem'!K33<>"a","",'CP, Curs, Sem'!K33) | J34: =IF('CP, Curs, Sem'!L33<>"a","",'CP, Curs, Sem'!L33) | ... Q34: =IF('CP, Curs, Sem'!S33<>"a","",'CP, Curs, Sem'!S33)
A35: ='CP, Curs, Sem'!B34 | B35: =IF(NOT(ISBLANK('CP, Curs, Sem'!C34)),'CP, Curs, Sem'!C34,"") | C35: =IF('CP, Curs, Sem'!E34<>"a","",'CP, Curs, Sem'!E34) | D35: =IF('CP, Curs, Sem'!F34<>"a","",'CP, Curs, Sem'!F34) | E35: =IF('CP, Curs, Sem'!G34<>"a","",'CP, Curs, Sem'!G34) | F35: =IF('CP, Curs, Sem'!H34<>"a","",'CP, Curs, Sem'!H34) | G35: =IF('CP, Curs, Sem'!I34<>"a","",'CP, Curs, Sem'!I34) | H35: =IF('CP, Curs, Sem'!J34<>"a","",'CP, Curs, Sem'!J34) | I35: =IF('CP, Curs, Sem'!K34<>"a","",'CP, Curs, Sem'!K34) | J35: =IF('CP, Curs, Sem'!L34<>"a","",'CP, Curs, Sem'!L34) | ... Q35: =IF('CP, Curs, Sem'!S34<>"a","",'CP, Curs, Sem'!S34)
... A106: ='CP, Curs, Sem'!B105 | B106: =IF(NOT(ISBLANK('CP, Curs, Sem'!C105)),'CP, Curs, Sem'!C105,"") | C106: =IF('CP, Curs, Sem'!E105<>"a","",'CP, Curs, Sem'!E105) | D106: =IF('CP, Curs, Sem'!F105<>"a","",'CP, Curs, Sem'!F105) | E106: =IF('CP, Curs, Sem'!G105<>"a","",'CP, Curs, Sem'!G105) | F106: =IF('CP, Curs, Sem'!H105<>"a","",'CP, Curs, Sem'!H105) | G106: =IF('CP, Curs, Sem'!I105<>"a","",'CP, Curs, Sem'!I105) | H106: =IF('CP, Curs, Sem'!J105<>"a","",'CP, Curs, Sem'!J105) | I106: =IF('CP, Curs, Sem'!K105<>"a","",'CP, Curs, Sem'!K105) | J106: =IF('CP, Curs, Sem'!L105<>"a","",'CP, Curs, Sem'!L105) | ... Q106: =IF('CP, Curs, Sem'!S105<>"a","",'CP, Curs, Sem'!S105)

Sheet Registru_ Curs
AK1: Evidenţa îndeplinirii planului de învăţământ
AJ2: Denumirea disciplinei __Științe Aplicate____
B3: Evidenţa frecvenţei, reuşitei curente, evaluării curente a studenţilor | AJ3: Forma de studii ___prelegeri____ (prelegeri, lucrări practice / seminarii, lucrări de laborator)
C4: ='CP, Curs, Sem'!U3 -> Curs Universitar. Curs | AJ4: Cadrul didactic: Conf.univ., dr. Hab. Tronciu Vasile, conf.univ., dr. Sanduleac Ionel
A5: Nr. crt. | B5: Numele, prenumele / Data | C5: =IF('CP, Curs, Sem'!U5<>"",'CP, Curs, Sem'!U5,"") -> 02.03 | D5: =IF('CP, Curs, Sem'!V5<>"",'CP, Curs, Sem'!V5,"") | E5: =IF('CP, Curs, Sem'!W5<>"",'CP, Curs, Sem'!W5,"") | F5: =IF('CP, Curs, Sem'!X5<>"",'CP, Curs, Sem'!X5,"") | G5: =IF('CP, Curs, Sem'!Y5<>"",'CP, Curs, Sem'!Y5,"") | H5: =IF('CP, Curs, Sem'!Z5<>"",'CP, Curs, Sem'!Z5,"") | I5: =IF('CP, Curs, Sem'!AA5<>"",'CP, Curs, Sem'!AA5,"") | J5: =IF('CP, Curs, Sem'!AB5<>"",'CP, Curs, Sem'!AB5,"") | ... Q5: =IF('CP, Curs, Sem'!AI5<>"",'CP, Curs, Sem'!AI5,"") | AF5: Evaluare curentă | AJ5: Data | AK5: Temele de studii | AL5: Nr. de ore | AM5: Semnătura cadrului didactic
AF6: nr.1 | AG6: nr.2 | AH6: Proiect / teză de an
A7: ='CP, Curs, Sem'!B6 -> 1 | B7: =IF(NOT(ISBLANK('CP, Curs, Sem'!C6)),'CP, Curs, Sem'!C6,"") -> Nume, Prenume | C7: =IF('CP, Curs, Sem'!U6<>"a","",'CP, Curs, Sem'!U6) | D7: =IF('CP, Curs, Sem'!V6<>"a","",'CP, Curs, Sem'!V6) | E7: =IF('CP, Curs, Sem'!W6<>"a","",'CP, Curs, Sem'!W6) | F7: =IF('CP, Curs, Sem'!X6<>"a","",'CP, Curs, Sem'!X6) | G7: =IF('CP, Curs, Sem'!Y6<>"a","",'CP, Curs, Sem'!Y6) | H7: =IF('CP, Curs, Sem'!Z6<>"a","",'CP, Curs, Sem'!Z6) | I7: =IF('CP, Curs, Sem'!AA6<>"a","",'CP, Curs, Sem'!AA6) | J7: =IF('CP, Curs, Sem'!AB6<>"a","",'CP, Curs, Sem'!AB6) | ... Q7: =IF('CP, Curs, Sem'!AI6<>"a","",'CP, Curs, Sem'!AI6) | AJ7: =C5 -> 02.03 | AK7: Introducere. Cinematica punctului material. | AL7: 2
A8: ='CP, Curs, Sem'!B7 | B8: =IF(NOT(ISBLANK('CP, Curs, Sem'!C7)),'CP, Curs, Sem'!C7,"") | C8: =IF('CP, Curs, Sem'!U7<>"a","",'CP, Curs, Sem'!U7) | D8: =IF('CP, Curs, Sem'!V7<>"a","",'CP, Curs, Sem'!V7) | E8: =IF('CP, Curs, Sem'!W7<>"a","",'CP, Curs, Sem'!W7) | F8: =IF('CP, Curs, Sem'!X7<>"a","",'CP, Curs, Sem'!X7) | G8: =IF('CP, Curs, Sem'!Y7<>"a","",'CP, Curs, Sem'!Y7) | H8: =IF('CP, Curs, Sem'!Z7<>"a","",'CP, Curs, Sem'!Z7) | I8: =IF('CP, Curs, Sem'!AA7<>"a","",'CP, Curs, Sem'!AA7) | J8: =IF('CP, Curs, Sem'!AB7<>"a","",'CP, Curs, Sem'!AB7) | ... Q8: =IF('CP, Curs, Sem'!AI7<>"a","",'CP, Curs, Sem'!AI7) | AJ8: =D5 | AK8: Dinamica Punctului material. Legile Conservarii
A9: ='CP, Curs, Sem'!B8 | B9: =IF(NOT(ISBLANK('CP, Curs, Sem'!C8)),'CP, Curs, Sem'!C8,"") | C9: =IF('CP, Curs, Sem'!U8<>"a","",'CP, Curs, Sem'!U8) | D9: =IF('CP, Curs, Sem'!V8<>"a","",'CP, Curs, Sem'!V8) | E9: =IF('CP, Curs, Sem'!W8<>"a","",'CP, Curs, Sem'!W8) | F9: =IF('CP, Curs, Sem'!X8<>"a","",'CP, Curs, Sem'!X8) | G9: =IF('CP, Curs, Sem'!Y8<>"a","",'CP, Curs, Sem'!Y8) | H9: =IF('CP, Curs, Sem'!Z8<>"a","",'CP, Curs, Sem'!Z8) | I9: =IF('CP, Curs, Sem'!AA8<>"a","",'CP, Curs, Sem'!AA8) | J9: =IF('CP, Curs, Sem'!AB8<>"a","",'CP, Curs, Sem'!AB8) | ... Q9: =IF('CP, Curs, Sem'!AI8<>"a","",'CP, Curs, Sem'!AI8) | AJ9: =E5 | AK9: Mișcarea de rotatie a rigidului.
A10: ='CP, Curs, Sem'!B9 | B10: =IF(NOT(ISBLANK('CP, Curs, Sem'!C9)),'CP, Curs, Sem'!C9,"") | C10: =IF('CP, Curs, Sem'!U9<>"a","",'CP, Curs, Sem'!U9) | D10: =IF('CP, Curs, Sem'!V9<>"a","",'CP, Curs, Sem'!V9) | E10: =IF('CP, Curs, Sem'!W9<>"a","",'CP, Curs, Sem'!W9) | F10: =IF('CP, Curs, Sem'!X9<>"a","",'CP, Curs, Sem'!X9) | G10: =IF('CP, Curs, Sem'!Y9<>"a","",'CP, Curs, Sem'!Y9) | H10: =IF('CP, Curs, Sem'!Z9<>"a","",'CP, Curs, Sem'!Z9) | I10: =IF('CP, Curs, Sem'!AA9<>"a","",'CP, Curs, Sem'!AA9) | J10: =IF('CP, Curs, Sem'!AB9<>"a","",'CP, Curs, Sem'!AB9) | ... Q10: =IF('CP, Curs, Sem'!AI9<>"a","",'CP, Curs, Sem'!AI9) | AJ10: =F5 | AK10: Fizica Moleculara
A11: ='CP, Curs, Sem'!B10 | B11: =IF(NOT(ISBLANK('CP, Curs, Sem'!C10)),'CP, Curs, Sem'!C10,"") | C11: =IF('CP, Curs, Sem'!U10<>"a","",'CP, Curs, Sem'!U10) | D11: =IF('CP, Curs, Sem'!V10<>"a","",'CP, Curs, Sem'!V10) | E11: =IF('CP, Curs, Sem'!W10<>"a","",'CP, Curs, Sem'!W10) | F11: =IF('CP, Curs, Sem'!X10<>"a","",'CP, Curs, Sem'!X10) | G11: =IF('CP, Curs, Sem'!Y10<>"a","",'CP, Curs, Sem'!Y10) | H11: =IF('CP, Curs, Sem'!Z10<>"a","",'CP, Curs, Sem'!Z10) | I11: =IF('CP, Curs, Sem'!AA10<>"a","",'CP, Curs, Sem'!AA10) | J11: =IF('CP, Curs, Sem'!AB10<>"a","",'CP, Curs, Sem'!AB10) | ... Q11: =IF('CP, Curs, Sem'!AI10<>"a","",'CP, Curs, Sem'!AI10) | AJ11: =G5 | AK11: Principiile Termodinamicii
A12: ='CP, Curs, Sem'!B11 | B12: =IF(NOT(ISBLANK('CP, Curs, Sem'!C11)),'CP, Curs, Sem'!C11,"") | C12: =IF('CP, Curs, Sem'!U11<>"a","",'CP, Curs, Sem'!U11) | D12: =IF('CP, Curs, Sem'!V11<>"a","",'CP, Curs, Sem'!V11) | E12: =IF('CP, Curs, Sem'!W11<>"a","",'CP, Curs, Sem'!W11) | F12: =IF('CP, Curs, Sem'!X11<>"a","",'CP, Curs, Sem'!X11) | G12: =IF('CP, Curs, Sem'!Y11<>"a","",'CP, Curs, Sem'!Y11) | H12: =IF('CP, Curs, Sem'!Z11<>"a","",'CP, Curs, Sem'!Z11) | I12: =IF('CP, Curs, Sem'!AA11<>"a","",'CP, Curs, Sem'!AA11) | J12: =IF('CP, Curs, Sem'!AB11<>"a","",'CP, Curs, Sem'!AB11) | ... Q12: =IF('CP, Curs, Sem'!AI11<>"a","",'CP, Curs, Sem'!AI11) | AJ12: =H5 | AK12: Cimpul Electrostatic in vid
A13: ='CP, Curs, Sem'!B12 | B13: =IF(NOT(ISBLANK('CP, Curs, Sem'!C12)),'CP, Curs, Sem'!C12,"") | C13: =IF('CP, Curs, Sem'!U12<>"a","",'CP, Curs, Sem'!U12) | D13: =IF('CP, Curs, Sem'!V12<>"a","",'CP, Curs, Sem'!V12) | E13: =IF('CP, Curs, Sem'!W12<>"a","",'CP, Curs, Sem'!W12) | F13: =IF('CP, Curs, Sem'!X12<>"a","",'CP, Curs, Sem'!X12) | G13: =IF('CP, Curs, Sem'!Y12<>"a","",'CP, Curs, Sem'!Y12) | H13: =IF('CP, Curs, Sem'!Z12<>"a","",'CP, Curs, Sem'!Z12) | I13: =IF('CP, Curs, Sem'!AA12<>"a","",'CP, Curs, Sem'!AA12) | J13: =IF('CP, Curs, Sem'!AB12<>"a","",'CP, Curs, Sem'!AB12) | ... Q13: =IF('CP, Curs, Sem'!AI12<>"a","",'CP, Curs, Sem'!AI12) | AJ13: =I5 | AK13: Curetul electric continuu
A14: ='CP, Curs, Sem'!B13 | B14: =IF(NOT(ISBLANK('CP, Curs, Sem'!C13)),'CP, Curs, Sem'!C13,"") | C14: =IF('CP, Curs, Sem'!U13<>"a","",'CP, Curs, Sem'!U13) | D14: =IF('CP, Curs, Sem'!V13<>"a","",'CP, Curs, Sem'!V13) | E14: =IF('CP, Curs, Sem'!W13<>"a","",'CP, Curs, Sem'!W13) | F14: =IF('CP, Curs, Sem'!X13<>"a","",'CP, Curs, Sem'!X13) | G14: =IF('CP, Curs, Sem'!Y13<>"a","",'CP, Curs, Sem'!Y13) | H14: =IF('CP, Curs, Sem'!Z13<>"a","",'CP, Curs, Sem'!Z13) | I14: =IF('CP, Curs, Sem'!AA13<>"a","",'CP, Curs, Sem'!AA13) | J14: =IF('CP, Curs, Sem'!AB13<>"a","",'CP, Curs, Sem'!AB13) | ... Q14: =IF('CP, Curs, Sem'!AI13<>"a","",'CP, Curs, Sem'!AI13) | AJ14: =J5 | AK14: Cimpul magnetic
A15: ='CP, Curs, Sem'!B14 | B15: =IF(NOT(ISBLANK('CP, Curs, Sem'!C14)),'CP, Curs, Sem'!C14,"") | C15: =IF('CP, Curs, Sem'!U14<>"a","",'CP, Curs, Sem'!U14) | D15: =IF('CP, Curs, Sem'!V14<>"a","",'CP, Curs, Sem'!V14) | E15: =IF('CP, Curs, Sem'!W14<>"a","",'CP, Curs, Sem'!W14) | F15: =IF('CP, Curs, Sem'!X14<>"a","",'CP, Curs, Sem'!X14) | G15: =IF('CP, Curs, Sem'!Y14<>"a","",'CP, Curs, Sem'!Y14) | H15: =IF('CP, Curs, Sem'!Z14<>"a","",'CP, Curs, Sem'!Z14) | I15: =IF('CP, Curs, Sem'!AA14<>"a","",'CP, Curs, Sem'!AA14) | J15: =IF('CP, Curs, Sem'!AB14<>"a","",'CP, Curs, Sem'!AB14) | ... Q15: =IF('CP, Curs, Sem'!AI14<>"a","",'CP, Curs, Sem'!AI14) | AJ15: =K5 | AK15: Cinematica punctului. Cinematica rigidului. Mișc. de rot, transl, plan-paralela
A16: ='CP, Curs, Sem'!B15 | B16: =IF(NOT(ISBLANK('CP, Curs, Sem'!C15)),'CP, Curs, Sem'!C15,"") | C16: =IF('CP, Curs, Sem'!U15<>"a","",'CP, Curs, Sem'!U15) | D16: =IF('CP, Curs, Sem'!V15<>"a","",'CP, Curs, Sem'!V15) | E16: =IF('CP, Curs, Sem'!W15<>"a","",'CP, Curs, Sem'!W15) | F16: =IF('CP, Curs, Sem'!X15<>"a","",'CP, Curs, Sem'!X15) | G16: =IF('CP, Curs, Sem'!Y15<>"a","",'CP, Curs, Sem'!Y15) | H16: =IF('CP, Curs, Sem'!Z15<>"a","",'CP, Curs, Sem'!Z15) | I16: =IF('CP, Curs, Sem'!AA15<>"a","",'CP, Curs, Sem'!AA15) | J16: =IF('CP, Curs, Sem'!AB15<>"a","",'CP, Curs, Sem'!AB15) | ... Q16: =IF('CP, Curs, Sem'!AI15<>"a","",'CP, Curs, Sem'!AI15) | AJ16: =L5 | AK16: Miscarea oscliatorie
A17: ='CP, Curs, Sem'!B16 | B17: =IF(NOT(ISBLANK('CP, Curs, Sem'!C16)),'CP, Curs, Sem'!C16,"") | C17: =IF('CP, Curs, Sem'!U16<>"a","",'CP, Curs, Sem'!U16) | D17: =IF('CP, Curs, Sem'!V16<>"a","",'CP, Curs, Sem'!V16) | E17: =IF('CP, Curs, Sem'!W16<>"a","",'CP, Curs, Sem'!W16) | F17: =IF('CP, Curs, Sem'!X16<>"a","",'CP, Curs, Sem'!X16) | G17: =IF('CP, Curs, Sem'!Y16<>"a","",'CP, Curs, Sem'!Y16) | H17: =IF('CP, Curs, Sem'!Z16<>"a","",'CP, Curs, Sem'!Z16) | I17: =IF('CP, Curs, Sem'!AA16<>"a","",'CP, Curs, Sem'!AA16) | J17: =IF('CP, Curs, Sem'!AB16<>"a","",'CP, Curs, Sem'!AB16) | ... Q17: =IF('CP, Curs, Sem'!AI16<>"a","",'CP, Curs, Sem'!AI16) | AJ17: =M5 | AK17: Mișcarea plan-paralela. Determinarea vitezei si CIV
A18: ='CP, Curs, Sem'!B17 | B18: =IF(NOT(ISBLANK('CP, Curs, Sem'!C17)),'CP, Curs, Sem'!C17,"") | C18: =IF('CP, Curs, Sem'!U17<>"a","",'CP, Curs, Sem'!U17) | D18: =IF('CP, Curs, Sem'!V17<>"a","",'CP, Curs, Sem'!V17) | E18: =IF('CP, Curs, Sem'!W17<>"a","",'CP, Curs, Sem'!W17) | F18: =IF('CP, Curs, Sem'!X17<>"a","",'CP, Curs, Sem'!X17) | G18: =IF('CP, Curs, Sem'!Y17<>"a","",'CP, Curs, Sem'!Y17) | H18: =IF('CP, Curs, Sem'!Z17<>"a","",'CP, Curs, Sem'!Z17) | I18: =IF('CP, Curs, Sem'!AA17<>"a","",'CP, Curs, Sem'!AA17) | J18: =IF('CP, Curs, Sem'!AB17<>"a","",'CP, Curs, Sem'!AB17) | ... Q18: =IF('CP, Curs, Sem'!AI17<>"a","",'CP, Curs, Sem'!AI17) | AJ18: =N5 | AK18: Dinamica punctului material. Cantitatea de mișcare. Centrul maselor. Forțe interioare și exterioare
A19: ='CP, Curs, Sem'!B18 | B19: =IF(NOT(ISBLANK('CP, Curs, Sem'!C18)),'CP, Curs, Sem'!C18,"") | C19: =IF('CP, Curs, Sem'!U18<>"a","",'CP, Curs, Sem'!U18) | D19: =IF('CP, Curs, Sem'!V18<>"a","",'CP, Curs, Sem'!V18) | E19: =IF('CP, Curs, Sem'!W18<>"a","",'CP, Curs, Sem'!W18) | F19: =IF('CP, Curs, Sem'!X18<>"a","",'CP, Curs, Sem'!X18) | G19: =IF('CP, Curs, Sem'!Y18<>"a","",'CP, Curs, Sem'!Y18) | H19: =IF('CP, Curs, Sem'!Z18<>"a","",'CP, Curs, Sem'!Z18) | I19: =IF('CP, Curs, Sem'!AA18<>"a","",'CP, Curs, Sem'!AA18) | J19: =IF('CP, Curs, Sem'!AB18<>"a","",'CP, Curs, Sem'!AB18) | ... Q19: =IF('CP, Curs, Sem'!AI18<>"a","",'CP, Curs, Sem'!AI18) | AJ19: =O5 | AK19: Teorema variației cantității de mișcare. Legea conservării impulsului mecanic
A20: ='CP, Curs, Sem'!B19 | B20: =IF(NOT(ISBLANK('CP, Curs, Sem'!C19)),'CP, Curs, Sem'!C19,"") | C20: =IF('CP, Curs, Sem'!U19<>"a","",'CP, Curs, Sem'!U19) | D20: =IF('CP, Curs, Sem'!V19<>"a","",'CP, Curs, Sem'!V19) | E20: =IF('CP, Curs, Sem'!W19<>"a","",'CP, Curs, Sem'!W19) | F20: =IF('CP, Curs, Sem'!X19<>"a","",'CP, Curs, Sem'!X19) | G20: =IF('CP, Curs, Sem'!Y19<>"a","",'CP, Curs, Sem'!Y19) | H20: =IF('CP, Curs, Sem'!Z19<>"a","",'CP, Curs, Sem'!Z19) | I20: =IF('CP, Curs, Sem'!AA19<>"a","",'CP, Curs, Sem'!AA19) | J20: =IF('CP, Curs, Sem'!AB19<>"a","",'CP, Curs, Sem'!AB19) | ... Q20: =IF('CP, Curs, Sem'!AI19<>"a","",'CP, Curs, Sem'!AI19) | AJ20: =P5 | AK20: Momentul forței ca vector. Momentul de inerție ca tensor. Momentul cantității de mișcare
A21: ='CP, Curs, Sem'!B20 | B21: =IF(NOT(ISBLANK('CP, Curs, Sem'!C20)),'CP, Curs, Sem'!C20,"") | C21: =IF('CP, Curs, Sem'!U20<>"a","",'CP, Curs, Sem'!U20) | D21: =IF('CP, Curs, Sem'!V20<>"a","",'CP, Curs, Sem'!V20) | E21: =IF('CP, Curs, Sem'!W20<>"a","",'CP, Curs, Sem'!W20) | F21: =IF('CP, Curs, Sem'!X20<>"a","",'CP, Curs, Sem'!X20) | G21: =IF('CP, Curs, Sem'!Y20<>"a","",'CP, Curs, Sem'!Y20) | H21: =IF('CP, Curs, Sem'!Z20<>"a","",'CP, Curs, Sem'!Z20) | I21: =IF('CP, Curs, Sem'!AA20<>"a","",'CP, Curs, Sem'!AA20) | J21: =IF('CP, Curs, Sem'!AB20<>"a","",'CP, Curs, Sem'!AB20) | ... Q21: =IF('CP, Curs, Sem'!AI20<>"a","",'CP, Curs, Sem'!AI20) | AJ21: =Q5 | AK21: Momentul cinetic al rigidului. Teorema variației momentului cinetic. Legea conservării momentului cinetic. Giroscopul
A22: ='CP, Curs, Sem'!B21 | B22: =IF(NOT(ISBLANK('CP, Curs, Sem'!C21)),'CP, Curs, Sem'!C21,"") | C22: =IF('CP, Curs, Sem'!U21<>"a","",'CP, Curs, Sem'!U21) | D22: =IF('CP, Curs, Sem'!V21<>"a","",'CP, Curs, Sem'!V21) | E22: =IF('CP, Curs, Sem'!W21<>"a","",'CP, Curs, Sem'!W21) | F22: =IF('CP, Curs, Sem'!X21<>"a","",'CP, Curs, Sem'!X21) | G22: =IF('CP, Curs, Sem'!Y21<>"a","",'CP, Curs, Sem'!Y21) | H22: =IF('CP, Curs, Sem'!Z21<>"a","",'CP, Curs, Sem'!Z21) | I22: =IF('CP, Curs, Sem'!AA21<>"a","",'CP, Curs, Sem'!AA21) | J22: =IF('CP, Curs, Sem'!AB21<>"a","",'CP, Curs, Sem'!AB21) | ... Q22: =IF('CP, Curs, Sem'!AI21<>"a","",'CP, Curs, Sem'!AI21)
A23: ='CP, Curs, Sem'!B22 | B23: =IF(NOT(ISBLANK('CP, Curs, Sem'!C22)),'CP, Curs, Sem'!C22,"") | C23: =IF('CP, Curs, Sem'!U22<>"a","",'CP, Curs, Sem'!U22) | D23: =IF('CP, Curs, Sem'!V22<>"a","",'CP, Curs, Sem'!V22) | E23: =IF('CP, Curs, Sem'!W22<>"a","",'CP, Curs, Sem'!W22) | F23: =IF('CP, Curs, Sem'!X22<>"a","",'CP, Curs, Sem'!X22) | G23: =IF('CP, Curs, Sem'!Y22<>"a","",'CP, Curs, Sem'!Y22) | H23: =IF('CP, Curs, Sem'!Z22<>"a","",'CP, Curs, Sem'!Z22) | I23: =IF('CP, Curs, Sem'!AA22<>"a","",'CP, Curs, Sem'!AA22) | J23: =IF('CP, Curs, Sem'!AB22<>"a","",'CP, Curs, Sem'!AB22) | ... Q23: =IF('CP, Curs, Sem'!AI22<>"a","",'CP, Curs, Sem'!AI22)
A24: ='CP, Curs, Sem'!B23 | B24: =IF(NOT(ISBLANK('CP, Curs, Sem'!C23)),'CP, Curs, Sem'!C23,"") | C24: =IF('CP, Curs, Sem'!U23<>"a","",'CP, Curs, Sem'!U23) | D24: =IF('CP, Curs, Sem'!V23<>"a","",'CP, Curs, Sem'!V23) | E24: =IF('CP, Curs, Sem'!W23<>"a","",'CP, Curs, Sem'!W23) | F24: =IF('CP, Curs, Sem'!X23<>"a","",'CP, Curs, Sem'!X23) | G24: =IF('CP, Curs, Sem'!Y23<>"a","",'CP, Curs, Sem'!Y23) | H24: =IF('CP, Curs, Sem'!Z23<>"a","",'CP, Curs, Sem'!Z23) | I24: =IF('CP, Curs, Sem'!AA23<>"a","",'CP, Curs, Sem'!AA23) | J24: =IF('CP, Curs, Sem'!AB23<>"a","",'CP, Curs, Sem'!AB23) | ... Q24: =IF('CP, Curs, Sem'!AI23<>"a","",'CP, Curs, Sem'!AI23)
A25: ='CP, Curs, Sem'!B24 | B25: =IF(NOT(ISBLANK('CP, Curs, Sem'!C24)),'CP, Curs, Sem'!C24,"") | C25: =IF('CP, Curs, Sem'!U24<>"a","",'CP, Curs, Sem'!U24) | D25: =IF('CP, Curs, Sem'!V24<>"a","",'CP, Curs, Sem'!V24) | E25: =IF('CP, Curs, Sem'!W24<>"a","",'CP, Curs, Sem'!W24) | F25: =IF('CP, Curs, Sem'!X24<>"a","",'CP, Curs, Sem'!X24) | G25: =IF('CP, Curs, Sem'!Y24<>"a","",'CP, Curs, Sem'!Y24) | H25: =IF('CP, Curs, Sem'!Z24<>"a","",'CP, Curs, Sem'!Z24) | I25: =IF('CP, Curs, Sem'!AA24<>"a","",'CP, Curs, Sem'!AA24) | J25: =IF('CP, Curs, Sem'!AB24<>"a","",'CP, Curs, Sem'!AB24) | ... Q25: =IF('CP, Curs, Sem'!AI24<>"a","",'CP, Curs, Sem'!AI24)
A26: ='CP, Curs, Sem'!B25 | B26: =IF(NOT(ISBLANK('CP, Curs, Sem'!C25)),'CP, Curs, Sem'!C25,"") | C26: =IF('CP, Curs, Sem'!U25<>"a","",'CP, Curs, Sem'!U25) | D26: =IF('CP, Curs, Sem'!V25<>"a","",'CP, Curs, Sem'!V25) | E26: =IF('CP, Curs, Sem'!W25<>"a","",'CP, Curs, Sem'!W25) | F26: =IF('CP, Curs, Sem'!X25<>"a","",'CP, Curs, Sem'!X25) | G26: =IF('CP, Curs, Sem'!Y25<>"a","",'CP, Curs, Sem'!Y25) | H26: =IF('CP, Curs, Sem'!Z25<>"a","",'CP, Curs, Sem'!Z25) | I26: =IF('CP, Curs, Sem'!AA25<>"a","",'CP, Curs, Sem'!AA25) | J26: =IF('CP, Curs, Sem'!AB25<>"a","",'CP, Curs, Sem'!AB25) | ... Q26: =IF('CP, Curs, Sem'!AI25<>"a","",'CP, Curs, Sem'!AI25)
A27: ='CP, Curs, Sem'!B26 | B27: =IF(NOT(ISBLANK('CP, Curs, Sem'!C26)),'CP, Curs, Sem'!C26,"") | C27: =IF('CP, Curs, Sem'!U26<>"a","",'CP, Curs, Sem'!U26) | D27: =IF('CP, Curs, Sem'!V26<>"a","",'CP, Curs, Sem'!V26) | E27: =IF('CP, Curs, Sem'!W26<>"a","",'CP, Curs, Sem'!W26) | F27: =IF('CP, Curs, Sem'!X26<>"a","",'CP, Curs, Sem'!X26) | G27: =IF('CP, Curs, Sem'!Y26<>"a","",'CP, Curs, Sem'!Y26) | H27: =IF('CP, Curs, Sem'!Z26<>"a","",'CP, Curs, Sem'!Z26) | I27: =IF('CP, Curs, Sem'!AA26<>"a","",'CP, Curs, Sem'!AA26) | J27: =IF('CP, Curs, Sem'!AB26<>"a","",'CP, Curs, Sem'!AB26) | ... Q27: =IF('CP, Curs, Sem'!AI26<>"a","",'CP, Curs, Sem'!AI26) | AK27: Total plan | AL27: 30
A28: ='CP, Curs, Sem'!B27 | B28: =IF(NOT(ISBLANK('CP, Curs, Sem'!C27)),'CP, Curs, Sem'!C27,"") | C28: =IF('CP, Curs, Sem'!U27<>"a","",'CP, Curs, Sem'!U27) | D28: =IF('CP, Curs, Sem'!V27<>"a","",'CP, Curs, Sem'!V27) | E28: =IF('CP, Curs, Sem'!W27<>"a","",'CP, Curs, Sem'!W27) | F28: =IF('CP, Curs, Sem'!X27<>"a","",'CP, Curs, Sem'!X27) | G28: =IF('CP, Curs, Sem'!Y27<>"a","",'CP, Curs, Sem'!Y27) | H28: =IF('CP, Curs, Sem'!Z27<>"a","",'CP, Curs, Sem'!Z27) | I28: =IF('CP, Curs, Sem'!AA27<>"a","",'CP, Curs, Sem'!AA27) | J28: =IF('CP, Curs, Sem'!AB27<>"a","",'CP, Curs, Sem'!AB27) | ... Q28: =IF('CP, Curs, Sem'!AI27<>"a","",'CP, Curs, Sem'!AI27) | AK28: Total realizat | AL28: =SUM(AL7:AL21) -> 2
A29: ='CP, Curs, Sem'!B28 | B29: =IF(NOT(ISBLANK('CP, Curs, Sem'!C28)),'CP, Curs, Sem'!C28,"") | C29: =IF('CP, Curs, Sem'!U28<>"a","",'CP, Curs, Sem'!U28) | D29: =IF('CP, Curs, Sem'!V28<>"a","",'CP, Curs, Sem'!V28) | E29: =IF('CP, Curs, Sem'!W28<>"a","",'CP, Curs, Sem'!W28) | F29: =IF('CP, Curs, Sem'!X28<>"a","",'CP, Curs, Sem'!X28) | G29: =IF('CP, Curs, Sem'!Y28<>"a","",'CP, Curs, Sem'!Y28) | H29: =IF('CP, Curs, Sem'!Z28<>"a","",'CP, Curs, Sem'!Z28) | I29: =IF('CP, Curs, Sem'!AA28<>"a","",'CP, Curs, Sem'!AA28) | J29: =IF('CP, Curs, Sem'!AB28<>"a","",'CP, Curs, Sem'!AB28) | ... Q29: =IF('CP, Curs, Sem'!AI28<>"a","",'CP, Curs, Sem'!AI28)
A30: ='CP, Curs, Sem'!B29 | B30: =IF(NOT(ISBLANK('CP, Curs, Sem'!C29)),'CP, Curs, Sem'!C29,"") | C30: =IF('CP, Curs, Sem'!U29<>"a","",'CP, Curs, Sem'!U29) | D30: =IF('CP, Curs, Sem'!V29<>"a","",'CP, Curs, Sem'!V29) | E30: =IF('CP, Curs, Sem'!W29<>"a","",'CP, Curs, Sem'!W29) | F30: =IF('CP, Curs, Sem'!X29<>"a","",'CP, Curs, Sem'!X29) | G30: =IF('CP, Curs, Sem'!Y29<>"a","",'CP, Curs, Sem'!Y29) | H30: =IF('CP, Curs, Sem'!Z29<>"a","",'CP, Curs, Sem'!Z29) | I30: =IF('CP, Curs, Sem'!AA29<>"a","",'CP, Curs, Sem'!AA29) | J30: =IF('CP, Curs, Sem'!AB29<>"a","",'CP, Curs, Sem'!AB29) | ... Q30: =IF('CP, Curs, Sem'!AI29<>"a","",'CP, Curs, Sem'!AI29)
A31: ='CP, Curs, Sem'!B30 | B31: =IF(NOT(ISBLANK('CP, Curs, Sem'!C30)),'CP, Curs, Sem'!C30,"") | C31: =IF('CP, Curs, Sem'!U30<>"a","",'CP, Curs, Sem'!U30) | D31: =IF('CP, Curs, Sem'!V30<>"a","",'CP, Curs, Sem'!V30) | E31: =IF('CP, Curs, Sem'!W30<>"a","",'CP, Curs, Sem'!W30) | F31: =IF('CP, Curs, Sem'!X30<>"a","",'CP, Curs, Sem'!X30) | G31: =IF('CP, Curs, Sem'!Y30<>"a","",'CP, Curs, Sem'!Y30) | H31: =IF('CP, Curs, Sem'!Z30<>"a","",'CP, Curs, Sem'!Z30) | I31: =IF('CP, Curs, Sem'!AA30<>"a","",'CP, Curs, Sem'!AA30) | J31: =IF('CP, Curs, Sem'!AB30<>"a","",'CP, Curs, Sem'!AB30) | ... Q31: =IF('CP, Curs, Sem'!AI30<>"a","",'CP, Curs, Sem'!AI30)
A32: ='CP, Curs, Sem'!B31 | B32: =IF(NOT(ISBLANK('CP, Curs, Sem'!C31)),'CP, Curs, Sem'!C31,"") | C32: =IF('CP, Curs, Sem'!U31<>"a","",'CP, Curs, Sem'!U31) | D32: =IF('CP, Curs, Sem'!V31<>"a","",'CP, Curs, Sem'!V31) | E32: =IF('CP, Curs, Sem'!W31<>"a","",'CP, Curs, Sem'!W31) | F32: =IF('CP, Curs, Sem'!X31<>"a","",'CP, Curs, Sem'!X31) | G32: =IF('CP, Curs, Sem'!Y31<>"a","",'CP, Curs, Sem'!Y31) | H32: =IF('CP, Curs, Sem'!Z31<>"a","",'CP, Curs, Sem'!Z31) | I32: =IF('CP, Curs, Sem'!AA31<>"a","",'CP, Curs, Sem'!AA31) | J32: =IF('CP, Curs, Sem'!AB31<>"a","",'CP, Curs, Sem'!AB31) | ... Q32: =IF('CP, Curs, Sem'!AI31<>"a","",'CP, Curs, Sem'!AI31)
A33: ='CP, Curs, Sem'!B32 | B33: =IF(NOT(ISBLANK('CP, Curs, Sem'!C32)),'CP, Curs, Sem'!C32,"") | C33: =IF('CP, Curs, Sem'!U32<>"a","",'CP, Curs, Sem'!U32) | D33: =IF('CP, Curs, Sem'!V32<>"a","",'CP, Curs, Sem'!V32) | E33: =IF('CP, Curs, Sem'!W32<>"a","",'CP, Curs, Sem'!W32) | F33: =IF('CP, Curs, Sem'!X32<>"a","",'CP, Curs, Sem'!X32) | G33: =IF('CP, Curs, Sem'!Y32<>"a","",'CP, Curs, Sem'!Y32) | H33: =IF('CP, Curs, Sem'!Z32<>"a","",'CP, Curs, Sem'!Z32) | I33: =IF('CP, Curs, Sem'!AA32<>"a","",'CP, Curs, Sem'!AA32) | J33: =IF('CP, Curs, Sem'!AB32<>"a","",'CP, Curs, Sem'!AB32) | ... Q33: =IF('CP, Curs, Sem'!AI32<>"a","",'CP, Curs, Sem'!AI32)
A34: ='CP, Curs, Sem'!B33 | B34: =IF(NOT(ISBLANK('CP, Curs, Sem'!C33)),'CP, Curs, Sem'!C33,"") | C34: =IF('CP, Curs, Sem'!U33<>"a","",'CP, Curs, Sem'!U33) | D34: =IF('CP, Curs, Sem'!V33<>"a","",'CP, Curs, Sem'!V33) | E34: =IF('CP, Curs, Sem'!W33<>"a","",'CP, Curs, Sem'!W33) | F34: =IF('CP, Curs, Sem'!X33<>"a","",'CP, Curs, Sem'!X33) | G34: =IF('CP, Curs, Sem'!Y33<>"a","",'CP, Curs, Sem'!Y33) | H34: =IF('CP, Curs, Sem'!Z33<>"a","",'CP, Curs, Sem'!Z33) | I34: =IF('CP, Curs, Sem'!AA33<>"a","",'CP, Curs, Sem'!AA33) | J34: =IF('CP, Curs, Sem'!AB33<>"a","",'CP, Curs, Sem'!AB33) | ... Q34: =IF('CP, Curs, Sem'!AI33<>"a","",'CP, Curs, Sem'!AI33)
A35: ='CP, Curs, Sem'!B34 | B35: =IF(NOT(ISBLANK('CP, Curs, Sem'!C34)),'CP, Curs, Sem'!C34,"") | C35: =IF('CP, Curs, Sem'!U34<>"a","",'CP, Curs, Sem'!U34) | D35: =IF('CP, Curs, Sem'!V34<>"a","",'CP, Curs, Sem'!V34) | E35: =IF('CP, Curs, Sem'!W34<>"a","",'CP, Curs, Sem'!W34) | F35: =IF('CP, Curs, Sem'!X34<>"a","",'CP, Curs, Sem'!X34) | G35: =IF('CP, Curs, Sem'!Y34<>"a","",'CP, Curs, Sem'!Y34) | H35: =IF('CP, Curs, Sem'!Z34<>"a","",'CP, Curs, Sem'!Z34) | I35: =IF('CP, Curs, Sem'!AA34<>"a","",'CP, Curs, Sem'!AA34) | J35: =IF('CP, Curs, Sem'!AB34<>"a","",'CP, Curs, Sem'!AB34) | ... Q35: =IF('CP, Curs, Sem'!AI34<>"a","",'CP, Curs, Sem'!AI34)
A36: ='CP, Curs, Sem'!B35 | B36: =IF(NOT(ISBLANK('CP, Curs, Sem'!C35)),'CP, Curs, Sem'!C35,"") | C36: =IF('CP, Curs, Sem'!U35<>"a","",'CP, Curs, Sem'!U35) | D36: =IF('CP, Curs, Sem'!V35<>"a","",'CP, Curs, Sem'!V35) | E36: =IF('CP, Curs, Sem'!W35<>"a","",'CP, Curs, Sem'!W35) | F36: =IF('CP, Curs, Sem'!X35<>"a","",'CP, Curs, Sem'!X35) | G36: =IF('CP, Curs, Sem'!Y35<>"a","",'CP, Curs, Sem'!Y35) | H36: =IF('CP, Curs, Sem'!Z35<>"a","",'CP, Curs, Sem'!Z35) | I36: =IF('CP, Curs, Sem'!AA35<>"a","",'CP, Curs, Sem'!AA35) | J36: =IF('CP, Curs, Sem'!AB35<>"a","",'CP, Curs, Sem'!AB35) | ... Q36: =IF('CP, Curs, Sem'!AI35<>"a","",'CP, Curs, Sem'!AI35)
A37: ='CP, Curs, Sem'!B36 | B37: =IF(NOT(ISBLANK('CP, Curs, Sem'!C36)),'CP, Curs, Sem'!C36,"") | C37: =IF('CP, Curs, Sem'!U36<>"a","",'CP, Curs, Sem'!U36) | D37: =IF('CP, Curs, Sem'!V36<>"a","",'CP, Curs, Sem'!V36) | E37: =IF('CP, Curs, Sem'!W36<>"a","",'CP, Curs, Sem'!W36) | F37: =IF('CP, Curs, Sem'!X36<>"a","",'CP, Curs, Sem'!X36) | G37: =IF('CP, Curs, Sem'!Y36<>"a","",'CP, Curs, Sem'!Y36) | H37: =IF('CP, Curs, Sem'!Z36<>"a","",'CP, Curs, Sem'!Z36) | I37: =IF('CP, Curs, Sem'!AA36<>"a","",'CP, Curs, Sem'!AA36) | J37: =IF('CP, Curs, Sem'!AB36<>"a","",'CP, Curs, Sem'!AB36) | ... Q37: =IF('CP, Curs, Sem'!AI36<>"a","",'CP, Curs, Sem'!AI36)
A38: ='CP, Curs, Sem'!B37 | B38: =IF(NOT(ISBLANK('CP, Curs, Sem'!C37)),'CP, Curs, Sem'!C37,"") | C38: =IF('CP, Curs, Sem'!U37<>"a","",'CP, Curs, Sem'!U37) | D38: =IF('CP, Curs, Sem'!V37<>"a","",'CP, Curs, Sem'!V37) | E38: =IF('CP, Curs, Sem'!W37<>"a","",'CP, Curs, Sem'!W37) | F38: =IF('CP, Curs, Sem'!X37<>"a","",'CP, Curs, Sem'!X37) | G38: =IF('CP, Curs, Sem'!Y37<>"a","",'CP, Curs, Sem'!Y37) | H38: =IF('CP, Curs, Sem'!Z37<>"a","",'CP, Curs, Sem'!Z37) | I38: =IF('CP, Curs, Sem'!AA37<>"a","",'CP, Curs, Sem'!AA37) | J38: =IF('CP, Curs, Sem'!AB37<>"a","",'CP, Curs, Sem'!AB37) | ... Q38: =IF('CP, Curs, Sem'!AI37<>"a","",'CP, Curs, Sem'!AI37)
A39: ='CP, Curs, Sem'!B38 | B39: =IF(NOT(ISBLANK('CP, Curs, Sem'!C38)),'CP, Curs, Sem'!C38,"") | C39: =IF('CP, Curs, Sem'!U38<>"a","",'CP, Curs, Sem'!U38) | D39: =IF('CP, Curs, Sem'!V38<>"a","",'CP, Curs, Sem'!V38) | E39: =IF('CP, Curs, Sem'!W38<>"a","",'CP, Curs, Sem'!W38) | F39: =IF('CP, Curs, Sem'!X38<>"a","",'CP, Curs, Sem'!X38) | G39: =IF('CP, Curs, Sem'!Y38<>"a","",'CP, Curs, Sem'!Y38) | H39: =IF('CP, Curs, Sem'!Z38<>"a","",'CP, Curs, Sem'!Z38) | I39: =IF('CP, Curs, Sem'!AA38<>"a","",'CP, Curs, Sem'!AA38) | J39: =IF('CP, Curs, Sem'!AB38<>"a","",'CP, Curs, Sem'!AB38) | ... Q39: =IF('CP, Curs, Sem'!AI38<>"a","",'CP, Curs, Sem'!AI38)
A40: ='CP, Curs, Sem'!B39 | B40: =IF(NOT(ISBLANK('CP, Curs, Sem'!C39)),'CP, Curs, Sem'!C39,"") | C40: =IF('CP, Curs, Sem'!U39<>"a","",'CP, Curs, Sem'!U39) | D40: =IF('CP, Curs, Sem'!V39<>"a","",'CP, Curs, Sem'!V39) | E40: =IF('CP, Curs, Sem'!W39<>"a","",'CP, Curs, Sem'!W39) | F40: =IF('CP, Curs, Sem'!X39<>"a","",'CP, Curs, Sem'!X39) | G40: =IF('CP, Curs, Sem'!Y39<>"a","",'CP, Curs, Sem'!Y39) | H40: =IF('CP, Curs, Sem'!Z39<>"a","",'CP, Curs, Sem'!Z39) | I40: =IF('CP, Curs, Sem'!AA39<>"a","",'CP, Curs, Sem'!AA39) | J40: =IF('CP, Curs, Sem'!AB39<>"a","",'CP, Curs, Sem'!AB39) | ... Q40: =IF('CP, Curs, Sem'!AI39<>"a","",'CP, Curs, Sem'!AI39)
... A106: ='CP, Curs, Sem'!B105 | B106: =IF(NOT(ISBLANK('CP, Curs, Sem'!C105)),'CP, Curs, Sem'!C105,"") | C106: =IF('CP, Curs, Sem'!U105<>"a","",'CP, Curs, Sem'!U105) | D106: =IF('CP, Curs, Sem'!V105<>"a","",'CP, Curs, Sem'!V105) | E106: =IF('CP, Curs, Sem'!W105<>"a","",'CP, Curs, Sem'!W105) | F106: =IF('CP, Curs, Sem'!X105<>"a","",'CP, Curs, Sem'!X105) | G106: =IF('CP, Curs, Sem'!Y105<>"a","",'CP, Curs, Sem'!Y105) | H106: =IF('CP, Curs, Sem'!Z105<>"a","",'CP, Curs, Sem'!Z105) | I106: =IF('CP, Curs, Sem'!AA105<>"a","",'CP, Curs, Sem'!AA105) | J106: =IF('CP, Curs, Sem'!AB105<>"a","",'CP, Curs, Sem'!AB105) | ... Q106: =IF('CP, Curs, Sem'!AI105<>"a","",'CP, Curs, Sem'!AI105)

Sheet Registru_ Sem.
AK1: Evidenţa îndeplinirii planului de învăţământ
AJ2: Denumirea disciplinei __Științe Aplicate____
B3: Evidenţa frecvenţei, reuşitei curente, evaluării curente a studenţilor | AJ3: Forma de studii ___prelegeri____ (prelegeri, lucrări practice / seminarii, lucrări de laborator)
C4: ='CP, Curs, Sem'!AK3 -> Curs Universitar. Seminar | AJ4: Cadrul didactic: conf.univ., dr. Sanduleac Ionel
A5: Nr. crt. | B5: Numele, prenumele / Data | C5: =IF('CP, Curs, Sem'!AK5<>"",'CP, Curs, Sem'!AK5,"") -> 09.03 | D5: =IF('CP, Curs, Sem'!AL5<>"",'CP, Curs, Sem'!AL5,"") | E5: =IF('CP, Curs, Sem'!AM5<>"",'CP, Curs, Sem'!AM5,"") | F5: =IF('CP, Curs, Sem'!AN5<>"",'CP, Curs, Sem'!AN5,"") | G5: =IF('CP, Curs, Sem'!AO5<>"",'CP, Curs, Sem'!AO5,"") | H5: =IF('CP, Curs, Sem'!AP5<>"",'CP, Curs, Sem'!AP5,"") | I5: =IF('CP, Curs, Sem'!AQ5<>"",'CP, Curs, Sem'!AQ5,"") | J5: =IF('CP, Curs, Sem'!AR5<>"",'CP, Curs, Sem'!AR5,"") | ... Q5: =IF('CP, Curs, Sem'!AY5<>"",'CP, Curs, Sem'!AY5,"") | AF5: Evaluare curentă | AJ5: Data | AK5: Temele de studii | AL5: Nr. de ore | AM5: Semnătura cadrului didactic
AF6: nr.1 | AG6: nr.2 | AH6: Proiect / teză de an
