Workbook

Sheet Curs
C2: Mecanica Teoretică. Anul de studii: Titular: Grupa: Șeful grupei: | V2: Rezultate atestări și sesiune | AH2: Nota semestrială | AM2: Ev.finală (0.4) | AN2: Nota finală | AR2: Examen:
E3: Curs | V3: Atestarea Nr.1 | Y3: Atestarea Nr.2 | AB3: Sesiunea | AH3: Componente | AL3: Media trunchiată (0.6) | AN3: în sist.național, trunchiată | AP3: Conform ECTS | AR3: Borderou | AS3: Prezenti | AT3: Admisi | AU3: Eliberati | AW3: A | AX3: B | AY3: C | AZ3: D | BA3: E | BB3: FX | BC3: F | BD3: n/p | BE3: n/a | BG3: Reușita din nr. total, % | BH3: Reușita din nr. prez., %
E4: C1 | F4: C2 | G4: C3 | H4: C4 | I4: C5 | J4: C6 | K4: C7 | L4: C8 | M4: C9 | N4: C10 | O4: C11 | P4: C12 | Q4: C13 | R4: C14 | S4: C15 | T4: Ore absentate | V4: Atest.1.1 | W4: Atest.1.2 | X4: Atest.1.3 | Y4: Atest.2.1 | Z4: Atest.2.2 | AA4: Atest.2.3 | AB4: Examen | AC4: Reexam | AD4: Puncte activ. suplim | AE4: Puncte utilizate | AF4: Exam | AH4: Ev.periodice (Atestările) | AJ4: Evaluarea curentă | AK4: Lucrul individual
B5: Nr. | C5: Nume, Prenume | D5: e-mail | E5: 29.01 | F5: 5.02 | G5: 12.02 | H5: 19.02 | I5: 26.02 | J5: 4.03 | K5: 11.03 | L5: 18.03 | M5: 25.03 | N5: 1.04 | O5: 8.04 | P5: 15.04 | Q5: 22.04 | R5: 29.04 | S5: 13.05 | V5: 18.03 | W5: 04.04 | Y5: 22.04 | AF5: Prezenta | AG5: Eliberati | AH5: nr.1 | AI5: nr.2 | AR5: =COUNTA(C6:C105) -> 1 | AS5: =AR5-COUNTIFS(B6:B105,">0",AF6:AF105,"a") -> 1 | AT5: =AR5-COUNTIF(AM6:AM105,"n/a") -> 0 | AU5: =COUNTA(AG6:AG105) -> 0 | AW5: =COUNTIF($AP$6:$AP$105,AW3) -> 0 | AX5: =COUNTIF($AP$6:$AP$105,AX3) -> 0 | AY5: =COUNTIF($AP$6:$AP$105,AY3) -> 0 | AZ5: =COUNTIF($AP$6:$AP$105,AZ3) -> 0 | BA5: =COUNTIF($AP$6:$AP$105,BA3) -> 0 | BB5: =COUNTIF($AP$6:$AP$105,BB3) -> 0 | BC5: =COUNTIF($AP$6:$AP$105,BC3) -> 0 | BD5: =COUNTIF($AM$6:$AM$105,BD3) -> 0 | BE5: =COUNTIF($AM$6:$AM$105,BE3) -> 1 | BG5: =SUM(AW5:BA5)/AR5 -> 0 | BH5: =SUM(AW5:BA5)/AS5 -> 0
B6: =IF(NOT(ISBLANK(C6)),COUNTA($C$6:C6),"") -> 1 | C6: Nume, Prenume | D6: student@mt.utm.md | T6: =IF(NOT(ISBLANK(C6)),IF(COUNTIF(E6:S6,"a")<>0,COUNTIF(E6:S6,"a")*2,""),"") | V6: ='Atest. Nr.1_1'!I2 -> n/p | W6: ='Atest. Nr.1_2'!H2 -> n/p | X6: ='Atest. Nr.1_3'!H2 -> n/p | Y6: ='Atest. Nr.2_1'!I2 -> n/p | Z6: ='Atest. Nr.2_2'!I2 -> n/p | AA6: ='Atest. Nr.2_3'!I2 -> n/p | AB6: =Examen!G2 -> n/p | AC6: =ReExaminare!G2 -> n/p | AD6: =IF(NOT(ISBLANK(B6)), IF(SUM(E6:S6)+SUM(Laborator!E7:R7)<>0,SUM(E6:S6)+SUM(Laborator!E7:R7),""), "") | AH6: =IF(NOT(ISBLANK(C6)), IF(COUNT(MAX(AVERAGE(V6:X6),0)),MAX(V6:X6),"n/p"), "") -> n/p | AI6: =IF(NOT(ISBLANK(C6)), IF(COUNT(MAX(AVERAGE(Y6:AA6),0)),MAX(Y6:AA6),"n/p"), "") -> n/p | AJ6: =IF(NOT(ISBLANK(C6)), IF(Laborator!AN7="Admis",ROUND(Laborator!AM7,0),"n/p"),"") -> n/p | AK6: =IF(NOT(ISBLANK(C6)), IF('Lucrari grafice'!F2<>"n/p",'Lucrari grafice'!F2,"n/p"),"") -> n/p | AL6: =IF(NOT(ISBLANK(C6)), IF(OR(AH6="n/p",AI6="n/p",AJ6="n/p",AK6="n/p",AH6<5,AI6<5,AJ6<5,AK6<5)," ",TRUNC(SUM(AH6:AK6)/4,2)), "") | AM6: =IF(NOT(ISBLANK(C6)), IF(AL6=" ","n/a", IF(AG6,AG6, IF(COUNT(MAX(AVERAGE(AB6:AC6),0)),MAX(AB6:AC6),"n/p"))), "") -> n/a | AN6: =IF(NOT(ISBLANK(C6)), IF(OR(AM6="n/a",AM6="n/p")," ", IF(AM6<5,AM6,TRUNC(AL6*0.6+AM6*0.4,2))), "") | AO6: =IF(NOT(ISBLANK(C6)), IF(AN6=" "," ", IF(AND(AN6>=1,AN6<2),"(unu, "&ROUNDUP(MOD(AN6*100,100),0)&")", IF(AND(AN6>=2,AN6<3),"(doi, "&ROUNDUP(MOD(AN6*100,100),0)&")", IF(AND(AN6>=3,AN6<4),"(trei, "&ROUNDUP(MOD(AN6*100,100),0)&")", IF(AND(AN6>=4,AN6<5),"(patru, "&ROUNDUP(MOD(AN6*100,100),0)&")", IF(AND(AN6>=5,AN6<6),"(cinci, "&ROUNDUP(MOD(AN6*100,100),0)&")", IF(AND(AN6>=6,AN6<7),"(şase, "&ROUNDUP(MOD(AN6*100,100),0)&")", IF(AND(AN6>=7,AN6<8),"(şapte, "&ROUNDUP(MOD(AN6*100,100),0)&")", IF(AND(AN6>=8,AN6<9),"(opt, "&ROUNDUP(MOD(AN6*100,100),0)&")", IF(AND(AN6>=9,AN6<10),"(nouă, "&ROUNDUP(MOD(AN6*100,100),0)&")", IF(AN6=10,"(zece, 00)", ))))))))))),"") | AP6: =IF(NOT(ISBLANK(C6)), IF(AN6=" "," ", IF(AND(AN6>=1,AN6<=3),"F", IF(AND(AN6>3,AN6<5),"FX", IF(AND(AN6>=5,AN6<=6),"E", IF(AND(AN6>6,AN6<=7),"D", IF(AND(AN6>7,AN6<=8),"C", IF(AND(AN6>8,AN6<=9),"B", IF(AND(AN6>9,AN6<=10),"A", )))))))),"")
B7: =IF(NOT(ISBLANK(C7)),COUNTA($C$6:C7),"") | T7: =IF(NOT(ISBLANK(C7)),IF(COUNTIF(E7:S7,"a")<>0,COUNTIF(E7:S7,"a")*2,""),"") | V7: ='Atest. Nr.1_1'!I3 | W7: ='Atest. Nr.1_2'!H3 | X7: ='Atest. Nr.1_3'!H3 | Y7: ='Atest. Nr.2_1'!I3 | Z7: ='Atest. Nr.2_2'!I3 | AA7: ='Atest. Nr.2_3'!I3 | AB7: =Examen!G3 | AC7: =ReExaminare!G3 | AD7: =IF(NOT(ISBLANK(B7)), IF(SUM(E7:S7)+SUM(Laborator!E8:R8)<>0,SUM(E7:S7)+SUM(Laborator!E8:R8),""), "") | AH7: =IF(NOT(ISBLANK(C7)), IF(COUNT(MAX(AVERAGE(V7:X7),0)),MAX(V7:X7),"n/p"), "") | AI7: =IF(NOT(ISBLANK(C7)), IF(COUNT(MAX(AVERAGE(Y7:AA7),0)),MAX(Y7:AA7),"n/p"), "") | AJ7: =IF(NOT(ISBLANK(C7)), IF(Laborator!AN8="Admis",ROUND(Laborator!AM8,0),"n/p"),"") | AK7: =IF(NOT(ISBLANK(C7)), IF('Lucrari grafice'!F3<>"n/p",'Lucrari grafice'!F3,"n/p"),"") | AL7: =IF(NOT(ISBLANK(C7)), IF(OR(AH7="n/p",AI7="n/p",AJ7="n/p",AK7="n/p",AH7<5,AI7<5,AJ7<5,AK7<5)," ",TRUNC(SUM(AH7:AK7)/4,2)), "") | AM7: =IF(NOT(ISBLANK(C7)), IF(AL7=" ","n/a", IF(AG7,AG7, IF(COUNT(MAX(AVERAGE(AB7:AC7),0)),MAX(AB7:AC7),"n/p"))), "") | AN7: =IF(NOT(ISBLANK(C7)), IF(OR(AM7="n/a",AM7="n/p")," ", IF(AM7<5,AM7,TRUNC(AL7*0.6+AM7*0.4,2))), "") | AO7: =IF(NOT(ISBLANK(C7)), IF(AN7=" "," ", IF(AND(AN7>=1,AN7<2),"(unu, "&ROUNDUP(MOD(AN7*100,100),0)&")", IF(AND(AN7>=2,AN7<3),"(doi, "&ROUNDUP(MOD(AN7*100,100),0)&")", IF(AND(AN7>=3,AN7<4),"(trei, "&ROUNDUP(MOD(AN7*100,100),0)&")", IF(AND(AN7>=4,AN7<5),"(patru, "&ROUNDUP(MOD(AN7*100,100),0)&")", IF(AND(AN7>=5,AN7<6),"(cinci, "&ROUNDUP(MOD(AN7*100,100),0)&")", IF(AND(AN7>=6,AN7<7),"(şase, "&ROUNDUP(MOD(AN7*100,100),0)&")", IF(AND(AN7>=7,AN7<8),"(şapte, "&ROUNDUP(MOD(AN7*100,100),0)&")", IF(AND(AN7>=8,AN7<9),"(opt, "&ROUNDUP(MOD(AN7*100,100),0)&")", IF(AND(AN7>=9,AN7<10),"(nouă, "&ROUNDUP(MOD(AN7*100,100),0)&")", IF(AN7=10,"(zece, 00)", ))))))))))),"") | AP7: =IF(NOT(ISBLANK(C7)), IF(AN7=" "," ", IF(AND(AN7>=1,AN7<=3),"F", IF(AND(AN7>3,AN7<5),"FX", IF(AND(AN7>=5,AN7<=6),"E", IF(AND(AN7>6,AN7<=7),"D", IF(AND(AN7>7,AN7<=8),"C", IF(AND(AN7>8,AN7<=9),"B", IF(AND(AN7>9,AN7<=10),"A", )))))))),"")
B8: =IF(NOT(ISBLANK(C8)),COUNTA($C$6:C8),"") | T8: =IF(NOT(ISBLANK(C8)),IF(COUNTIF(E8:S8,"a")<>0,COUNTIF(E8:S8,"a")*2,""),"") | V8: ='Atest. Nr.1_1'!I4 | W8: ='Atest. Nr.1_2'!H4 | X8: ='Atest. Nr.1_3'!H4 | Y8: ='Atest. Nr.2_1'!I4 | Z8: ='Atest. Nr.2_2'!I4 | AA8: ='Atest. Nr.2_3'!I4 | AB8: =Examen!G4 | AC8: =ReExaminare!G4 | AD8: =IF(NOT(ISBLANK(B8)), IF(SUM(E8:S8)+SUM(Laborator!E9:R9)<>0,SUM(E8:S8)+SUM(Laborator!E9:R9),""), "") | AH8: =IF(NOT(ISBLANK(C8)), IF(COUNT(MAX(AVERAGE(V8:X8),0)),MAX(V8:X8),"n/p"), "") | AI8: =IF(NOT(ISBLANK(C8)), IF(COUNT(MAX(AVERAGE(Y8:AA8),0)),MAX(Y8:AA8),"n/p"), "") | AJ8: =IF(NOT(ISBLANK(C8)), IF(Laborator!AN9="Admis",ROUND(Laborator!AM9,0),"n/p"),"") | AK8: =IF(NOT(ISBLANK(C8)), IF('Lucrari grafice'!F4<>"n/p",'Lucrari grafice'!F4,"n/p"),"") | AL8: =IF(NOT(ISBLANK(C8)), IF(OR(AH8="n/p",AI8="n/p",AJ8="n/p",AK8="n/p",AH8<5,AI8<5,AJ8<5,AK8<5)," ",TRUNC(SUM(AH8:AK8)/4,2)), "") | AM8: =IF(NOT(ISBLANK(C8)), IF(AL8=" ","n/a", IF(AG8,AG8, IF(COUNT(MAX(AVERAGE(AB8:AC8),0)),MAX(AB8:AC8),"n/p"))), "") | AN8: =IF(NOT(ISBLANK(C8)), IF(OR(AM8="n/a",AM8="n/p")," ", IF(AM8<5,AM8,TRUNC(AL8*0.6+AM8*0.4,2))), "") | AO8: =IF(NOT(ISBLANK(C8)), IF(AN8=" "," ", IF(AND(AN8>=1,AN8<2),"(unu, "&ROUNDUP(MOD(AN8*100,100),0)&")", IF(AND(AN8>=2,AN8<3),"(doi, "&ROUNDUP(MOD(AN8*100,100),0)&")", IF(AND(AN8>=3,AN8<4),"(trei, "&ROUNDUP(MOD(AN8*100,100),0)&")", IF(AND(AN8>=4,AN8<5),"(patru, "&ROUNDUP(MOD(AN8*100,100),0)&")", IF(AND(AN8>=5,AN8<6),"(cinci, "&ROUNDUP(MOD(AN8*100,100),0)&")", IF(AND(AN8>=6,AN8<7),"(şase, "&ROUNDUP(MOD(AN8*100,100),0)&")", IF(AND(AN8>=7,AN8<8),"(şapte, "&ROUNDUP(MOD(AN8*100,100),0)&")", IF(AND(AN8>=8,AN8<9),"(opt, "&ROUNDUP(MOD(AN8*100,100),0)&")", IF(AND(AN8>=9,AN8<10),"(nouă, "&ROUNDUP(MOD(AN8*100,100),0)&")", IF(AN8=10,"(zece, 00)", ))))))))))),"") | AP8: =IF(NOT(ISBLANK(C8)), IF(AN8=" "," ", IF(AND(AN8>=1,AN8<=3),"F", IF(AND(AN8>3,AN8<5),"FX", IF(AND(AN8>=5,AN8<=6),"E", IF(AND(AN8>6,AN8<=7),"D", IF(AND(AN8>7,AN8<=8),"C", IF(AND(AN8>8,AN8<=9),"B", IF(AND(AN8>9,AN8<=10),"A", )))))))),"")
B9: =IF(NOT(ISBLANK(C9)),COUNTA($C$6:C9),"") | T9: =IF(NOT(ISBLANK(C9)),IF(COUNTIF(E9:S9,"a")<>0,COUNTIF(E9:S9,"a")*2,""),"") | V9: ='Atest. Nr.1_1'!I5 | W9: ='Atest. Nr.1_2'!H5 | X9: ='Atest. Nr.1_3'!H5 | Y9: ='Atest. Nr.2_1'!I5 | Z9: ='Atest. Nr.2_2'!I5 | AA9: ='Atest. Nr.2_3'!I5 | AB9: =Examen!G5 | AC9: =ReExaminare!G5 | AD9: =IF(NOT(ISBLANK(B9)), IF(SUM(E9:S9)+SUM(Laborator!E10:R10)<>0,SUM(E9:S9)+SUM(Laborator!E10:R10),""), "") | AH9: =IF(NOT(ISBLANK(C9)), IF(COUNT(MAX(AVERAGE(V9:X9),0)),MAX(V9:X9),"n/p"), "") | AI9: =IF(NOT(ISBLANK(C9)), IF(COUNT(MAX(AVERAGE(Y9:AA9),0)),MAX(Y9:AA9),"n/p"), "") | AJ9: =IF(NOT(ISBLANK(C9)), IF(Laborator!AN10="Admis",ROUND(Laborator!AM10,0),"n/p"),"") | AK9: =IF(NOT(ISBLANK(C9)), IF('Lucrari grafice'!F5<>"n/p",'Lucrari grafice'!F5,"n/p"),"") | AL9: =IF(NOT(ISBLANK(C9)), IF(OR(AH9="n/p",AI9="n/p",AJ9="n/p",AK9="n/p",AH9<5,AI9<5,AJ9<5,AK9<5)," ",TRUNC(SUM(AH9:AK9)/4,2)), "") | AM9: =IF(NOT(ISBLANK(C9)), IF(AL9=" ","n/a", IF(AG9,AG9, IF(COUNT(MAX(AVERAGE(AB9:AC9),0)),MAX(AB9:AC9),"n/p"))), "") | AN9: =IF(NOT(ISBLANK(C9)), IF(OR(AM9="n/a",AM9="n/p")," ", IF(AM9<5,AM9,TRUNC(AL9*0.6+AM9*0.4,2))), "") | AO9: =IF(NOT(ISBLANK(C9)), IF(AN9=" "," ", IF(AND(AN9>=1,AN9<2),"(unu, "&ROUNDUP(MOD(AN9*100,100),0)&")", IF(AND(AN9>=2,AN9<3),"(doi, "&ROUNDUP(MOD(AN9*100,100),0)&")", IF(AND(AN9>=3,AN9<4),"(trei, "&ROUNDUP(MOD(AN9*100,100),0)&")", IF(AND(AN9>=4,AN9<5),"(patru, "&ROUNDUP(MOD(AN9*100,100),0)&")", IF(AND(AN9>=5,AN9<6),"(cinci, "&ROUNDUP(MOD(AN9*100,100),0)&")", IF(AND(AN9>=6,AN9<7),"(şase, "&ROUNDUP(MOD(AN9*100,100),0)&")", IF(AND(AN9>=7,AN9<8),"(şapte, "&ROUNDUP(MOD(AN9*100,100),0)&")", IF(AND(AN9>=8,AN9<9),"(opt, "&ROUNDUP(MOD(AN9*100,100),0)&")", IF(AND(AN9>=9,AN9<10),"(nouă, "&ROUNDUP(MOD(AN9*100,100),0)&")", IF(AN9=10,"(zece, 00)", ))))))))))),"") | AP9: =IF(NOT(ISBLANK(C9)), IF(AN9=" "," ", IF(AND(AN9>=1,AN9<=3),"F", IF(AND(AN9>3,AN9<5),"FX", IF(AND(AN9>=5,AN9<=6),"E", IF(AND(AN9>6,AN9<=7),"D", IF(AND(AN9>7,AN9<=8),"C", IF(AND(AN9>8,AN9<=9),"B", IF(AND(AN9>9,AN9<=10),"A", )))))))),"") | AT9: Evaluarea periodică Nr.1 | BG9: Reușita din nr. total, %
B10: =IF(NOT(ISBLANK(C10)),COUNTA($C$6:C10),"") | T10: =IF(NOT(ISBLANK(C10)),IF(COUNTIF(E10:S10,"a")<>0,COUNTIF(E10:S10,"a")*2,""),"") | V10: ='Atest. Nr.1_1'!I6 | W10: ='Atest. Nr.1_2'!H6 | X10: ='Atest. Nr.1_3'!H6 | Y10: ='Atest. Nr.2_1'!I6 | Z10: ='Atest. Nr.2_2'!I6 | AA10: ='Atest. Nr.2_3'!I6 | AB10: =Examen!G6 | AC10: =ReExaminare!G6 | AD10: =IF(NOT(ISBLANK(B10)), IF(SUM(E10:S10)+SUM(Laborator!E11:R11)<>0,SUM(E10:S10)+SUM(Laborator!E11:R11),""), "") | AH10: =IF(NOT(ISBLANK(C10)), IF(COUNT(MAX(AVERAGE(V10:X10),0)),MAX(V10:X10),"n/p"), "") | AI10: =IF(NOT(ISBLANK(C10)), IF(COUNT(MAX(AVERAGE(Y10:AA10),0)),MAX(Y10:AA10),"n/p"), "") | AJ10: =IF(NOT(ISBLANK(C10)), IF(Laborator!AN11="Admis",ROUND(Laborator!AM11,0),"n/p"),"") | AK10: =IF(NOT(ISBLANK(C10)), IF('Lucrari grafice'!F6<>"n/p",'Lucrari grafice'!F6,"n/p"),"") | AL10: =IF(NOT(ISBLANK(C10)), IF(OR(AH10="n/p",AI10="n/p",AJ10="n/p",AK10="n/p",AH10<5,AI10<5,AJ10<5,AK10<5)," ",TRUNC(SUM(AH10:AK10)/4,2)), "") | AM10: =IF(NOT(ISBLANK(C10)), IF(AL10=" ","n/a", IF(AG10,AG10, IF(COUNT(MAX(AVERAGE(AB10:AC10),0)),MAX(AB10:AC10),"n/p"))), "") | AN10: =IF(NOT(ISBLANK(C10)), IF(OR(AM10="n/a",AM10="n/p")," ", IF(AM10<5,AM10,TRUNC(AL10*0.6+AM10*0.4,2))), "") | AO10: =IF(NOT(ISBLANK(C10)), IF(AN10=" "," ", IF(AND(AN10>=1,AN10<2),"(unu, "&ROUNDUP(MOD(AN10*100,100),0)&")", IF(AND(AN10>=2,AN10<3),"(doi, "&ROUNDUP(MOD(AN10*100,100),0)&")", IF(AND(AN10>=3,AN10<4),"(trei, "&ROUNDUP(MOD(AN10*100,100),0)&")", IF(AND(AN10>=4,AN10<5),"(patru, "&ROUNDUP(MOD(AN10*100,100),0)&")", IF(AND(AN10>=5,AN10<6),"(cinci, "&ROUNDUP(MOD(AN10*100,100),0)&")", IF(AND(AN10>=6,AN10<7),"(şase, "&ROUNDUP(MOD(AN10*100,100),0)&")", IF(AND(AN10>=7,AN10<8),"(şapte, "&ROUNDUP(MOD(AN10*100,100),0)&")", IF(AND(AN10>=8,AN10<9),"(opt, "&ROUNDUP(MOD(AN10*100,100),0)&")", IF(AND(AN10>=9,AN10<10),"(nouă, "&ROUNDUP(MOD(AN10*100,100),0)&")", IF(AN10=10,"(zece, 00)", ))))))))))),"") | AP10: =IF(NOT(ISBLANK(C10)), IF(AN10=" "," ", IF(AND(AN10>=1,AN10<=3),"F", IF(AND(AN10>3,AN10<5),"FX", IF(AND(AN10>=5,AN10<=6),"E", IF(AND(AN10>6,AN10<=7),"D", IF(AND(AN10>7,AN10<=8),"C", IF(AND(AN10>8,AN10<=9),"B", IF(AND(AN10>9,AN10<=10),"A", )))))))),"")
B11: =IF(NOT(ISBLANK(C11)),COUNTA($C$6:C11),"") | T11: =IF(NOT(ISBLANK(C11)),IF(COUNTIF(E11:S11,"a")<>0,COUNTIF(E11:S11,"a")*2,""),"") | V11: ='Atest. Nr.1_1'!I7 | W11: ='Atest. Nr.1_2'!H7 | X11: ='Atest. Nr.1_3'!H7 | Y11: ='Atest. Nr.2_1'!I7 | Z11: ='Atest. Nr.2_2'!I7 | AA11: ='Atest. Nr.2_3'!I7 | AB11: =Examen!G7 | AC11: =ReExaminare!G7 | AD11: =IF(NOT(ISBLANK(B11)), IF(SUM(E11:S11)+SUM(Laborator!E12:R12)<>0,SUM(E11:S11)+SUM(Laborator!E12:R12),""), "") | AH11: =IF(NOT(ISBLANK(C11)), IF(COUNT(MAX(AVERAGE(V11:X11),0)),MAX(V11:X11),"n/p"), "") | AI11: =IF(NOT(ISBLANK(C11)), IF(COUNT(MAX(AVERAGE(Y11:AA11),0)),MAX(Y11:AA11),"n/p"), "") | AJ11: =IF(NOT(ISBLANK(C11)), IF(Laborator!AN12="Admis",ROUND(Laborator!AM12,0),"n/p"),"") | AK11: =IF(NOT(ISBLANK(C11)), IF('Lucrari grafice'!F7<>"n/p",'Lucrari grafice'!F7,"n/p"),"") | AL11: =IF(NOT(ISBLANK(C11)), IF(OR(AH11="n/p",AI11="n/p",AJ11="n/p",AK11="n/p",AH11<5,AI11<5,AJ11<5,AK11<5)," ",TRUNC(SUM(AH11:AK11)/4,2)), "") | AM11: =IF(NOT(ISBLANK(C11)), IF(AL11=" ","n/a", IF(AG11,AG11, IF(COUNT(MAX(AVERAGE(AB11:AC11),0)),MAX(AB11:AC11),"n/p"))), "") | AN11: =IF(NOT(ISBLANK(C11)), IF(OR(AM11="n/a",AM11="n/p")," ", IF(AM11<5,AM11,TRUNC(AL11*0.6+AM11*0.4,2))), "") | AO11: =IF(NOT(ISBLANK(C11)), IF(AN11=" "," ", IF(AND(AN11>=1,AN11<2),"(unu, "&ROUNDUP(MOD(AN11*100,100),0)&")", IF(AND(AN11>=2,AN11<3),"(doi, "&ROUNDUP(MOD(AN11*100,100),0)&")", IF(AND(AN11>=3,AN11<4),"(trei, "&ROUNDUP(MOD(AN11*100,100),0)&")", IF(AND(AN11>=4,AN11<5),"(patru, "&ROUNDUP(MOD(AN11*100,100),0)&")", IF(AND(AN11>=5,AN11<6),"(cinci, "&ROUNDUP(MOD(AN11*100,100),0)&")", IF(AND(AN11>=6,AN11<7),"(şase, "&ROUNDUP(MOD(AN11*100,100),0)&")", IF(AND(AN11>=7,AN11<8),"(şapte, "&ROUNDUP(MOD(AN11*100,100),0)&")", IF(AND(AN11>=8,AN11<9),"(opt, "&ROUNDUP(MOD(AN11*100,100),0)&")", IF(AND(AN11>=9,AN11<10),"(nouă, "&ROUNDUP(MOD(AN11*100,100),0)&")", IF(AN11=10,"(zece, 00)", ))))))))))),"") | AP11: =IF(NOT(ISBLANK(C11)), IF(AN11=" "," ", IF(AND(AN11>=1,AN11<=3),"F", IF(AND(AN11>3,AN11<5),"FX", IF(AND(AN11>=5,AN11<=6),"E", IF(AND(AN11>6,AN11<=7),"D", IF(AND(AN11>7,AN11<=8),"C", IF(AND(AN11>8,AN11<=9),"B", IF(AND(AN11>9,AN11<=10),"A", )))))))),"") | AT11: Nr. stud | AU11: n/p | AV11: 1 | AW11: 2 | AX11: 3 | AY11: 4 | AZ11: 5 | BA11: 6 | BB11: 7 | BC11: 8 | BD11: 9 | BE11: 10
B12: =IF(NOT(ISBLANK(C12)),COUNTA($C$6:C12),"") | T12: =IF(NOT(ISBLANK(C12)),IF(COUNTIF(E12:S12,"a")<>0,COUNTIF(E12:S12,"a")*2,""),"") | V12: ='Atest. Nr.1_1'!I8 | W12: ='Atest. Nr.1_2'!H8 | X12: ='Atest. Nr.1_3'!H8 | Y12: ='Atest. Nr.2_1'!I8 | Z12: ='Atest. Nr.2_2'!I8 | AA12: ='Atest. Nr.2_3'!I8 | AB12: =Examen!G8 | AC12: =ReExaminare!G8 | AD12: =IF(NOT(ISBLANK(B12)), IF(SUM(E12:S12)+SUM(Laborator!E13:R13)<>0,SUM(E12:S12)+SUM(Laborator!E13:R13),""), "") | AH12: =IF(NOT(ISBLANK(C12)), IF(COUNT(MAX(AVERAGE(V12:X12),0)),MAX(V12:X12),"n/p"), "") | AI12: =IF(NOT(ISBLANK(C12)), IF(COUNT(MAX(AVERAGE(Y12:AA12),0)),MAX(Y12:AA12),"n/p"), "") | AJ12: =IF(NOT(ISBLANK(C12)), IF(Laborator!AN13="Admis",ROUND(Laborator!AM13,0),"n/p"),"") | AK12: =IF(NOT(ISBLANK(C12)), IF('Lucrari grafice'!F8<>"n/p",'Lucrari grafice'!F8,"n/p"),"") | AL12: =IF(NOT(ISBLANK(C12)), IF(OR(AH12="n/p",AI12="n/p",AJ12="n/p",AK12="n/p",AH12<5,AI12<5,AJ12<5,AK12<5)," ",TRUNC(SUM(AH12:AK12)/4,2)), "") | AM12: =IF(NOT(ISBLANK(C12)), IF(AL12=" ","n/a", IF(AG12,AG12, IF(COUNT(MAX(AVERAGE(AB12:AC12),0)),MAX(AB12:AC12),"n/p"))), "") | AN12: =IF(NOT(ISBLANK(C12)), IF(OR(AM12="n/a",AM12="n/p")," ", IF(AM12<5,AM12,TRUNC(AL12*0.6+AM12*0.4,2))), "") | AO12: =IF(NOT(ISBLANK(C12)), IF(AN12=" "," ", IF(AND(AN12>=1,AN12<2),"(unu, "&ROUNDUP(MOD(AN12*100,100),0)&")", IF(AND(AN12>=2,AN12<3),"(doi, "&ROUNDUP(MOD(AN12*100,100),0)&")", IF(AND(AN12>=3,AN12<4),"(trei, "&ROUNDUP(MOD(AN12*100,100),0)&")", IF(AND(AN12>=4,AN12<5),"(patru, "&ROUNDUP(MOD(AN12*100,100),0)&")", IF(AND(AN12>=5,AN12<6),"(cinci, "&ROUNDUP(MOD(AN12*100,100),0)&")", IF(AND(AN12>=6,AN12<7),"(şase, "&ROUNDUP(MOD(AN12*100,100),0)&")", IF(AND(AN12>=7,AN12<8),"(şapte, "&ROUNDUP(MOD(AN12*100,100),0)&")", IF(AND(AN12>=8,AN12<9),"(opt, "&ROUNDUP(MOD(AN12*100,100),0)&")", IF(AND(AN12>=9,AN12<10),"(nouă, "&ROUNDUP(MOD(AN12*100,100),0)&")", IF(AN12=10,"(zece, 00)", ))))))))))),"") | AP12: =IF(NOT(ISBLANK(C12)), IF(AN12=" "," ", IF(AND(AN12>=1,AN12<=3),"F", IF(AND(AN12>3,AN12<5),"FX", IF(AND(AN12>=5,AN12<=6),"E", IF(AND(AN12>6,AN12<=7),"D", IF(AND(AN12>7,AN12<=8),"C", IF(AND(AN12>8,AN12<=9),"B", IF(AND(AN12>9,AN12<=10),"A", )))))))),"")
B13: =IF(NOT(ISBLANK(C13)),COUNTA($C$6:C13),"") | T13: =IF(NOT(ISBLANK(C13)),IF(COUNTIF(E13:S13,"a")<>0,COUNTIF(E13:S13,"a")*2,""),"") | V13: ='Atest. Nr.1_1'!I9 | W13: ='Atest. Nr.1_2'!H9 | X13: ='Atest. Nr.1_3'!H9 | Y13: ='Atest. Nr.2_1'!I9 | Z13: ='Atest. Nr.2_2'!I9 | AA13: ='Atest. Nr.2_3'!I9 | AB13: =Examen!G9 | AC13: =ReExaminare!G9 | AD13: =IF(NOT(ISBLANK(B13)), IF(SUM(E13:S13)+SUM(Laborator!E14:R14)<>0,SUM(E13:S13)+SUM(Laborator!E14:R14),""), "") | AH13: =IF(NOT(ISBLANK(C13)), IF(COUNT(MAX(AVERAGE(V13:X13),0)),MAX(V13:X13),"n/p"), "") | AI13: =IF(NOT(ISBLANK(C13)), IF(COUNT(MAX(AVERAGE(Y13:AA13),0)),MAX(Y13:AA13),"n/p"), "") | AJ13: =IF(NOT(ISBLANK(C13)), IF(Laborator!AN14="Admis",ROUND(Laborator!AM14,0),"n/p"),"") | AK13: =IF(NOT(ISBLANK(C13)), IF('Lucrari grafice'!F9<>"n/p",'Lucrari grafice'!F9,"n/p"),"") | AL13: =IF(NOT(ISBLANK(C13)), IF(OR(AH13="n/p",AI13="n/p",AJ13="n/p",AK13="n/p",AH13<5,AI13<5,AJ13<5,AK13<5)," ",TRUNC(SUM(AH13:AK13)/4,2)), "") | AM13: =IF(NOT(ISBLANK(C13)), IF(AL13=" ","n/a", IF(AG13,AG13, IF(COUNT(MAX(AVERAGE(AB13:AC13),0)),MAX(AB13:AC13),"n/p"))), "") | AN13: =IF(NOT(ISBLANK(C13)), IF(OR(AM13="n/a",AM13="n/p")," ", IF(AM13<5,AM13,TRUNC(AL13*0.6+AM13*0.4,2))), "") | AO13: =IF(NOT(ISBLANK(C13)), IF(AN13=" "," ", IF(AND(AN13>=1,AN13<2),"(unu, "&ROUNDUP(MOD(AN13*100,100),0)&")", IF(AND(AN13>=2,AN13<3),"(doi, "&ROUNDUP(MOD(AN13*100,100),0)&")", IF(AND(AN13>=3,AN13<4),"(trei, "&ROUNDUP(MOD(AN13*100,100),0)&")", IF(AND(AN13>=4,AN13<5),"(patru, "&ROUNDUP(MOD(AN13*100,100),0)&")", IF(AND(AN13>=5,AN13<6),"(cinci, "&ROUNDUP(MOD(AN13*100,100),0)&")", IF(AND(AN13>=6,AN13<7),"(şase, "&ROUNDUP(MOD(AN13*100,100),0)&")", IF(AND(AN13>=7,AN13<8),"(şapte, "&ROUNDUP(MOD(AN13*100,100),0)&")", IF(AND(AN13>=8,AN13<9),"(opt, "&ROUNDUP(MOD(AN13*100,100),0)&")", IF(AND(AN13>=9,AN13<10),"(nouă, "&ROUNDUP(MOD(AN13*100,100),0)&")", IF(AN13=10,"(zece, 00)", ))))))))))),"") | AP13: =IF(NOT(ISBLANK(C13)), IF(AN13=" "," ", IF(AND(AN13>=1,AN13<=3),"F", IF(AND(AN13>3,AN13<5),"FX", IF(AND(AN13>=5,AN13<=6),"E", IF(AND(AN13>6,AN13<=7),"D", IF(AND(AN13>7,AN13<=8),"C", IF(AND(AN13>8,AN13<=9),"B", IF(AND(AN13>9,AN13<=10),"A", )))))))),"") | AT13: =COUNTA(C6:C105) -> 1 | AU13: =COUNTIF($AH$6:$AH$105,AU11) -> 1 | AV13: =COUNTIF($AH$6:$AH$105,AV11) -> 0 | AW13: =COUNTIF($AH$6:$AH$105,AW11) -> 0 | AX13: =COUNTIF($AH$6:$AH$105,AX11) -> 0 | AY13: =COUNTIF($AH$6:$AH$105,AY11) -> 0 | AZ13: =COUNTIF($AH$6:$AH$105,AZ11) -> 0 | BA13: =COUNTIF($AH$6:$AH$105,BA11) -> 0 | BB13: =COUNTIF($AH$6:$AH$105,BB11) -> 0 | ... BE13: =COUNTIF($AH$6:$AH$105,BE11) -> 0 | BG13: =SUM(AZ13:BE14)/AT13 -> 0
B14: =IF(NOT(ISBLANK(C14)),COUNTA($C$6:C14),"") | T14: =IF(NOT(ISBLANK(C14)),IF(COUNTIF(E14:S14,"a")<>0,COUNTIF(E14:S14,"a")*2,""),"") | V14: ='Atest. Nr.1_1'!I10 | W14: ='Atest. Nr.1_2'!H10 | X14: ='Atest. Nr.1_3'!H10 | Y14: ='Atest. Nr.2_1'!I10 | Z14: ='Atest. Nr.2_2'!I10 | AA14: ='Atest. Nr.2_3'!I10 | AB14: =Examen!G10 | AC14: =ReExaminare!G10 | AD14: =IF(NOT(ISBLANK(B14)), IF(SUM(E14:S14)+SUM(Laborator!E15:R15)<>0,SUM(E14:S14)+SUM(Laborator!E15:R15),""), "") | AH14: =IF(NOT(ISBLANK(C14)), IF(COUNT(MAX(AVERAGE(V14:X14),0)),MAX(V14:X14),"n/p"), "") | AI14: =IF(NOT(ISBLANK(C14)), IF(COUNT(MAX(AVERAGE(Y14:AA14),0)),MAX(Y14:AA14),"n/p"), "") | AJ14: =IF(NOT(ISBLANK(C14)), IF(Laborator!AN15="Admis",ROUND(Laborator!AM15,0),"n/p"),"") | AK14: =IF(NOT(ISBLANK(C14)), IF('Lucrari grafice'!F10<>"n/p",'Lucrari grafice'!F10,"n/p"),"") | AL14: =IF(NOT(ISBLANK(C14)), IF(OR(AH14="n/p",AI14="n/p",AJ14="n/p",AK14="n/p",AH14<5,AI14<5,AJ14<5,AK14<5)," ",TRUNC(SUM(AH14:AK14)/4,2)), "") | AM14: =IF(NOT(ISBLANK(C14)), IF(AL14=" ","n/a", IF(AG14,AG14, IF(COUNT(MAX(AVERAGE(AB14:AC14),0)),MAX(AB14:AC14),"n/p"))), "") | AN14: =IF(NOT(ISBLANK(C14)), IF(OR(AM14="n/a",AM14="n/p")," ", IF(AM14<5,AM14,TRUNC(AL14*0.6+AM14*0.4,2))), "") | AO14: =IF(NOT(ISBLANK(C14)), IF(AN14=" "," ", IF(AND(AN14>=1,AN14<2),"(unu, "&ROUNDUP(MOD(AN14*100,100),0)&")", IF(AND(AN14>=2,AN14<3),"(doi, "&ROUNDUP(MOD(AN14*100,100),0)&")", IF(AND(AN14>=3,AN14<4),"(trei, "&ROUNDUP(MOD(AN14*100,100),0)&")", IF(AND(AN14>=4,AN14<5),"(patru, "&ROUNDUP(MOD(AN14*100,100),0)&")", IF(AND(AN14>=5,AN14<6),"(cinci, "&ROUNDUP(MOD(AN14*100,100),0)&")", IF(AND(AN14>=6,AN14<7),"(şase, "&ROUNDUP(MOD(AN14*100,100),0)&")", IF(AND(AN14>=7,AN14<8),"(şapte, "&ROUNDUP(MOD(AN14*100,100),0)&")", IF(AND(AN14>=8,AN14<9),"(opt, "&ROUNDUP(MOD(AN14*100,100),0)&")", IF(AND(AN14>=9,AN14<10),"(nouă, "&ROUNDUP(MOD(AN14*100,100),0)&")", IF(AN14=10,"(zece, 00)", ))))))))))),"") | AP14: =IF(NOT(ISBLANK(C14)), IF(AN14=" "," ", IF(AND(AN14>=1,AN14<=3),"F", IF(AND(AN14>3,AN14<5),"FX", IF(AND(AN14>=5,AN14<=6),"E", IF(AND(AN14>6,AN14<=7),"D", IF(AND(AN14>7,AN14<=8),"C", IF(AND(AN14>8,AN14<=9),"B", IF(AND(AN14>9,AN14<=10),"A", )))))))),"")
B15: =IF(NOT(ISBLANK(C15)),COUNTA($C$6:C15),"") | T15: =IF(NOT(ISBLANK(C15)),IF(COUNTIF(E15:S15,"a")<>0,COUNTIF(E15:S15,"a")*2,""),"") | V15: ='Atest. Nr.1_1'!I11 | W15: ='Atest. Nr.1_2'!H11 | X15: ='Atest. Nr.1_3'!H11 | Y15: ='Atest. Nr.2_1'!I11 | Z15: ='Atest. Nr.2_2'!I11 | AA15: ='Atest. Nr.2_3'!I11 | AB15: =Examen!G11 | AC15: =ReExaminare!G11 | AD15: =IF(NOT(ISBLANK(B15)), IF(SUM(E15:S15)+SUM(Laborator!E16:R16)<>0,SUM(E15:S15)+SUM(Laborator!E16:R16),""), "") | AH15: =IF(NOT(ISBLANK(C15)), IF(COUNT(MAX(AVERAGE(V15:X15),0)),MAX(V15:X15),"n/p"), "") | AI15: =IF(NOT(ISBLANK(C15)), IF(COUNT(MAX(AVERAGE(Y15:AA15),0)),MAX(Y15:AA15),"n/p"), "") | AJ15: =IF(NOT(ISBLANK(C15)), IF(Laborator!AN16="Admis",ROUND(Laborator!AM16,0),"n/p"),"") | AK15: =IF(NOT(ISBLANK(C15)), IF('Lucrari grafice'!F11<>"n/p",'Lucrari grafice'!F11,"n/p"),"") | AL15: =IF(NOT(ISBLANK(C15)), IF(OR(AH15="n/p",AI15="n/p",AJ15="n/p",AK15="n/p",AH15<5,AI15<5,AJ15<5,AK15<5)," ",TRUNC(SUM(AH15:AK15)/4,2)), "") | AM15: =IF(NOT(ISBLANK(C15)), IF(AL15=" ","n/a", IF(AG15,AG15, IF(COUNT(MAX(AVERAGE(AB15:AC15),0)),MAX(AB15:AC15),"n/p"))), "") | AN15: =IF(NOT(ISBLANK(C15)), IF(OR(AM15="n/a",AM15="n/p")," ", IF(AM15<5,AM15,TRUNC(AL15*0.6+AM15*0.4,2))), "") | AO15: =IF(NOT(ISBLANK(C15)), IF(AN15=" "," ", IF(AND(AN15>=1,AN15<2),"(unu, "&ROUNDUP(MOD(AN15*100,100),0)&")", IF(AND(AN15>=2,AN15<3),"(doi, "&ROUNDUP(MOD(AN15*100,100),0)&")", IF(AND(AN15>=3,AN15<4),"(trei, "&ROUNDUP(MOD(AN15*100,100),0)&")", IF(AND(AN15>=4,AN15<5),"(patru, "&ROUNDUP(MOD(AN15*100,100),0)&")", IF(AND(AN15>=5,AN15<6),"(cinci, "&ROUNDUP(MOD(AN15*100,100),0)&")", IF(AND(AN15>=6,AN15<7),"(şase, "&ROUNDUP(MOD(AN15*100,100),0)&")", IF(AND(AN15>=7,AN15<8),"(şapte, "&ROUNDUP(MOD(AN15*100,100),0)&")", IF(AND(AN15>=8,AN15<9),"(opt, "&ROUNDUP(MOD(AN15*100,100),0)&")", IF(AND(AN15>=9,AN15<10),"(nouă, "&ROUNDUP(MOD(AN15*100,100),0)&")", IF(AN15=10,"(zece, 00)", ))))))))))),"") | AP15: =IF(NOT(ISBLANK(C15)), IF(AN15=" "," ", IF(AND(AN15>=1,AN15<=3),"F", IF(AND(AN15>3,AN15<5),"FX", IF(AND(AN15>=5,AN15<=6),"E", IF(AND(AN15>6,AN15<=7),"D", IF(AND(AN15>7,AN15<=8),"C", IF(AND(AN15>8,AN15<=9),"B", IF(AND(AN15>9,AN15<=10),"A", )))))))),"")
B16: =IF(NOT(ISBLANK(C16)),COUNTA($C$6:C16),"") | T16: =IF(NOT(ISBLANK(C16)),IF(COUNTIF(E16:S16,"a")<>0,COUNTIF(E16:S16,"a")*2,""),"") | V16: ='Atest. Nr.1_1'!I12 | W16: ='Atest. Nr.1_2'!H12 | X16: ='Atest. Nr.1_3'!H12 | Y16: ='Atest. Nr.2_1'!I12 | Z16: ='Atest. Nr.2_2'!I12 | AA16: ='Atest. Nr.2_3'!I12 | AB16: =Examen!G12 | AC16: =ReExaminare!G12 | AD16: =IF(NOT(ISBLANK(B16)), IF(SUM(E16:S16)+SUM(Laborator!E17:R17)<>0,SUM(E16:S16)+SUM(Laborator!E17:R17),""), "") | AH16: =IF(NOT(ISBLANK(C16)), IF(COUNT(MAX(AVERAGE(V16:X16),0)),MAX(V16:X16),"n/p"), "") | AI16: =IF(NOT(ISBLANK(C16)), IF(COUNT(MAX(AVERAGE(Y16:AA16),0)),MAX(Y16:AA16),"n/p"), "") | AJ16: =IF(NOT(ISBLANK(C16)), IF(Laborator!AN17="Admis",ROUND(Laborator!AM17,0),"n/p"),"") | AK16: =IF(NOT(ISBLANK(C16)), IF('Lucrari grafice'!F12<>"n/p",'Lucrari grafice'!F12,"n/p"),"") | AL16: =IF(NOT(ISBLANK(C16)), IF(OR(AH16="n/p",AI16="n/p",AJ16="n/p",AK16="n/p",AH16<5,AI16<5,AJ16<5,AK16<5)," ",TRUNC(SUM(AH16:AK16)/4,2)), "") | AM16: =IF(NOT(ISBLANK(C16)), IF(AL16=" ","n/a", IF(AG16,AG16, IF(COUNT(MAX(AVERAGE(AB16:AC16),0)),MAX(AB16:AC16),"n/p"))), "") | AN16: =IF(NOT(ISBLANK(C16)), IF(OR(AM16="n/a",AM16="n/p")," ", IF(AM16<5,AM16,TRUNC(AL16*0.6+AM16*0.4,2))), "") | AO16: =IF(NOT(ISBLANK(C16)), IF(AN16=" "," ", IF(AND(AN16>=1,AN16<2),"(unu, "&ROUNDUP(MOD(AN16*100,100),0)&")", IF(AND(AN16>=2,AN16<3),"(doi, "&ROUNDUP(MOD(AN16*100,100),0)&")", IF(AND(AN16>=3,AN16<4),"(trei, "&ROUNDUP(MOD(AN16*100,100),0)&")", IF(AND(AN16>=4,AN16<5),"(patru, "&ROUNDUP(MOD(AN16*100,100),0)&")", IF(AND(AN16>=5,AN16<6),"(cinci, "&ROUNDUP(MOD(AN16*100,100),0)&")", IF(AND(AN16>=6,AN16<7),"(şase, "&ROUNDUP(MOD(AN16*100,100),0)&")", IF(AND(AN16>=7,AN16<8),"(şapte, "&ROUNDUP(MOD(AN16*100,100),0)&")", IF(AND(AN16>=8,AN16<9),"(opt, "&ROUNDUP(MOD(AN16*100,100),0)&")", IF(AND(AN16>=9,AN16<10),"(nouă, "&ROUNDUP(MOD(AN16*100,100),0)&")", IF(AN16=10,"(zece, 00)", ))))))))))),"") | AP16: =IF(NOT(ISBLANK(C16)), IF(AN16=" "," ", IF(AND(AN16>=1,AN16<=3),"F", IF(AND(AN16>3,AN16<5),"FX", IF(AND(AN16>=5,AN16<=6),"E", IF(AND(AN16>6,AN16<=7),"D", IF(AND(AN16>7,AN16<=8),"C", IF(AND(AN16>8,AN16<=9),"B", IF(AND(AN16>9,AN16<=10),"A", )))))))),"")
B17: =IF(NOT(ISBLANK(C17)),COUNTA($C$6:C17),"") | T17: =IF(NOT(ISBLANK(C17)),IF(COUNTIF(E17:S17,"a")<>0,COUNTIF(E17:S17,"a")*2,""),"") | V17: ='Atest. Nr.1_1'!I13 | W17: ='Atest. Nr.1_2'!H13 | X17: ='Atest. Nr.1_3'!H13 | Y17: ='Atest. Nr.2_1'!I13 | Z17: ='Atest. Nr.2_2'!I13 | AA17: ='Atest. Nr.2_3'!I13 | AB17: =Examen!G13 | AC17: =ReExaminare!G13 | AD17: =IF(NOT(ISBLANK(B17)), IF(SUM(E17:S17)+SUM(Laborator!E18:R18)<>0,SUM(E17:S17)+SUM(Laborator!E18:R18),""), "") | AH17: =IF(NOT(ISBLANK(C17)), IF(COUNT(MAX(AVERAGE(V17:X17),0)),MAX(V17:X17),"n/p"), "") | AI17: =IF(NOT(ISBLANK(C17)), IF(COUNT(MAX(AVERAGE(Y17:AA17),0)),MAX(Y17:AA17),"n/p"), "") | AJ17: =IF(NOT(ISBLANK(C17)), IF(Laborator!AN18="Admis",ROUND(Laborator!AM18,0),"n/p"),"") | AK17: =IF(NOT(ISBLANK(C17)), IF('Lucrari grafice'!F13<>"n/p",'Lucrari grafice'!F13,"n/p"),"") | AL17: =IF(NOT(ISBLANK(C17)), IF(OR(AH17="n/p",AI17="n/p",AJ17="n/p",AK17="n/p",AH17<5,AI17<5,AJ17<5,AK17<5)," ",TRUNC(SUM(AH17:AK17)/4,2)), "") | AM17: =IF(NOT(ISBLANK(C17)), IF(AL17=" ","n/a", IF(AG17,AG17, IF(COUNT(MAX(AVERAGE(AB17:AC17),0)),MAX(AB17:AC17),"n/p"))), "") | AN17: =IF(NOT(ISBLANK(C17)), IF(OR(AM17="n/a",AM17="n/p")," ", IF(AM17<5,AM17,TRUNC(AL17*0.6+AM17*0.4,2))), "") | AO17: =IF(NOT(ISBLANK(C17)), IF(AN17=" "," ", IF(AND(AN17>=1,AN17<2),"(unu, "&ROUNDUP(MOD(AN17*100,100),0)&")", IF(AND(AN17>=2,AN17<3),"(doi, "&ROUNDUP(MOD(AN17*100,100),0)&")", IF(AND(AN17>=3,AN17<4),"(trei, "&ROUNDUP(MOD(AN17*100,100),0)&")", IF(AND(AN17>=4,AN17<5),"(patru, "&ROUNDUP(MOD(AN17*100,100),0)&")", IF(AND(AN17>=5,AN17<6),"(cinci, "&ROUNDUP(MOD(AN17*100,100),0)&")", IF(AND(AN17>=6,AN17<7),"(şase, "&ROUNDUP(MOD(AN17*100,100),0)&")", IF(AND(AN17>=7,AN17<8),"(şapte, "&ROUNDUP(MOD(AN17*100,100),0)&")", IF(AND(AN17>=8,AN17<9),"(opt, "&ROUNDUP(MOD(AN17*100,100),0)&")", IF(AND(AN17>=9,AN17<10),"(nouă, "&ROUNDUP(MOD(AN17*100,100),0)&")", IF(AN17=10,"(zece, 00)", ))))))))))),"") | AP17: =IF(NOT(ISBLANK(C17)), IF(AN17=" "," ", IF(AND(AN17>=1,AN17<=3),"F", IF(AND(AN17>3,AN17<5),"FX", IF(AND(AN17>=5,AN17<=6),"E", IF(AND(AN17>6,AN17<=7),"D", IF(AND(AN17>7,AN17<=8),"C", IF(AND(AN17>8,AN17<=9),"B", IF(AND(AN17>9,AN17<=10),"A", )))))))),"")
B18: =IF(NOT(ISBLANK(C18)),COUNTA($C$6:C18),"") | T18: =IF(NOT(ISBLANK(C18)),IF(COUNTIF(E18:S18,"a")<>0,COUNTIF(E18:S18,"a")*2,""),"") | V18: ='Atest. Nr.1_1'!I14 | W18: ='Atest. Nr.1_2'!H14 | X18: ='Atest. Nr.1_3'!H14 | Y18: ='Atest. Nr.2_1'!I14 | Z18: ='Atest. Nr.2_2'!I14 | AA18: ='Atest. Nr.2_3'!I14 | AB18: =Examen!G14 | AC18: =ReExaminare!G14 | AD18: =IF(NOT(ISBLANK(B18)), IF(SUM(E18:S18)+SUM(Laborator!E19:R19)<>0,SUM(E18:S18)+SUM(Laborator!E19:R19),""), "") | AH18: =IF(NOT(ISBLANK(C18)), IF(COUNT(MAX(AVERAGE(V18:X18),0)),MAX(V18:X18),"n/p"), "") | AI18: =IF(NOT(ISBLANK(C18)), IF(COUNT(MAX(AVERAGE(Y18:AA18),0)),MAX(Y18:AA18),"n/p"), "") | AJ18: =IF(NOT(ISBLANK(C18)), IF(Laborator!AN19="Admis",ROUND(Laborator!AM19,0),"n/p"),"") | AK18: =IF(NOT(ISBLANK(C18)), IF('Lucrari grafice'!F14<>"n/p",'Lucrari grafice'!F14,"n/p"),"") | AL18: =IF(NOT(ISBLANK(C18)), IF(OR(AH18="n/p",AI18="n/p",AJ18="n/p",AK18="n/p",AH18<5,AI18<5,AJ18<5,AK18<5)," ",TRUNC(SUM(AH18:AK18)/4,2)), "") | AM18: =IF(NOT(ISBLANK(C18)), IF(AL18=" ","n/a", IF(AG18,AG18, IF(COUNT(MAX(AVERAGE(AB18:AC18),0)),MAX(AB18:AC18),"n/p"))), "") | AN18: =IF(NOT(ISBLANK(C18)), IF(OR(AM18="n/a",AM18="n/p")," ", IF(AM18<5,AM18,TRUNC(AL18*0.6+AM18*0.4,2))), "") | AO18: =IF(NOT(ISBLANK(C18)), IF(AN18=" "," ", IF(AND(AN18>=1,AN18<2),"(unu, "&ROUNDUP(MOD(AN18*100,100),0)&")", IF(AND(AN18>=2,AN18<3),"(doi, "&ROUNDUP(MOD(AN18*100,100),0)&")", IF(AND(AN18>=3,AN18<4),"(trei, "&ROUNDUP(MOD(AN18*100,100),0)&")", IF(AND(AN18>=4,AN18<5),"(patru, "&ROUNDUP(MOD(AN18*100,100),0)&")", IF(AND(AN18>=5,AN18<6),"(cinci, "&ROUNDUP(MOD(AN18*100,100),0)&")", IF(AND(AN18>=6,AN18<7),"(şase, "&ROUNDUP(MOD(AN18*100,100),0)&")", IF(AND(AN18>=7,AN18<8),"(şapte, "&ROUNDUP(MOD(AN18*100,100),0)&")", IF(AND(AN18>=8,AN18<9),"(opt, "&ROUNDUP(MOD(AN18*100,100),0)&")", IF(AND(AN18>=9,AN18<10),"(nouă, "&ROUNDUP(MOD(AN18*100,100),0)&")", IF(AN18=10,"(zece, 00)", ))))))))))),"") | AP18: =IF(NOT(ISBLANK(C18)), IF(AN18=" "," ", IF(AND(AN18>=1,AN18<=3),"F", IF(AND(AN18>3,AN18<5),"FX", IF(AND(AN18>=5,AN18<=6),"E", IF(AND(AN18>6,AN18<=7),"D", IF(AND(AN18>7,AN18<=8),"C", IF(AND(AN18>8,AN18<=9),"B", IF(AND(AN18>9,AN18<=10),"A", )))))))),"") | AT18: Evaluarea periodică Nr.2 | BG18: Reușita din nr. total, %
B19: =IF(NOT(ISBLANK(C19)),COUNTA($C$6:C19),"") | T19: =IF(NOT(ISBLANK(C19)),IF(COUNTIF(E19:S19,"a")<>0,COUNTIF(E19:S19,"a")*2,""),"") | V19: ='Atest. Nr.1_1'!I15 | W19: ='Atest. Nr.1_2'!H15 | X19: ='Atest. Nr.1_3'!H15 | Y19: ='Atest. Nr.2_1'!I15 | Z19: ='Atest. Nr.2_2'!I15 | AA19: ='Atest. Nr.2_3'!I15 | AB19: =Examen!G15 | AC19: =ReExaminare!G15 | AD19: =IF(NOT(ISBLANK(B19)), IF(SUM(E19:S19)+SUM(Laborator!E20:R20)<>0,SUM(E19:S19)+SUM(Laborator!E20:R20),""), "") | AH19: =IF(NOT(ISBLANK(C19)), IF(COUNT(MAX(AVERAGE(V19:X19),0)),MAX(V19:X19),"n/p"), "") | AI19: =IF(NOT(ISBLANK(C19)), IF(COUNT(MAX(AVERAGE(Y19:AA19),0)),MAX(Y19:AA19),"n/p"), "") | AJ19: =IF(NOT(ISBLANK(C19)), IF(Laborator!AN20="Admis",ROUND(Laborator!AM20,0),"n/p"),"") | AK19: =IF(NOT(ISBLANK(C19)), IF('Lucrari grafice'!F15<>"n/p",'Lucrari grafice'!F15,"n/p"),"") | AL19: =IF(NOT(ISBLANK(C19)), IF(OR(AH19="n/p",AI19="n/p",AJ19="n/p",AK19="n/p",AH19<5,AI19<5,AJ19<5,AK19<5)," ",TRUNC(SUM(AH19:AK19)/4,2)), "") | AM19: =IF(NOT(ISBLANK(C19)), IF(AL19=" ","n/a", IF(AG19,AG19, IF(COUNT(MAX(AVERAGE(AB19:AC19),0)),MAX(AB19:AC19),"n/p"))), "") | AN19: =IF(NOT(ISBLANK(C19)), IF(OR(AM19="n/a",AM19="n/p")," ", IF(AM19<5,AM19,TRUNC(AL19*0.6+AM19*0.4,2))), "") | AO19: =IF(NOT(ISBLANK(C19)), IF(AN19=" "," ", IF(AND(AN19>=1,AN19<2),"(unu, "&ROUNDUP(MOD(AN19*100,100),0)&")", IF(AND(AN19>=2,AN19<3),"(doi, "&ROUNDUP(MOD(AN19*100,100),0)&")", IF(AND(AN19>=3,AN19<4),"(trei, "&ROUNDUP(MOD(AN19*100,100),0)&")", IF(AND(AN19>=4,AN19<5),"(patru, "&ROUNDUP(MOD(AN19*100,100),0)&")", IF(AND(AN19>=5,AN19<6),"(cinci, "&ROUNDUP(MOD(AN19*100,100),0)&")", IF(AND(AN19>=6,AN19<7),"(şase, "&ROUNDUP(MOD(AN19*100,100),0)&")", IF(AND(AN19>=7,AN19<8),"(şapte, "&ROUNDUP(MOD(AN19*100,100),0)&")", IF(AND(AN19>=8,AN19<9),"(opt, "&ROUNDUP(MOD(AN19*100,100),0)&")", IF(AND(AN19>=9,AN19<10),"(nouă, "&ROUNDUP(MOD(AN19*100,100),0)&")", IF(AN19=10,"(zece, 00)", ))))))))))),"") | AP19: =IF(NOT(ISBLANK(C19)), IF(AN19=" "," ", IF(AND(AN19>=1,AN19<=3),"F", IF(AND(AN19>3,AN19<5),"FX", IF(AND(AN19>=5,AN19<=6),"E", IF(AND(AN19>6,AN19<=7),"D", IF(AND(AN19>7,AN19<=8),"C", IF(AND(AN19>8,AN19<=9),"B", IF(AND(AN19>9,AN19<=10),"A", )))))))),"")
B20: =IF(NOT(ISBLANK(C20)),COUNTA($C$6:C20),"") | T20: =IF(NOT(ISBLANK(C20)),IF(COUNTIF(E20:S20,"a")<>0,COUNTIF(E20:S20,"a")*2,""),"") | V20: ='Atest. Nr.1_1'!I16 | W20: ='Atest. Nr.1_2'!H16 | X20: ='Atest. Nr.1_3'!H16 | Y20: ='Atest. Nr.2_1'!I16 | Z20: ='Atest. Nr.2_2'!I16 | AA20: ='Atest. Nr.2_3'!I16 | AB20: =Examen!G16 | AC20: =ReExaminare!G16 | AD20: =IF(NOT(ISBLANK(B20)), IF(SUM(E20:S20)+SUM(Laborator!E21:R21)<>0,SUM(E20:S20)+SUM(Laborator!E21:R21),""), "") | AH20: =IF(NOT(ISBLANK(C20)), IF(COUNT(MAX(AVERAGE(V20:X20),0)),MAX(V20:X20),"n/p"), "") | AI20: =IF(NOT(ISBLANK(C20)), IF(COUNT(MAX(AVERAGE(Y20:AA20),0)),MAX(Y20:AA20),"n/p"), "") | AJ20: =IF(NOT(ISBLANK(C20)), IF(Laborator!AN21="Admis",ROUND(Laborator!AM21,0),"n/p"),"") | AK20: =IF(NOT(ISBLANK(C20)), IF('Lucrari grafice'!F16<>"n/p",'Lucrari grafice'!F16,"n/p"),"") | AL20: =IF(NOT(ISBLANK(C20)), IF(OR(AH20="n/p",AI20="n/p",AJ20="n/p",AK20="n/p",AH20<5,AI20<5,AJ20<5,AK20<5)," ",TRUNC(SUM(AH20:AK20)/4,2)), "") | AM20: =IF(NOT(ISBLANK(C20)), IF(AL20=" ","n/a", IF(AG20,AG20, IF(COUNT(MAX(AVERAGE(AB20:AC20),0)),MAX(AB20:AC20),"n/p"))), "") | AN20: =IF(NOT(ISBLANK(C20)), IF(OR(AM20="n/a",AM20="n/p")," ", IF(AM20<5,AM20,TRUNC(AL20*0.6+AM20*0.4,2))), "") | AO20: =IF(NOT(ISBLANK(C20)), IF(AN20=" "," ", IF(AND(AN20>=1,AN20<2),"(unu, "&ROUNDUP(MOD(AN20*100,100),0)&")", IF(AND(AN20>=2,AN20<3),"(doi, "&ROUNDUP(MOD(AN20*100,100),0)&")", IF(AND(AN20>=3,AN20<4),"(trei, "&ROUNDUP(MOD(AN20*100,100),0)&")", IF(AND(AN20>=4,AN20<5),"(patru, "&ROUNDUP(MOD(AN20*100,100),0)&")", IF(AND(AN20>=5,AN20<6),"(cinci, "&ROUNDUP(MOD(AN20*100,100),0)&")", IF(AND(AN20>=6,AN20<7),"(şase, "&ROUNDUP(MOD(AN20*100,100),0)&")", IF(AND(AN20>=7,AN20<8),"(şapte, "&ROUNDUP(MOD(AN20*100,100),0)&")", IF(AND(AN20>=8,AN20<9),"(opt, "&ROUNDUP(MOD(AN20*100,100),0)&")", IF(AND(AN20>=9,AN20<10),"(nouă, "&ROUNDUP(MOD(AN20*100,100),0)&")", IF(AN20=10,"(zece, 00)", ))))))))))),"") | AP20: =IF(NOT(ISBLANK(C20)), IF(AN20=" "," ", IF(AND(AN20>=1,AN20<=3),"F", IF(AND(AN20>3,AN20<5),"FX", IF(AND(AN20>=5,AN20<=6),"E", IF(AND(AN20>6,AN20<=7),"D", IF(AND(AN20>7,AN20<=8),"C", IF(AND(AN20>8,AN20<=9),"B", IF(AND(AN20>9,AN20<=10),"A", )))))))),"") | AT20: Nr. stud | AU20: n/p | AV20: 1 | AW20: 2 | AX20: 3 | AY20: 4 | AZ20: 5 | BA20: 6 | BB20: 7 | BC20: 8 | BD20: 9 | BE20: 10
B21: =IF(NOT(ISBLANK(C21)),COUNTA($C$6:C21),"") | T21: =IF(NOT(ISBLANK(C21)),IF(COUNTIF(E21:S21,"a")<>0,COUNTIF(E21:S21,"a")*2,""),"") | V21: ='Atest. Nr.1_1'!I17 | W21: ='Atest. Nr.1_2'!H17 | X21: ='Atest. Nr.1_3'!H17 | Y21: ='Atest. Nr.2_1'!I17 | Z21: ='Atest. Nr.2_2'!I17 | AA21: ='Atest. Nr.2_3'!I17 | AB21: =Examen!G17 | AC21: =ReExaminare!G17 | AD21: =IF(NOT(ISBLANK(B21)), IF(SUM(E21:S21)+SUM(Laborator!E22:R22)<>0,SUM(E21:S21)+SUM(Laborator!E22:R22),""), "") | AH21: =IF(NOT(ISBLANK(C21)), IF(COUNT(MAX(AVERAGE(V21:X21),0)),MAX(V21:X21),"n/p"), "") | AI21: =IF(NOT(ISBLANK(C21)), IF(COUNT(MAX(AVERAGE(Y21:AA21),0)),MAX(Y21:AA21),"n/p"), "") | AJ21: =IF(NOT(ISBLANK(C21)), IF(Laborator!AN22="Admis",ROUND(Laborator!AM22,0),"n/p"),"") | AK21: =IF(NOT(ISBLANK(C21)), IF('Lucrari grafice'!F17<>"n/p",'Lucrari grafice'!F17,"n/p"),"") | AL21: =IF(NOT(ISBLANK(C21)), IF(OR(AH21="n/p",AI21="n/p",AJ21="n/p",AK21="n/p",AH21<5,AI21<5,AJ21<5,AK21<5)," ",TRUNC(SUM(AH21:AK21)/4,2)), "") | AM21: =IF(NOT(ISBLANK(C21)), IF(AL21=" ","n/a", IF(AG21,AG21, IF(COUNT(MAX(AVERAGE(AB21:AC21),0)),MAX(AB21:AC21),"n/p"))), "") | AN21: =IF(NOT(ISBLANK(C21)), IF(OR(AM21="n/a",AM21="n/p")," ", IF(AM21<5,AM21,TRUNC(AL21*0.6+AM21*0.4,2))), "") | AO21: =IF(NOT(ISBLANK(C21)), IF(AN21=" "," ", IF(AND(AN21>=1,AN21<2),"(unu, "&ROUNDUP(MOD(AN21*100,100),0)&")", IF(AND(AN21>=2,AN21<3),"(doi, "&ROUNDUP(MOD(AN21*100,100),0)&")", IF(AND(AN21>=3,AN21<4),"(trei, "&ROUNDUP(MOD(AN21*100,100),0)&")", IF(AND(AN21>=4,AN21<5),"(patru, "&ROUNDUP(MOD(AN21*100,100),0)&")", IF(AND(AN21>=5,AN21<6),"(cinci, "&ROUNDUP(MOD(AN21*100,100),0)&")", IF(AND(AN21>=6,AN21<7),"(şase, "&ROUNDUP(MOD(AN21*100,100),0)&")", IF(AND(AN21>=7,AN21<8),"(şapte, "&ROUNDUP(MOD(AN21*100,100),0)&")", IF(AND(AN21>=8,AN21<9),"(opt, "&ROUNDUP(MOD(AN21*100,100),0)&")", IF(AND(AN21>=9,AN21<10),"(nouă, "&ROUNDUP(MOD(AN21*100,100),0)&")", IF(AN21=10,"(zece, 00)", ))))))))))),"") | AP21: =IF(NOT(ISBLANK(C21)), IF(AN21=" "," ", IF(AND(AN21>=1,AN21<=3),"F", IF(AND(AN21>3,AN21<5),"FX", IF(AND(AN21>=5,AN21<=6),"E", IF(AND(AN21>6,AN21<=7),"D", IF(AND(AN21>7,AN21<=8),"C", IF(AND(AN21>8,AN21<=9),"B", IF(AND(AN21>9,AN21<=10),"A", )))))))),"")
B22: =IF(NOT(ISBLANK(C22)),COUNTA($C$6:C22),"") | T22: =IF(NOT(ISBLANK(C22)),IF(COUNTIF(E22:S22,"a")<>0,COUNTIF(E22:S22,"a")*2,""),"") | V22: ='Atest. Nr.1_1'!I18 | W22: ='Atest. Nr.1_2'!H18 | X22: ='Atest. Nr.1_3'!H18 | Y22: ='Atest. Nr.2_1'!I18 | Z22: ='Atest. Nr.2_2'!I18 | AA22: ='Atest. Nr.2_3'!I18 | AB22: =Examen!G18 | AC22: =ReExaminare!G18 | AD22: =IF(NOT(ISBLANK(B22)), IF(SUM(E22:S22)+SUM(Laborator!E23:R23)<>0,SUM(E22:S22)+SUM(Laborator!E23:R23),""), "") | AH22: =IF(NOT(ISBLANK(C22)), IF(COUNT(MAX(AVERAGE(V22:X22),0)),MAX(V22:X22),"n/p"), "") | AI22: =IF(NOT(ISBLANK(C22)), IF(COUNT(MAX(AVERAGE(Y22:AA22),0)),MAX(Y22:AA22),"n/p"), "") | AJ22: =IF(NOT(ISBLANK(C22)), IF(Laborator!AN23="Admis",ROUND(Laborator!AM23,0),"n/p"),"") | AK22: =IF(NOT(ISBLANK(C22)), IF('Lucrari grafice'!F18<>"n/p",'Lucrari grafice'!F18,"n/p"),"") | AL22: =IF(NOT(ISBLANK(C22)), IF(OR(AH22="n/p",AI22="n/p",AJ22="n/p",AK22="n/p",AH22<5,AI22<5,AJ22<5,AK22<5)," ",TRUNC(SUM(AH22:AK22)/4,2)), "") | AM22: =IF(NOT(ISBLANK(C22)), IF(AL22=" ","n/a", IF(AG22,AG22, IF(COUNT(MAX(AVERAGE(AB22:AC22),0)),MAX(AB22:AC22),"n/p"))), "") | AN22: =IF(NOT(ISBLANK(C22)), IF(OR(AM22="n/a",AM22="n/p")," ", IF(AM22<5,AM22,TRUNC(AL22*0.6+AM22*0.4,2))), "") | AO22: =IF(NOT(ISBLANK(C22)), IF(AN22=" "," ", IF(AND(AN22>=1,AN22<2),"(unu, "&ROUNDUP(MOD(AN22*100,100),0)&")", IF(AND(AN22>=2,AN22<3),"(doi, "&ROUNDUP(MOD(AN22*100,100),0)&")", IF(AND(AN22>=3,AN22<4),"(trei, "&ROUNDUP(MOD(AN22*100,100),0)&")", IF(AND(AN22>=4,AN22<5),"(patru, "&ROUNDUP(MOD(AN22*100,100),0)&")", IF(AND(AN22>=5,AN22<6),"(cinci, "&ROUNDUP(MOD(AN22*100,100),0)&")", IF(AND(AN22>=6,AN22<7),"(şase, "&ROUNDUP(MOD(AN22*100,100),0)&")", IF(AND(AN22>=7,AN22<8),"(şapte, "&ROUNDUP(MOD(AN22*100,100),0)&")", IF(AND(AN22>=8,AN22<9),"(opt, "&ROUNDUP(MOD(AN22*100,100),0)&")", IF(AND(AN22>=9,AN22<10),"(nouă, "&ROUNDUP(MOD(AN22*100,100),0)&")", IF(AN22=10,"(zece, 00)", ))))))))))),"") | AP22: =IF(NOT(ISBLANK(C22)), IF(AN22=" "," ", IF(AND(AN22>=1,AN22<=3),"F", IF(AND(AN22>3,AN22<5),"FX", IF(AND(AN22>=5,AN22<=6),"E", IF(AND(AN22>6,AN22<=7),"D", IF(AND(AN22>7,AN22<=8),"C", IF(AND(AN22>8,AN22<=9),"B", IF(AND(AN22>9,AN22<=10),"A", )))))))),"") | AT22: =COUNTA(C6:C105) -> 1 | AU22: =COUNTIF($AI$6:$AI$105,AU20) -> 1 | AV22: =COUNTIF($AI$6:$AI$105,AV20) -> 0 | AW22: =COUNTIF($AI$6:$AI$105,AW20) -> 0 | AX22: =COUNTIF($AI$6:$AI$105,AX20) -> 0 | AY22: =COUNTIF($AI$6:$AI$105,AY20) -> 0 | AZ22: =COUNTIF($AI$6:$AI$105,AZ20) -> 0 | BA22: =COUNTIF($AI$6:$AI$105,BA20) -> 0 | BB22: =COUNTIF($AI$6:$AI$105,BB20) -> 0 | ... BE22: =COUNTIF($AI$6:$AI$105,BE20) -> 0 | BG22: =SUM(AZ22:BE23)/AT22 -> 0
B23: =IF(NOT(ISBLANK(C23)),COUNTA($C$6:C23),"") | T23: =IF(NOT(ISBLANK(C23)),IF(COUNTIF(E23:S23,"a")<>0,COUNTIF(E23:S23,"a")*2,""),"") | V23: ='Atest. Nr.1_1'!I19 | W23: ='Atest. Nr.1_2'!H19 | X23: ='Atest. Nr.1_3'!H19 | Y23: ='Atest. Nr.2_1'!I19 | Z23: ='Atest. Nr.2_2'!I19 | AA23: ='Atest. Nr.2_3'!I19 | AB23: =Examen!G19 | AC23: =ReExaminare!G19 | AD23: =IF(NOT(ISBLANK(B23)), IF(SUM(E23:S23)+SUM(Laborator!E24:R24)<>0,SUM(E23:S23)+SUM(Laborator!E24:R24),""), "") | AH23: =IF(NOT(ISBLANK(C23)), IF(COUNT(MAX(AVERAGE(V23:X23),0)),MAX(V23:X23),"n/p"), "") | AI23: =IF(NOT(ISBLANK(C23)), IF(COUNT(MAX(AVERAGE(Y23:AA23),0)),MAX(Y23:AA23),"n/p"), "") | AJ23: =IF(NOT(ISBLANK(C23)), IF(Laborator!AN24="Admis",ROUND(Laborator!AM24,0),"n/p"),"") | AK23: =IF(NOT(ISBLANK(C23)), IF('Lucrari grafice'!F19<>"n/p",'Lucrari grafice'!F19,"n/p"),"") | AL23: =IF(NOT(ISBLANK(C23)), IF(OR(AH23="n/p",AI23="n/p",AJ23="n/p",AK23="n/p",AH23<5,AI23<5,AJ23<5,AK23<5)," ",TRUNC(SUM(AH23:AK23)/4,2)), "") | AM23: =IF(NOT(ISBLANK(C23)), IF(AL23=" ","n/a", IF(AG23,AG23, IF(COUNT(MAX(AVERAGE(AB23:AC23),0)),MAX(AB23:AC23),"n/p"))), "") | AN23: =IF(NOT(ISBLANK(C23)), IF(OR(AM23="n/a",AM23="n/p")," ", IF(AM23<5,AM23,TRUNC(AL23*0.6+AM23*0.4,2))), "") | AO23: =IF(NOT(ISBLANK(C23)), IF(AN23=" "," ", IF(AND(AN23>=1,AN23<2),"(unu, "&ROUNDUP(MOD(AN23*100,100),0)&")", IF(AND(AN23>=2,AN23<3),"(doi, "&ROUNDUP(MOD(AN23*100,100),0)&")", IF(AND(AN23>=3,AN23<4),"(trei, "&ROUNDUP(MOD(AN23*100,100),0)&")", IF(AND(AN23>=4,AN23<5),"(patru, "&ROUNDUP(MOD(AN23*100,100),0)&")", IF(AND(AN23>=5,AN23<6),"(cinci, "&ROUNDUP(MOD(AN23*100,100),0)&")", IF(AND(AN23>=6,AN23<7),"(şase, "&ROUNDUP(MOD(AN23*100,100),0)&")", IF(AND(AN23>=7,AN23<8),"(şapte, "&ROUNDUP(MOD(AN23*100,100),0)&")", IF(AND(AN23>=8,AN23<9),"(opt, "&ROUNDUP(MOD(AN23*100,100),0)&")", IF(AND(AN23>=9,AN23<10),"(nouă, "&ROUNDUP(MOD(AN23*100,100),0)&")", IF(AN23=10,"(zece, 00)", ))))))))))),"") | AP23: =IF(NOT(ISBLANK(C23)), IF(AN23=" "," ", IF(AND(AN23>=1,AN23<=3),"F", IF(AND(AN23>3,AN23<5),"FX", IF(AND(AN23>=5,AN23<=6),"E", IF(AND(AN23>6,AN23<=7),"D", IF(AND(AN23>7,AN23<=8),"C", IF(AND(AN23>8,AN23<=9),"B", IF(AND(AN23>9,AN23<=10),"A", )))))))),"")
B24: =IF(NOT(ISBLANK(C24)),COUNTA($C$6:C24),"") | T24: =IF(NOT(ISBLANK(C24)),IF(COUNTIF(E24:S24,"a")<>0,COUNTIF(E24:S24,"a")*2,""),"") | V24: ='Atest. Nr.1_1'!I20 | W24: ='Atest. Nr.1_2'!H20 | X24: ='Atest. Nr.1_3'!H20 | Y24: ='Atest. Nr.2_1'!I20 | Z24: ='Atest. Nr.2_2'!I20 | AA24: ='Atest. Nr.2_3'!I20 | AB24: =Examen!G20 | AC24: =ReExaminare!G20 | AD24: =IF(NOT(ISBLANK(B24)), IF(SUM(E24:S24)+SUM(Laborator!E25:R25)<>0,SUM(E24:S24)+SUM(Laborator!E25:R25),""), "") | AH24: =IF(NOT(ISBLANK(C24)), IF(COUNT(MAX(AVERAGE(V24:X24),0)),MAX(V24:X24),"n/p"), "") | AI24: =IF(NOT(ISBLANK(C24)), IF(COUNT(MAX(AVERAGE(Y24:AA24),0)),MAX(Y24:AA24),"n/p"), "") | AJ24: =IF(NOT(ISBLANK(C24)), IF(Laborator!AN25="Admis",ROUND(Laborator!AM25,0),"n/p"),"") | AK24: =IF(NOT(ISBLANK(C24)), IF('Lucrari grafice'!F20<>"n/p",'Lucrari grafice'!F20,"n/p"),"") | AL24: =IF(NOT(ISBLANK(C24)), IF(OR(AH24="n/p",AI24="n/p",AJ24="n/p",AK24="n/p",AH24<5,AI24<5,AJ24<5,AK24<5)," ",TRUNC(SUM(AH24:AK24)/4,2)), "") | AM24: =IF(NOT(ISBLANK(C24)), IF(AL24=" ","n/a", IF(AG24,AG24, IF(COUNT(MAX(AVERAGE(AB24:AC24),0)),MAX(AB24:AC24),"n/p"))), "") | AN24: =IF(NOT(ISBLANK(C24)), IF(OR(AM24="n/a",AM24="n/p")," ", IF(AM24<5,AM24,TRUNC(AL24*0.6+AM24*0.4,2))), "") | AO24: =IF(NOT(ISBLANK(C24)), IF(AN24=" "," ", IF(AND(AN24>=1,AN24<2),"(unu, "&ROUNDUP(MOD(AN24*100,100),0)&")", IF(AND(AN24>=2,AN24<3),"(doi, "&ROUNDUP(MOD(AN24*100,100),0)&")", IF(AND(AN24>=3,AN24<4),"(trei, "&ROUNDUP(MOD(AN24*100,100),0)&")", IF(AND(AN24>=4,AN24<5),"(patru, "&ROUNDUP(MOD(AN24*100,100),0)&")", IF(AND(AN24>=5,AN24<6),"(cinci, "&ROUNDUP(MOD(AN24*100,100),0)&")", IF(AND(AN24>=6,AN24<7),"(şase, "&ROUNDUP(MOD(AN24*100,100),0)&")", IF(AND(AN24>=7,AN24<8),"(şapte, "&ROUNDUP(MOD(AN24*100,100),0)&")", IF(AND(AN24>=8,AN24<9),"(opt, "&ROUNDUP(MOD(AN24*100,100),0)&")", IF(AND(AN24>=9,AN24<10),"(nouă, "&ROUNDUP(MOD(AN24*100,100),0)&")", IF(AN24=10,"(zece, 00)", ))))))))))),"") | AP24: =IF(NOT(ISBLANK(C24)), IF(AN24=" "," ", IF(AND(AN24>=1,AN24<=3),"F", IF(AND(AN24>3,AN24<5),"FX", IF(AND(AN24>=5,AN24<=6),"E", IF(AND(AN24>6,AN24<=7),"D", IF(AND(AN24>7,AN24<=8),"C", IF(AND(AN24>8,AN24<=9),"B", IF(AND(AN24>9,AN24<=10),"A", )))))))),"")
B25: =IF(NOT(ISBLANK(C25)),COUNTA($C$6:C25),"") | T25: =IF(NOT(ISBLANK(C25)),IF(COUNTIF(E25:S25,"a")<>0,COUNTIF(E25:S25,"a")*2,""),"") | V25: ='Atest. Nr.1_1'!I21 | W25: ='Atest. Nr.1_2'!H21 | X25: ='Atest. Nr.1_3'!H21 | Y25: ='Atest. Nr.2_1'!I21 | Z25: ='Atest. Nr.2_2'!I21 | AA25: ='Atest. Nr.2_3'!I21 | AB25: =Examen!G21 | AC25: =ReExaminare!G21 | AD25: =IF(NOT(ISBLANK(B25)), IF(SUM(E25:S25)+SUM(Laborator!E26:R26)<>0,SUM(E25:S25)+SUM(Laborator!E26:R26),""), "") | AH25: =IF(NOT(ISBLANK(C25)), IF(COUNT(MAX(AVERAGE(V25:X25),0)),MAX(V25:X25),"n/p"), "") | AI25: =IF(NOT(ISBLANK(C25)), IF(COUNT(MAX(AVERAGE(Y25:AA25),0)),MAX(Y25:AA25),"n/p"), "") | AJ25: =IF(NOT(ISBLANK(C25)), IF(Laborator!AN26="Admis",ROUND(Laborator!AM26,0),"n/p"),"") | AK25: =IF(NOT(ISBLANK(C25)), IF('Lucrari grafice'!F21<>"n/p",'Lucrari grafice'!F21,"n/p"),"") | AL25: =IF(NOT(ISBLANK(C25)), IF(OR(AH25="n/p",AI25="n/p",AJ25="n/p",AK25="n/p",AH25<5,AI25<5,AJ25<5,AK25<5)," ",TRUNC(SUM(AH25:AK25)/4,2)), "") | AM25: =IF(NOT(ISBLANK(C25)), IF(AL25=" ","n/a", IF(AG25,AG25, IF(COUNT(MAX(AVERAGE(AB25:AC25),0)),MAX(AB25:AC25),"n/p"))), "") | AN25: =IF(NOT(ISBLANK(C25)), IF(OR(AM25="n/a",AM25="n/p")," ", IF(AM25<5,AM25,TRUNC(AL25*0.6+AM25*0.4,2))), "") | AO25: =IF(NOT(ISBLANK(C25)), IF(AN25=" "," ", IF(AND(AN25>=1,AN25<2),"(unu, "&ROUNDUP(MOD(AN25*100,100),0)&")", IF(AND(AN25>=2,AN25<3),"(doi, "&ROUNDUP(MOD(AN25*100,100),0)&")", IF(AND(AN25>=3,AN25<4),"(trei, "&ROUNDUP(MOD(AN25*100,100),0)&")", IF(AND(AN25>=4,AN25<5),"(patru, "&ROUNDUP(MOD(AN25*100,100),0)&")", IF(AND(AN25>=5,AN25<6),"(cinci, "&ROUNDUP(MOD(AN25*100,100),0)&")", IF(AND(AN25>=6,AN25<7),"(şase, "&ROUNDUP(MOD(AN25*100,100),0)&")", IF(AND(AN25>=7,AN25<8),"(şapte, "&ROUNDUP(MOD(AN25*100,100),0)&")", IF(AND(AN25>=8,AN25<9),"(opt, "&ROUNDUP(MOD(AN25*100,100),0)&")", IF(AND(AN25>=9,AN25<10),"(nouă, "&ROUNDUP(MOD(AN25*100,100),0)&")", IF(AN25=10,"(zece, 00)", ))))))))))),"") | AP25: =IF(NOT(ISBLANK(C25)), IF(AN25=" "," ", IF(AND(AN25>=1,AN25<=3),"F", IF(AND(AN25>3,AN25<5),"FX", IF(AND(AN25>=5,AN25<=6),"E", IF(AND(AN25>6,AN25<=7),"D", IF(AND(AN25>7,AN25<=8),"C", IF(AND(AN25>8,AN25<=9),"B", IF(AND(AN25>9,AN25<=10),"A", )))))))),"")
B26: =IF(NOT(ISBLANK(C26)),COUNTA($C$6:C26),"") | T26: =IF(NOT(ISBLANK(C26)),IF(COUNTIF(E26:S26,"a")<>0,COUNTIF(E26:S26,"a")*2,""),"") | V26: ='Atest. Nr.1_1'!I22 | W26: ='Atest. Nr.1_2'!H22 | X26: ='Atest. Nr.1_3'!H22 | Y26: ='Atest. Nr.2_1'!I22 | Z26: ='Atest. Nr.2_2'!I22 | AA26: ='Atest. Nr.2_3'!I22 | AB26: =Examen!G22 | AC26: =ReExaminare!G22 | AD26: =IF(NOT(ISBLANK(B26)), IF(SUM(E26:S26)+SUM(Laborator!E27:R27)<>0,SUM(E26:S26)+SUM(Laborator!E27:R27),""), "") | AH26: =IF(NOT(ISBLANK(C26)), IF(COUNT(MAX(AVERAGE(V26:X26),0)),MAX(V26:X26),"n/p"), "") | AI26: =IF(NOT(ISBLANK(C26)), IF(COUNT(MAX(AVERAGE(Y26:AA26),0)),MAX(Y26:AA26),"n/p"), "") | AJ26: =IF(NOT(ISBLANK(C26)), IF(Laborator!AN27="Admis",ROUND(Laborator!AM27,0),"n/p"),"") | AK26: =IF(NOT(ISBLANK(C26)), IF('Lucrari grafice'!F22<>"n/p",'Lucrari grafice'!F22,"n/p"),"") | AL26: =IF(NOT(ISBLANK(C26)), IF(OR(AH26="n/p",AI26="n/p",AJ26="n/p",AK26="n/p",AH26<5,AI26<5,AJ26<5,AK26<5)," ",TRUNC(SUM(AH26:AK26)/4,2)), "") | AM26: =IF(NOT(ISBLANK(C26)), IF(AL26=" ","n/a", IF(AG26,AG26, IF(COUNT(MAX(AVERAGE(AB26:AC26),0)),MAX(AB26:AC26),"n/p"))), "") | AN26: =IF(NOT(ISBLANK(C26)), IF(OR(AM26="n/a",AM26="n/p")," ", IF(AM26<5,AM26,TRUNC(AL26*0.6+AM26*0.4,2))), "") | AO26: =IF(NOT(ISBLANK(C26)), IF(AN26=" "," ", IF(AND(AN26>=1,AN26<2),"(unu, "&ROUNDUP(MOD(AN26*100,100),0)&")", IF(AND(AN26>=2,AN26<3),"(doi, "&ROUNDUP(MOD(AN26*100,100),0)&")", IF(AND(AN26>=3,AN26<4),"(trei, "&ROUNDUP(MOD(AN26*100,100),0)&")", IF(AND(AN26>=4,AN26<5),"(patru, "&ROUNDUP(MOD(AN26*100,100),0)&")", IF(AND(AN26>=5,AN26<6),"(cinci, "&ROUNDUP(MOD(AN26*100,100),0)&")", IF(AND(AN26>=6,AN26<7),"(şase, "&ROUNDUP(MOD(AN26*100,100),0)&")", IF(AND(AN26>=7,AN26<8),"(şapte, "&ROUNDUP(MOD(AN26*100,100),0)&")", IF(AND(AN26>=8,AN26<9),"(opt, "&ROUNDUP(MOD(AN26*100,100),0)&")", IF(AND(AN26>=9,AN26<10),"(nouă, "&ROUNDUP(MOD(AN26*100,100),0)&")", IF(AN26=10,"(zece, 00)", ))))))))))),"") | AP26: =IF(NOT(ISBLANK(C26)), IF(AN26=" "," ", IF(AND(AN26>=1,AN26<=3),"F", IF(AND(AN26>3,AN26<5),"FX", IF(AND(AN26>=5,AN26<=6),"E", IF(AND(AN26>6,AN26<=7),"D", IF(AND(AN26>7,AN26<=8),"C", IF(AND(AN26>8,AN26<=9),"B", IF(AND(AN26>9,AN26<=10),"A", )))))))),"")
B27: =IF(NOT(ISBLANK(C27)),COUNTA($C$6:C27),"") | T27: =IF(NOT(ISBLANK(C27)),IF(COUNTIF(E27:S27,"a")<>0,COUNTIF(E27:S27,"a")*2,""),"") | V27: ='Atest. Nr.1_1'!I23 | W27: ='Atest. Nr.1_2'!H23 | X27: ='Atest. Nr.1_3'!H23 | Y27: ='Atest. Nr.2_1'!I23 | Z27: ='Atest. Nr.2_2'!I23 | AA27: ='Atest. Nr.2_3'!I23 | AB27: =Examen!G23 | AC27: =ReExaminare!G23 | AD27: =IF(NOT(ISBLANK(B27)), IF(SUM(E27:S27)+SUM(Laborator!E28:R28)<>0,SUM(E27:S27)+SUM(Laborator!E28:R28),""), "") | AH27: =IF(NOT(ISBLANK(C27)), IF(COUNT(MAX(AVERAGE(V27:X27),0)),MAX(V27:X27),"n/p"), "") | AI27: =IF(NOT(ISBLANK(C27)), IF(COUNT(MAX(AVERAGE(Y27:AA27),0)),MAX(Y27:AA27),"n/p"), "") | AJ27: =IF(NOT(ISBLANK(C27)), IF(Laborator!AN28="Admis",ROUND(Laborator!AM28,0),"n/p"),"") | AK27: =IF(NOT(ISBLANK(C27)), IF('Lucrari grafice'!F23<>"n/p",'Lucrari grafice'!F23,"n/p"),"") | AL27: =IF(NOT(ISBLANK(C27)), IF(OR(AH27="n/p",AI27="n/p",AJ27="n/p",AK27="n/p",AH27<5,AI27<5,AJ27<5,AK27<5)," ",TRUNC(SUM(AH27:AK27)/4,2)), "") | AM27: =IF(NOT(ISBLANK(C27)), IF(AL27=" ","n/a", IF(AG27,AG27, IF(COUNT(MAX(AVERAGE(AB27:AC27),0)),MAX(AB27:AC27),"n/p"))), "") | AN27: =IF(NOT(ISBLANK(C27)), IF(OR(AM27="n/a",AM27="n/p")," ", IF(AM27<5,AM27,TRUNC(AL27*0.6+AM27*0.4,2))), "") | AO27: =IF(NOT(ISBLANK(C27)), IF(AN27=" "," ", IF(AND(AN27>=1,AN27<2),"(unu, "&ROUNDUP(MOD(AN27*100,100),0)&")", IF(AND(AN27>=2,AN27<3),"(doi, "&ROUNDUP(MOD(AN27*100,100),0)&")", IF(AND(AN27>=3,AN27<4),"(trei, "&ROUNDUP(MOD(AN27*100,100),0)&")", IF(AND(AN27>=4,AN27<5),"(patru, "&ROUNDUP(MOD(AN27*100,100),0)&")", IF(AND(AN27>=5,AN27<6),"(cinci, "&ROUNDUP(MOD(AN27*100,100),0)&")", IF(AND(AN27>=6,AN27<7),"(şase, "&ROUNDUP(MOD(AN27*100,100),0)&")", IF(AND(AN27>=7,AN27<8),"(şapte, "&ROUNDUP(MOD(AN27*100,100),0)&")", IF(AND(AN27>=8,AN27<9),"(opt, "&ROUNDUP(MOD(AN27*100,100),0)&")", IF(AND(AN27>=9,AN27<10),"(nouă, "&ROUNDUP(MOD(AN27*100,100),0)&")", IF(AN27=10,"(zece, 00)", ))))))))))),"") | AP27: =IF(NOT(ISBLANK(C27)), IF(AN27=" "," ", IF(AND(AN27>=1,AN27<=3),"F", IF(AND(AN27>3,AN27<5),"FX", IF(AND(AN27>=5,AN27<=6),"E", IF(AND(AN27>6,AN27<=7),"D", IF(AND(AN27>7,AN27<=8),"C", IF(AND(AN27>8,AN27<=9),"B", IF(AND(AN27>9,AN27<=10),"A", )))))))),"")
B28: =IF(NOT(ISBLANK(C28)),COUNTA($C$6:C28),"") | T28: =IF(NOT(ISBLANK(C28)),IF(COUNTIF(E28:S28,"a")<>0,COUNTIF(E28:S28,"a")*2,""),"") | V28: ='Atest. Nr.1_1'!I24 | W28: ='Atest. Nr.1_2'!H24 | X28: ='Atest. Nr.1_3'!H24 | Y28: ='Atest. Nr.2_1'!I24 | Z28: ='Atest. Nr.2_2'!I24 | AA28: ='Atest. Nr.2_3'!I24 | AB28: =Examen!G24 | AC28: =ReExaminare!G24 | AD28: =IF(NOT(ISBLANK(B28)), IF(SUM(E28:S28)+SUM(Laborator!E29:R29)<>0,SUM(E28:S28)+SUM(Laborator!E29:R29),""), "") | AH28: =IF(NOT(ISBLANK(C28)), IF(COUNT(MAX(AVERAGE(V28:X28),0)),MAX(V28:X28),"n/p"), "") | AI28: =IF(NOT(ISBLANK(C28)), IF(COUNT(MAX(AVERAGE(Y28:AA28),0)),MAX(Y28:AA28),"n/p"), "") | AJ28: =IF(NOT(ISBLANK(C28)), IF(Laborator!AN29="Admis",ROUND(Laborator!AM29,0),"n/p"),"") | AK28: =IF(NOT(ISBLANK(C28)), IF('Lucrari grafice'!F24<>"n/p",'Lucrari grafice'!F24,"n/p"),"") | AL28: =IF(NOT(ISBLANK(C28)), IF(OR(AH28="n/p",AI28="n/p",AJ28="n/p",AK28="n/p",AH28<5,AI28<5,AJ28<5,AK28<5)," ",TRUNC(SUM(AH28:AK28)/4,2)), "") | AM28: =IF(NOT(ISBLANK(C28)), IF(AL28=" ","n/a", IF(AG28,AG28, IF(COUNT(MAX(AVERAGE(AB28:AC28),0)),MAX(AB28:AC28),"n/p"))), "") | AN28: =IF(NOT(ISBLANK(C28)), IF(OR(AM28="n/a",AM28="n/p")," ", IF(AM28<5,AM28,TRUNC(AL28*0.6+AM28*0.4,2))), "") | AO28: =IF(NOT(ISBLANK(C28)), IF(AN28=" "," ", IF(AND(AN28>=1,AN28<2),"(unu, "&ROUNDUP(MOD(AN28*100,100),0)&")", IF(AND(AN28>=2,AN28<3),"(doi, "&ROUNDUP(MOD(AN28*100,100),0)&")", IF(AND(AN28>=3,AN28<4),"(trei, "&ROUNDUP(MOD(AN28*100,100),0)&")", IF(AND(AN28>=4,AN28<5),"(patru, "&ROUNDUP(MOD(AN28*100,100),0)&")", IF(AND(AN28>=5,AN28<6),"(cinci, "&ROUNDUP(MOD(AN28*100,100),0)&")", IF(AND(AN28>=6,AN28<7),"(şase, "&ROUNDUP(MOD(AN28*100,100),0)&")", IF(AND(AN28>=7,AN28<8),"(şapte, "&ROUNDUP(MOD(AN28*100,100),0)&")", IF(AND(AN28>=8,AN28<9),"(opt, "&ROUNDUP(MOD(AN28*100,100),0)&")", IF(AND(AN28>=9,AN28<10),"(nouă, "&ROUNDUP(MOD(AN28*100,100),0)&")", IF(AN28=10,"(zece, 00)", ))))))))))),"") | AP28: =IF(NOT(ISBLANK(C28)), IF(AN28=" "," ", IF(AND(AN28>=1,AN28<=3),"F", IF(AND(AN28>3,AN28<5),"FX", IF(AND(AN28>=5,AN28<=6),"E", IF(AND(AN28>6,AN28<=7),"D", IF(AND(AN28>7,AN28<=8),"C", IF(AND(AN28>8,AN28<=9),"B", IF(AND(AN28>9,AN28<=10),"A", )))))))),"")
B29: =IF(NOT(ISBLANK(C29)),COUNTA($C$6:C29),"") | T29: =IF(NOT(ISBLANK(C29)),IF(COUNTIF(E29:S29,"a")<>0,COUNTIF(E29:S29,"a")*2,""),"") | V29: ='Atest. Nr.1_1'!I25 | W29: ='Atest. Nr.1_2'!H25 | X29: ='Atest. Nr.1_3'!H25 | Y29: ='Atest. Nr.2_1'!I25 | Z29: ='Atest. Nr.2_2'!I25 | AA29: ='Atest. Nr.2_3'!I25 | AB29: =Examen!G25 | AC29: =ReExaminare!G25 | AD29: =IF(NOT(ISBLANK(B29)), IF(SUM(E29:S29)+SUM(Laborator!E30:R30)<>0,SUM(E29:S29)+SUM(Laborator!E30:R30),""), "") | AH29: =IF(NOT(ISBLANK(C29)), IF(COUNT(MAX(AVERAGE(V29:X29),0)),MAX(V29:X29),"n/p"), "") | AI29: =IF(NOT(ISBLANK(C29)), IF(COUNT(MAX(AVERAGE(Y29:AA29),0)),MAX(Y29:AA29),"n/p"), "") | AJ29: =IF(NOT(ISBLANK(C29)), IF(Laborator!AN30="Admis",ROUND(Laborator!AM30,0),"n/p"),"") | AK29: =IF(NOT(ISBLANK(C29)), IF('Lucrari grafice'!F25<>"n/p",'Lucrari grafice'!F25,"n/p"),"") | AL29: =IF(NOT(ISBLANK(C29)), IF(OR(AH29="n/p",AI29="n/p",AJ29="n/p",AK29="n/p",AH29<5,AI29<5,AJ29<5,AK29<5)," ",TRUNC(SUM(AH29:AK29)/4,2)), "") | AM29: =IF(NOT(ISBLANK(C29)), IF(AL29=" ","n/a", IF(AG29,AG29, IF(COUNT(MAX(AVERAGE(AB29:AC29),0)),MAX(AB29:AC29),"n/p"))), "") | AN29: =IF(NOT(ISBLANK(C29)), IF(OR(AM29="n/a",AM29="n/p")," ", IF(AM29<5,AM29,TRUNC(AL29*0.6+AM29*0.4,2))), "") | AO29: =IF(NOT(ISBLANK(C29)), IF(AN29=" "," ", IF(AND(AN29>=1,AN29<2),"(unu, "&ROUNDUP(MOD(AN29*100,100),0)&")", IF(AND(AN29>=2,AN29<3),"(doi, "&ROUNDUP(MOD(AN29*100,100),0)&")", IF(AND(AN29>=3,AN29<4),"(trei, "&ROUNDUP(MOD(AN29*100,100),0)&")", IF(AND(AN29>=4,AN29<5),"(patru, "&ROUNDUP(MOD(AN29*100,100),0)&")", IF(AND(AN29>=5,AN29<6),"(cinci, "&ROUNDUP(MOD(AN29*100,100),0)&")", IF(AND(AN29>=6,AN29<7),"(şase, "&ROUNDUP(MOD(AN29*100,100),0)&")", IF(AND(AN29>=7,AN29<8),"(şapte, "&ROUNDUP(MOD(AN29*100,100),0)&")", IF(AND(AN29>=8,AN29<9),"(opt, "&ROUNDUP(MOD(AN29*100,100),0)&")", IF(AND(AN29>=9,AN29<10),"(nouă, "&ROUNDUP(MOD(AN29*100,100),0)&")", IF(AN29=10,"(zece, 00)", ))))))))))),"") | AP29: =IF(NOT(ISBLANK(C29)), IF(AN29=" "," ", IF(AND(AN29>=1,AN29<=3),"F", IF(AND(AN29>3,AN29<5),"FX", IF(AND(AN29>=5,AN29<=6),"E", IF(AND(AN29>6,AN29<=7),"D", IF(AND(AN29>7,AN29<=8),"C", IF(AND(AN29>8,AN29<=9),"B", IF(AND(AN29>9,AN29<=10),"A", )))))))),"")
B30: =IF(NOT(ISBLANK(C30)),COUNTA($C$6:C30),"") | T30: =IF(NOT(ISBLANK(C30)),IF(COUNTIF(E30:S30,"a")<>0,COUNTIF(E30:S30,"a")*2,""),"") | V30: ='Atest. Nr.1_1'!I26 | W30: ='Atest. Nr.1_2'!H26 | X30: ='Atest. Nr.1_3'!H26 | Y30: ='Atest. Nr.2_1'!I26 | Z30: ='Atest. Nr.2_2'!I26 | AA30: ='Atest. Nr.2_3'!I26 | AB30: =Examen!G26 | AC30: =ReExaminare!G26 | AD30: =IF(NOT(ISBLANK(B30)), IF(SUM(E30:S30)+SUM(Laborator!E31:R31)<>0,SUM(E30:S30)+SUM(Laborator!E31:R31),""), "") | AH30: =IF(NOT(ISBLANK(C30)), IF(COUNT(MAX(AVERAGE(V30:X30),0)),MAX(V30:X30),"n/p"), "") | AI30: =IF(NOT(ISBLANK(C30)), IF(COUNT(MAX(AVERAGE(Y30:AA30),0)),MAX(Y30:AA30),"n/p"), "") | AJ30: =IF(NOT(ISBLANK(C30)), IF(Laborator!AN31="Admis",ROUND(Laborator!AM31,0),"n/p"),"") | AK30: =IF(NOT(ISBLANK(C30)), IF('Lucrari grafice'!F26<>"n/p",'Lucrari grafice'!F26,"n/p"),"") | AL30: =IF(NOT(ISBLANK(C30)), IF(OR(AH30="n/p",AI30="n/p",AJ30="n/p",AK30="n/p",AH30<5,AI30<5,AJ30<5,AK30<5)," ",TRUNC(SUM(AH30:AK30)/4,2)), "") | AM30: =IF(NOT(ISBLANK(C30)), IF(AL30=" ","n/a", IF(AG30,AG30, IF(COUNT(MAX(AVERAGE(AB30:AC30),0)),MAX(AB30:AC30),"n/p"))), "") | AN30: =IF(NOT(ISBLANK(C30)), IF(OR(AM30="n/a",AM30="n/p")," ", IF(AM30<5,AM30,TRUNC(AL30*0.6+AM30*0.4,2))), "") | AO30: =IF(NOT(ISBLANK(C30)), IF(AN30=" "," ", IF(AND(AN30>=1,AN30<2),"(unu, "&ROUNDUP(MOD(AN30*100,100),0)&")", IF(AND(AN30>=2,AN30<3),"(doi, "&ROUNDUP(MOD(AN30*100,100),0)&")", IF(AND(AN30>=3,AN30<4),"(trei, "&ROUNDUP(MOD(AN30*100,100),0)&")", IF(AND(AN30>=4,AN30<5),"(patru, "&ROUNDUP(MOD(AN30*100,100),0)&")", IF(AND(AN30>=5,AN30<6),"(cinci, "&ROUNDUP(MOD(AN30*100,100),0)&")", IF(AND(AN30>=6,AN30<7),"(şase, "&ROUNDUP(MOD(AN30*100,100),0)&")", IF(AND(AN30>=7,AN30<8),"(şapte, "&ROUNDUP(MOD(AN30*100,100),0)&")", IF(AND(AN30>=8,AN30<9),"(opt, "&ROUNDUP(MOD(AN30*100,100),0)&")", IF(AND(AN30>=9,AN30<10),"(nouă, "&ROUNDUP(MOD(AN30*100,100),0)&")", IF(AN30=10,"(zece, 00)", ))))))))))),"") | AP30: =IF(NOT(ISBLANK(C30)), IF(AN30=" "," ", IF(AND(AN30>=1,AN30<=3),"F", IF(AND(AN30>3,AN30<5),"FX", IF(AND(AN30>=5,AN30<=6),"E", IF(AND(AN30>6,AN30<=7),"D", IF(AND(AN30>7,AN30<=8),"C", IF(AND(AN30>8,AN30<=9),"B", IF(AND(AN30>9,AN30<=10),"A", )))))))),"")
B31: =IF(NOT(ISBLANK(C31)),COUNTA($C$6:C31),"") | T31: =IF(NOT(ISBLANK(C31)),IF(COUNTIF(E31:S31,"a")<>0,COUNTIF(E31:S31,"a")*2,""),"") | V31: ='Atest. Nr.1_1'!I27 | W31: ='Atest. Nr.1_2'!H27 | X31: ='Atest. Nr.1_3'!H27 | Y31: ='Atest. Nr.2_1'!I27 | Z31: ='Atest. Nr.2_2'!I27 | AA31: ='Atest. Nr.2_3'!I27 | AB31: =Examen!G27 | AC31: =ReExaminare!G27 | AD31: =IF(NOT(ISBLANK(B31)), IF(SUM(E31:S31)+SUM(Laborator!E32:R32)<>0,SUM(E31:S31)+SUM(Laborator!E32:R32),""), "") | AH31: =IF(NOT(ISBLANK(C31)), IF(COUNT(MAX(AVERAGE(V31:X31),0)),MAX(V31:X31),"n/p"), "") | AI31: =IF(NOT(ISBLANK(C31)), IF(COUNT(MAX(AVERAGE(Y31:AA31),0)),MAX(Y31:AA31),"n/p"), "") | AJ31: =IF(NOT(ISBLANK(C31)), IF(Laborator!AN32="Admis",ROUND(Laborator!AM32,0),"n/p"),"") | AK31: =IF(NOT(ISBLANK(C31)), IF('Lucrari grafice'!F27<>"n/p",'Lucrari grafice'!F27,"n/p"),"") | AL31: =IF(NOT(ISBLANK(C31)), IF(OR(AH31="n/p",AI31="n/p",AJ31="n/p",AK31="n/p",AH31<5,AI31<5,AJ31<5,AK31<5)," ",TRUNC(SUM(AH31:AK31)/4,2)), "") | AM31: =IF(NOT(ISBLANK(C31)), IF(AL31=" ","n/a", IF(AG31,AG31, IF(COUNT(MAX(AVERAGE(AB31:AC31),0)),MAX(AB31:AC31),"n/p"))), "") | AN31: =IF(NOT(ISBLANK(C31)), IF(OR(AM31="n/a",AM31="n/p")," ", IF(AM31<5,AM31,TRUNC(AL31*0.6+AM31*0.4,2))), "") | AO31: =IF(NOT(ISBLANK(C31)), IF(AN31=" "," ", IF(AND(AN31>=1,AN31<2),"(unu, "&ROUNDUP(MOD(AN31*100,100),0)&")", IF(AND(AN31>=2,AN31<3),"(doi, "&ROUNDUP(MOD(AN31*100,100),0)&")", IF(AND(AN31>=3,AN31<4),"(trei, "&ROUNDUP(MOD(AN31*100,100),0)&")", IF(AND(AN31>=4,AN31<5),"(patru, "&ROUNDUP(MOD(AN31*100,100),0)&")", IF(AND(AN31>=5,AN31<6),"(cinci, "&ROUNDUP(MOD(AN31*100,100),0)&")", IF(AND(AN31>=6,AN31<7),"(şase, "&ROUNDUP(MOD(AN31*100,100),0)&")", IF(AND(AN31>=7,AN31<8),"(şapte, "&ROUNDUP(MOD(AN31*100,100),0)&")", IF(AND(AN31>=8,AN31<9),"(opt, "&ROUNDUP(MOD(AN31*100,100),0)&")", IF(AND(AN31>=9,AN31<10),"(nouă, "&ROUNDUP(MOD(AN31*100,100),0)&")", IF(AN31=10,"(zece, 00)", ))))))))))),"") | AP31: =IF(NOT(ISBLANK(C31)), IF(AN31=" "," ", IF(AND(AN31>=1,AN31<=3),"F", IF(AND(AN31>3,AN31<5),"FX", IF(AND(AN31>=5,AN31<=6),"E", IF(AND(AN31>6,AN31<=7),"D", IF(AND(AN31>7,AN31<=8),"C", IF(AND(AN31>8,AN31<=9),"B", IF(AND(AN31>9,AN31<=10),"A", )))))))),"")
B32: =IF(NOT(ISBLANK(C32)),COUNTA($C$6:C32),"") | T32: =IF(NOT(ISBLANK(C32)),IF(COUNTIF(E32:S32,"a")<>0,COUNTIF(E32:S32,"a")*2,""),"") | V32: ='Atest. Nr.1_1'!I28 | W32: ='Atest. Nr.1_2'!H28 | X32: ='Atest. Nr.1_3'!H28 | Y32: ='Atest. Nr.2_1'!I28 | Z32: ='Atest. Nr.2_2'!I28 | AA32: ='Atest. Nr.2_3'!I28 | AB32: =Examen!G28 | AC32: =ReExaminare!G28 | AD32: =IF(NOT(ISBLANK(B32)), IF(SUM(E32:S32)+SUM(Laborator!E33:R33)<>0,SUM(E32:S32)+SUM(Laborator!E33:R33),""), "") | AH32: =IF(NOT(ISBLANK(C32)), IF(COUNT(MAX(AVERAGE(V32:X32),0)),MAX(V32:X32),"n/p"), "") | AI32: =IF(NOT(ISBLANK(C32)), IF(COUNT(MAX(AVERAGE(Y32:AA32),0)),MAX(Y32:AA32),"n/p"), "") | AJ32: =IF(NOT(ISBLANK(C32)), IF(Laborator!AN33="Admis",ROUND(Laborator!AM33,0),"n/p"),"") | AK32: =IF(NOT(ISBLANK(C32)), IF('Lucrari grafice'!F28<>"n/p",'Lucrari grafice'!F28,"n/p"),"") | AL32: =IF(NOT(ISBLANK(C32)), IF(OR(AH32="n/p",AI32="n/p",AJ32="n/p",AK32="n/p",AH32<5,AI32<5,AJ32<5,AK32<5)," ",TRUNC(SUM(AH32:AK32)/4,2)), "") | AM32: =IF(NOT(ISBLANK(C32)), IF(AL32=" ","n/a", IF(AG32,AG32, IF(COUNT(MAX(AVERAGE(AB32:AC32),0)),MAX(AB32:AC32),"n/p"))), "") | AN32: =IF(NOT(ISBLANK(C32)), IF(OR(AM32="n/a",AM32="n/p")," ", IF(AM32<5,AM32,TRUNC(AL32*0.6+AM32*0.4,2))), "") | AO32: =IF(NOT(ISBLANK(C32)), IF(AN32=" "," ", IF(AND(AN32>=1,AN32<2),"(unu, "&ROUNDUP(MOD(AN32*100,100),0)&")", IF(AND(AN32>=2,AN32<3),"(doi, "&ROUNDUP(MOD(AN32*100,100),0)&")", IF(AND(AN32>=3,AN32<4),"(trei, "&ROUNDUP(MOD(AN32*100,100),0)&")", IF(AND(AN32>=4,AN32<5),"(patru, "&ROUNDUP(MOD(AN32*100,100),0)&")", IF(AND(AN32>=5,AN32<6),"(cinci, "&ROUNDUP(MOD(AN32*100,100),0)&")", IF(AND(AN32>=6,AN32<7),"(şase, "&ROUNDUP(MOD(AN32*100,100),0)&")", IF(AND(AN32>=7,AN32<8),"(şapte, "&ROUNDUP(MOD(AN32*100,100),0)&")", IF(AND(AN32>=8,AN32<9),"(opt, "&ROUNDUP(MOD(AN32*100,100),0)&")", IF(AND(AN32>=9,AN32<10),"(nouă, "&ROUNDUP(MOD(AN32*100,100),0)&")", IF(AN32=10,"(zece, 00)", ))))))))))),"") | AP32: =IF(NOT(ISBLANK(C32)), IF(AN32=" "," ", IF(AND(AN32>=1,AN32<=3),"F", IF(AND(AN32>3,AN32<5),"FX", IF(AND(AN32>=5,AN32<=6),"E", IF(AND(AN32>6,AN32<=7),"D", IF(AND(AN32>7,AN32<=8),"C", IF(AND(AN32>8,AN32<=9),"B", IF(AND(AN32>9,AN32<=10),"A", )))))))),"")
B33: =IF(NOT(ISBLANK(C33)),COUNTA($C$6:C33),"") | T33: =IF(NOT(ISBLANK(C33)),IF(COUNTIF(E33:S33,"a")<>0,COUNTIF(E33:S33,"a")*2,""),"") | V33: ='Atest. Nr.1_1'!I29 | W33: ='Atest. Nr.1_2'!H29 | X33: ='Atest. Nr.1_3'!H29 | Y33: ='Atest. Nr.2_1'!I29 | Z33: ='Atest. Nr.2_2'!I29 | AA33: ='Atest. Nr.2_3'!I29 | AB33: =Examen!G29 | AC33: =ReExaminare!G29 | AD33: =IF(NOT(ISBLANK(B33)), IF(SUM(E33:S33)+SUM(Laborator!E34:R34)<>0,SUM(E33:S33)+SUM(Laborator!E34:R34),""), "") | AH33: =IF(NOT(ISBLANK(C33)), IF(COUNT(MAX(AVERAGE(V33:X33),0)),MAX(V33:X33),"n/p"), "") | AI33: =IF(NOT(ISBLANK(C33)), IF(COUNT(MAX(AVERAGE(Y33:AA33),0)),MAX(Y33:AA33),"n/p"), "") | AJ33: =IF(NOT(ISBLANK(C33)), IF(Laborator!AN34="Admis",ROUND(Laborator!AM34,0),"n/p"),"") | AK33: =IF(NOT(ISBLANK(C33)), IF('Lucrari grafice'!F29<>"n/p",'Lucrari grafice'!F29,"n/p"),"") | AL33: =IF(NOT(ISBLANK(C33)), IF(OR(AH33="n/p",AI33="n/p",AJ33="n/p",AK33="n/p",AH33<5,AI33<5,AJ33<5,AK33<5)," ",TRUNC(SUM(AH33:AK33)/4,2)), "") | AM33: =IF(NOT(ISBLANK(C33)), IF(AL33=" ","n/a", IF(AG33,AG33, IF(COUNT(MAX(AVERAGE(AB33:AC33),0)),MAX(AB33:AC33),"n/p"))), "") | AN33: =IF(NOT(ISBLANK(C33)), IF(OR(AM33="n/a",AM33="n/p")," ", IF(AM33<5,AM33,TRUNC(AL33*0.6+AM33*0.4,2))), "") | AO33: =IF(NOT(ISBLANK(C33)), IF(AN33=" "," ", IF(AND(AN33>=1,AN33<2),"(unu, "&ROUNDUP(MOD(AN33*100,100),0)&")", IF(AND(AN33>=2,AN33<3),"(doi, "&ROUNDUP(MOD(AN33*100,100),0)&")", IF(AND(AN33>=3,AN33<4),"(trei, "&ROUNDUP(MOD(AN33*100,100),0)&")", IF(AND(AN33>=4,AN33<5),"(patru, "&ROUNDUP(MOD(AN33*100,100),0)&")", IF(AND(AN33>=5,AN33<6),"(cinci, "&ROUNDUP(MOD(AN33*100,100),0)&")", IF(AND(AN33>=6,AN33<7),"(şase, "&ROUNDUP(MOD(AN33*100,100),0)&")", IF(AND(AN33>=7,AN33<8),"(şapte, "&ROUNDUP(MOD(AN33*100,100),0)&")", IF(AND(AN33>=8,AN33<9),"(opt, "&ROUNDUP(MOD(AN33*100,100),0)&")", IF(AND(AN33>=9,AN33<10),"(nouă, "&ROUNDUP(MOD(AN33*100,100),0)&")", IF(AN33=10,"(zece, 00)", ))))))))))),"") | AP33: =IF(NOT(ISBLANK(C33)), IF(AN33=" "," ", IF(AND(AN33>=1,AN33<=3),"F", IF(AND(AN33>3,AN33<5),"FX", IF(AND(AN33>=5,AN33<=6),"E", IF(AND(AN33>6,AN33<=7),"D", IF(AND(AN33>7,AN33<=8),"C", IF(AND(AN33>8,AN33<=9),"B", IF(AND(AN33>9,AN33<=10),"A", )))))))),"")
B34: =IF(NOT(ISBLANK(C34)),COUNTA($C$6:C34),"") | T34: =IF(NOT(ISBLANK(C34)),IF(COUNTIF(E34:S34,"a")<>0,COUNTIF(E34:S34,"a")*2,""),"") | V34: ='Atest. Nr.1_1'!I30 | W34: ='Atest. Nr.1_2'!H30 | X34: ='Atest. Nr.1_3'!H30 | Y34: ='Atest. Nr.2_1'!I30 | Z34: ='Atest. Nr.2_2'!I30 | AA34: ='Atest. Nr.2_3'!I30 | AB34: =Examen!G30 | AC34: =ReExaminare!G30 | AD34: =IF(NOT(ISBLANK(B34)), IF(SUM(E34:S34)+SUM(Laborator!E35:R35)<>0,SUM(E34:S34)+SUM(Laborator!E35:R35),""), "") | AH34: =IF(NOT(ISBLANK(C34)), IF(COUNT(MAX(AVERAGE(V34:X34),0)),MAX(V34:X34),"n/p"), "") | AI34: =IF(NOT(ISBLANK(C34)), IF(COUNT(MAX(AVERAGE(Y34:AA34),0)),MAX(Y34:AA34),"n/p"), "") | AJ34: =IF(NOT(ISBLANK(C34)), IF(Laborator!AN35="Admis",ROUND(Laborator!AM35,0),"n/p"),"") | AK34: =IF(NOT(ISBLANK(C34)), IF('Lucrari grafice'!F30<>"n/p",'Lucrari grafice'!F30,"n/p"),"") | AL34: =IF(NOT(ISBLANK(C34)), IF(OR(AH34="n/p",AI34="n/p",AJ34="n/p",AK34="n/p",AH34<5,AI34<5,AJ34<5,AK34<5)," ",TRUNC(SUM(AH34:AK34)/4,2)), "") | AM34: =IF(NOT(ISBLANK(C34)), IF(AL34=" ","n/a", IF(AG34,AG34, IF(COUNT(MAX(AVERAGE(AB34:AC34),0)),MAX(AB34:AC34),"n/p"))), "") | AN34: =IF(NOT(ISBLANK(C34)), IF(OR(AM34="n/a",AM34="n/p")," ", IF(AM34<5,AM34,TRUNC(AL34*0.6+AM34*0.4,2))), "") | AO34: =IF(NOT(ISBLANK(C34)), IF(AN34=" "," ", IF(AND(AN34>=1,AN34<2),"(unu, "&ROUNDUP(MOD(AN34*100,100),0)&")", IF(AND(AN34>=2,AN34<3),"(doi, "&ROUNDUP(MOD(AN34*100,100),0)&")", IF(AND(AN34>=3,AN34<4),"(trei, "&ROUNDUP(MOD(AN34*100,100),0)&")", IF(AND(AN34>=4,AN34<5),"(patru, "&ROUNDUP(MOD(AN34*100,100),0)&")", IF(AND(AN34>=5,AN34<6),"(cinci, "&ROUNDUP(MOD(AN34*100,100),0)&")", IF(AND(AN34>=6,AN34<7),"(şase, "&ROUNDUP(MOD(AN34*100,100),0)&")", IF(AND(AN34>=7,AN34<8),"(şapte, "&ROUNDUP(MOD(AN34*100,100),0)&")", IF(AND(AN34>=8,AN34<9),"(opt, "&ROUNDUP(MOD(AN34*100,100),0)&")", IF(AND(AN34>=9,AN34<10),"(nouă, "&ROUNDUP(MOD(AN34*100,100),0)&")", IF(AN34=10,"(zece, 00)", ))))))))))),"") | AP34: =IF(NOT(ISBLANK(C34)), IF(AN34=" "," ", IF(AND(AN34>=1,AN34<=3),"F", IF(AND(AN34>3,AN34<5),"FX", IF(AND(AN34>=5,AN34<=6),"E", IF(AND(AN34>6,AN34<=7),"D", IF(AND(AN34>7,AN34<=8),"C", IF(AND(AN34>8,AN34<=9),"B", IF(AND(AN34>9,AN34<=10),"A", )))))))),"")
... B105: =IF(NOT(ISBLANK(C105)),COUNTA($C$6:C105),"") | T105: =IF(NOT(ISBLANK(C105)),IF(COUNTIF(E105:S105,"a")<>0,COUNTIF(E105:S105,"a")*2,""),"") | V105: ='Atest. Nr.1_1'!I101 | W105: ='Atest. Nr.1_2'!H101 | X105: ='Atest. Nr.1_3'!H101 | Y105: ='Atest. Nr.2_1'!I101 | Z105: ='Atest. Nr.2_2'!I101 | AA105: ='Atest. Nr.2_3'!I101 | AB105: =Examen!G101 | AC105: =ReExaminare!G101 | AD105: =IF(NOT(ISBLANK(B105)), IF(SUM(E105:S105)+SUM(Laborator!E106:R106)<>0,SUM(E105:S105)+SUM(Laborator!E106:R106),""), "") | AH105: =IF(NOT(ISBLANK(C105)), IF(COUNT(MAX(AVERAGE(V105:X105),0)),MAX(V105:X105),"n/p"), "") | AI105: =IF(NOT(ISBLANK(C105)), IF(COUNT(MAX(AVERAGE(Y105:AA105),0)),MAX(Y105:AA105),"n/p"), "") | AJ105: =IF(NOT(ISBLANK(C105)), IF(Laborator!AN106="Admis",ROUND(Laborator!AM106,0),"n/p"),"") | AK105: =IF(NOT(ISBLANK(C105)), IF('Lucrari grafice'!F101<>"n/p",'Lucrari grafice'!F101,"n/p"),"") | AL105: =IF(NOT(ISBLANK(C105)), IF(OR(AH105="n/p",AI105="n/p",AJ105="n/p",AK105="n/p",AH105<5,AI105<5,AJ105<5,AK105<5)," ",TRUNC(SUM(AH105:AK105)/4,2)), "") | AM105: =IF(NOT(ISBLANK(C105)), IF(AL105=" ","n/a", IF(AG105,AG105, IF(COUNT(MAX(AVERAGE(AB105:AC105),0)),MAX(AB105:AC105),"n/p"))), "") | AN105: =IF(NOT(ISBLANK(C105)), IF(OR(AM105="n/a",AM105="n/p")," ", IF(AM105<5,AM105,TRUNC(AL105*0.6+AM105*0.4,2))), "") | AO105: =IF(NOT(ISBLANK(C105)), IF(AN105=" "," ", IF(AND(AN105>=1,AN105<2),"(unu, "&ROUNDUP(MOD(AN105*100,100),0)&")", IF(AND(AN105>=2,AN105<3),"(doi, "&ROUNDUP(MOD(AN105*100,100),0)&")", IF(AND(AN105>=3,AN105<4),"(trei, "&ROUNDUP(MOD(AN105*100,100),0)&")", IF(AND(AN105>=4,AN105<5),"(patru, "&ROUNDUP(MOD(AN105*100,100),0)&")", IF(AND(AN105>=5,AN105<6),"(cinci, "&ROUNDUP(MOD(AN105*100,100),0)&")", IF(AND(AN105>=6,AN105<7),"(şase, "&ROUNDUP(MOD(AN105*100,100),0)&")", IF(AND(AN105>=7,AN105<8),"(şapte, "&ROUNDUP(MOD(AN105*100,100),0)&")", IF(AND(AN105>=8,AN105<9),"(opt, "&ROUNDUP(MOD(AN105*100,100),0)&")", IF(AND(AN105>=9,AN105<10),"(nouă, "&ROUNDUP(MOD(AN105*100,100),0)&")", IF(AN105=10,"(zece, 00)", ))))))))))),"") | AP105: =IF(NOT(ISBLANK(C105)), IF(AN105=" "," ", IF(AND(AN105>=1,AN105<=3),"F", IF(AND(AN105>3,AN105<5),"FX", IF(AND(AN105>=5,AN105<=6),"E", IF(AND(AN105>6,AN105<=7),"D", IF(AND(AN105>7,AN105<=8),"C", IF(AND(AN105>8,AN105<=9),"B", IF(AND(AN105>9,AN105<=10),"A", )))))))),"")
AP106: =IF(NOT(ISBLANK(C106)), IF(AN106=" "," ", IF(AND(AN106>=1,AN106<=3),"F", IF(AND(AN106>3,AN106<5),"FX", IF(AND(AN106>=5,AN106<=6),"E", IF(AND(AN106>6,AN106<=7),"D", IF(AND(AN106>7,AN106<=8),"C", IF(AND(AN106>8,AN106<=9),"B", IF(AND(AN106>9,AN106<=10),"A", )))))))),"")

Sheet Laborator
B2: Prezența | V2: Evaluarea activităților | AN2: Dacă studentul a susținut toate laboratoarele, puneti în dreptul lui Admis. In caz contrar lăsați celula liberă (în acest caz nota nu se va duce în borderou pe pagina 'Curs')
C4: Nr. Subgrupe - | D4: 1 | X4: L1 | Z4: L2 | AB4: L3 | AD4: L4 | AF4: L5 | AH4: L6 | AJ4: L7 | AL4: Total
E5: L1 | G5: L2 | I5: L3 | K5: L4 | M5: L5 | O5: L6 | Q5: L7 | W5: Data susținerii-- | X5: 9.02 16.02 | Z5: 23.02 1.03 | AB5: 8.03 15.03 | AD5: 22.03 29.03 | AF5: 5.04 12.04 | AH5: 19.04 26.04 | AJ5: 3.05 10.05
B6: Nr. | C6: Nume, Prenume | D6: Varianta | E6: 2.02 | F6: 9.02 | G6: 16.02 | H6: 23.02 | I6: 1.03 | J6: 8.03 | K6: 15.03 | L6: 22.03 | M6: 29.03 | N6: 5.04 | O6: 12.04 | P6: 19.04 | Q6: 26.04 | R6: 3.05 | S6: 17.05 | T6: Ore absentate | V6: Nr. | W6: Nume, Prenume | X6: Nota | Y6: Penalit | Z6: Nota | AA6: Penalit | AB6: Nota | AC6: Penalit | AD6: Nota | AE6: Penalit | AF6: Nota | AG6: Penalit | AH6: Nota | AI6: Penalit | AJ6: Nota | AK6: Penalit | AL6: Penalități | AM6: Nota medie | AN6: Examen (Admis, N/A)
B7: =IF(NOT(ISBLANK(Curs!B6)),Curs!B6,"") -> 1 | C7: =IF(NOT(ISBLANK(Curs!C6)),Curs!C6,"") -> Nume, Prenume | D7: 1 | T7: =IF(C7<>"",IF(COUNTIF(E7:S7,"a")<>0,COUNTIF(E7:S7,"a")*2,""),"") | V7: =IF(NOT(ISBLANK(B7)),B7,"") -> 1 | W7: =IF(NOT(ISBLANK(C7)),C7,"") -> Nume, Prenume | AL7: =IF(NOT(ISBLANK(Curs!C6)),IF(ABS(Y7+AA7+AC7+AE7+AG7+AI7+AK7)<>0,ABS(Y7+AA7+AC7+AE7+AG7+AI7+AK7),""),"") | AM7: =IF(NOT(ISBLANK(Curs!C6)),IFERROR(SUM(X7,Z7,AB7,AD7,AF7,AH7,AJ7)/COUNT(X7,Z7,AB7,AD7,AF7,AH7,AJ7),""),"")
B8: =IF(NOT(ISBLANK(Curs!B7)),Curs!B7,"") | C8: =IF(NOT(ISBLANK(Curs!C7)),Curs!C7,"") | T8: =IF(C8<>"",IF(COUNTIF(E8:S8,"a")<>0,COUNTIF(E8:S8,"a")*2,""),"") | V8: =IF(NOT(ISBLANK(B8)),B8,"") | W8: =IF(NOT(ISBLANK(C8)),C8,"") | AL8: =IF(NOT(ISBLANK(Curs!C7)),IF(ABS(Y8+AA8+AC8+AE8+AG8+AI8+AK8)<>0,ABS(Y8+AA8+AC8+AE8+AG8+AI8+AK8),""),"") | AM8: =IF(NOT(ISBLANK(Curs!C7)),IFERROR(SUM(X8,Z8,AB8,AD8,AF8,AH8,AJ8)/COUNT(X8,Z8,AB8,AD8,AF8,AH8,AJ8),""),"")
B9: =IF(NOT(ISBLANK(Curs!B8)),Curs!B8,"") | C9: =IF(NOT(ISBLANK(Curs!C8)),Curs!C8,"") | T9: =IF(C9<>"",IF(COUNTIF(E9:S9,"a")<>0,COUNTIF(E9:S9,"a")*2,""),"") | V9: =IF(NOT(ISBLANK(B9)),B9,"") | W9: =IF(NOT(ISBLANK(C9)),C9,"") | AL9: =IF(NOT(ISBLANK(Curs!C8)),IF(ABS(Y9+AA9+AC9+AE9+AG9+AI9+AK9)<>0,ABS(Y9+AA9+AC9+AE9+AG9+AI9+AK9),""),"") | AM9: =IF(NOT(ISBLANK(Curs!C8)),IFERROR(SUM(X9,Z9,AB9,AD9,AF9,AH9,AJ9)/COUNT(X9,Z9,AB9,AD9,AF9,AH9,AJ9),""),"")
B10: =IF(NOT(ISBLANK(Curs!B9)),Curs!B9,"") | C10: =IF(NOT(ISBLANK(Curs!C9)),Curs!C9,"") | T10: =IF(C10<>"",IF(COUNTIF(E10:S10,"a")<>0,COUNTIF(E10:S10,"a")*2,""),"") | V10: =IF(NOT(ISBLANK(B10)),B10,"") | W10: =IF(NOT(ISBLANK(C10)),C10,"") | AL10: =IF(NOT(ISBLANK(Curs!C9)),IF(ABS(Y10+AA10+AC10+AE10+AG10+AI10+AK10)<>0,ABS(Y10+AA10+AC10+AE10+AG10+AI10+AK10),""),"") | AM10: =IF(NOT(ISBLANK(Curs!C9)),IFERROR(SUM(X10,Z10,AB10,AD10,AF10,AH10,AJ10)/COUNT(X10,Z10,AB10,AD10,AF10,AH10,AJ10),""),"")
B11: =IF(NOT(ISBLANK(Curs!B10)),Curs!B10,"") | C11: =IF(NOT(ISBLANK(Curs!C10)),Curs!C10,"") | T11: =IF(C11<>"",IF(COUNTIF(E11:S11,"a")<>0,COUNTIF(E11:S11,"a")*2,""),"") | V11: =IF(NOT(ISBLANK(B11)),B11,"") | W11: =IF(NOT(ISBLANK(C11)),C11,"") | AL11: =IF(NOT(ISBLANK(Curs!C10)),IF(ABS(Y11+AA11+AC11+AE11+AG11+AI11+AK11)<>0,ABS(Y11+AA11+AC11+AE11+AG11+AI11+AK11),""),"") | AM11: =IF(NOT(ISBLANK(Curs!C10)),IFERROR(SUM(X11,Z11,AB11,AD11,AF11,AH11,AJ11)/COUNT(X11,Z11,AB11,AD11,AF11,AH11,AJ11),""),"")
B12: =IF(NOT(ISBLANK(Curs!B11)),Curs!B11,"") | C12: =IF(NOT(ISBLANK(Curs!C11)),Curs!C11,"") | T12: =IF(C12<>"",IF(COUNTIF(E12:S12,"a")<>0,COUNTIF(E12:S12,"a")*2,""),"") | V12: =IF(NOT(ISBLANK(B12)),B12,"") | W12: =IF(NOT(ISBLANK(C12)),C12,"") | AL12: =IF(NOT(ISBLANK(Curs!C11)),IF(ABS(Y12+AA12+AC12+AE12+AG12+AI12+AK12)<>0,ABS(Y12+AA12+AC12+AE12+AG12+AI12+AK12),""),"") | AM12: =IF(NOT(ISBLANK(Curs!C11)),IFERROR(SUM(X12,Z12,AB12,AD12,AF12,AH12,AJ12)/COUNT(X12,Z12,AB12,AD12,AF12,AH12,AJ12),""),"")
B13: =IF(NOT(ISBLANK(Curs!B12)),Curs!B12,"") | C13: =IF(NOT(ISBLANK(Curs!C12)),Curs!C12,"") | T13: =IF(C13<>"",IF(COUNTIF(E13:S13,"a")<>0,COUNTIF(E13:S13,"a")*2,""),"") | V13: =IF(NOT(ISBLANK(B13)),B13,"") | W13: =IF(NOT(ISBLANK(C13)),C13,"") | AL13: =IF(NOT(ISBLANK(Curs!C12)),IF(ABS(Y13+AA13+AC13+AE13+AG13+AI13+AK13)<>0,ABS(Y13+AA13+AC13+AE13+AG13+AI13+AK13),""),"") | AM13: =IF(NOT(ISBLANK(Curs!C12)),IFERROR(SUM(X13,Z13,AB13,AD13,AF13,AH13,AJ13)/COUNT(X13,Z13,AB13,AD13,AF13,AH13,AJ13),""),"")
B14: =IF(NOT(ISBLANK(Curs!B13)),Curs!B13,"") | C14: =IF(NOT(ISBLANK(Curs!C13)),Curs!C13,"") | T14: =IF(C14<>"",IF(COUNTIF(E14:S14,"a")<>0,COUNTIF(E14:S14,"a")*2,""),"") | V14: =IF(NOT(ISBLANK(B14)),B14,"") | W14: =IF(NOT(ISBLANK(C14)),C14,"") | AL14: =IF(NOT(ISBLANK(Curs!C13)),IF(ABS(Y14+AA14+AC14+AE14+AG14+AI14+AK14)<>0,ABS(Y14+AA14+AC14+AE14+AG14+AI14+AK14),""),"") | AM14: =IF(NOT(ISBLANK(Curs!C13)),IFERROR(SUM(X14,Z14,AB14,AD14,AF14,AH14,AJ14)/COUNT(X14,Z14,AB14,AD14,AF14,AH14,AJ14),""),"")
B15: =IF(NOT(ISBLANK(Curs!B14)),Curs!B14,"") | C15: =IF(NOT(ISBLANK(Curs!C14)),Curs!C14,"") | T15: =IF(C15<>"",IF(COUNTIF(E15:S15,"a")<>0,COUNTIF(E15:S15,"a")*2,""),"") | V15: =IF(NOT(ISBLANK(B15)),B15,"") | W15: =IF(NOT(ISBLANK(C15)),C15,"") | AL15: =IF(NOT(ISBLANK(Curs!C14)),IF(ABS(Y15+AA15+AC15+AE15+AG15+AI15+AK15)<>0,ABS(Y15+AA15+AC15+AE15+AG15+AI15+AK15),""),"") | AM15: =IF(NOT(ISBLANK(Curs!C14)),IFERROR(SUM(X15,Z15,AB15,AD15,AF15,AH15,AJ15)/COUNT(X15,Z15,AB15,AD15,AF15,AH15,AJ15),""),"")
B16: =IF(NOT(ISBLANK(Curs!B15)),Curs!B15,"") | C16: =IF(NOT(ISBLANK(Curs!C15)),Curs!C15,"") | T16: =IF(C16<>"",IF(COUNTIF(E16:S16,"a")<>0,COUNTIF(E16:S16,"a")*2,""),"") | V16: =IF(NOT(ISBLANK(B16)),B16,"") | W16: =IF(NOT(ISBLANK(C16)),C16,"") | AL16: =IF(NOT(ISBLANK(Curs!C15)),IF(ABS(Y16+AA16+AC16+AE16+AG16+AI16+AK16)<>0,ABS(Y16+AA16+AC16+AE16+AG16+AI16+AK16),""),"") | AM16: =IF(NOT(ISBLANK(Curs!C15)),IFERROR(SUM(X16,Z16,AB16,AD16,AF16,AH16,AJ16)/COUNT(X16,Z16,AB16,AD16,AF16,AH16,AJ16),""),"")
B17: =IF(NOT(ISBLANK(Curs!B16)),Curs!B16,"") | C17: =IF(NOT(ISBLANK(Curs!C16)),Curs!C16,"") | T17: =IF(C17<>"",IF(COUNTIF(E17:S17,"a")<>0,COUNTIF(E17:S17,"a")*2,""),"") | V17: =IF(NOT(ISBLANK(B17)),B17,"") | W17: =IF(NOT(ISBLANK(C17)),C17,"") | AL17: =IF(NOT(ISBLANK(Curs!C16)),IF(ABS(Y17+AA17+AC17+AE17+AG17+AI17+AK17)<>0,ABS(Y17+AA17+AC17+AE17+AG17+AI17+AK17),""),"") | AM17: =IF(NOT(ISBLANK(Curs!C16)),IFERROR(SUM(X17,Z17,AB17,AD17,AF17,AH17,AJ17)/COUNT(X17,Z17,AB17,AD17,AF17,AH17,AJ17),""),"")
B18: =IF(NOT(ISBLANK(Curs!B17)),Curs!B17,"") | C18: =IF(NOT(ISBLANK(Curs!C17)),Curs!C17,"") | T18: =IF(C18<>"",IF(COUNTIF(E18:S18,"a")<>0,COUNTIF(E18:S18,"a")*2,""),"") | V18: =IF(NOT(ISBLANK(B18)),B18,"") | W18: =IF(NOT(ISBLANK(C18)),C18,"") | AL18: =IF(NOT(ISBLANK(Curs!C17)),IF(ABS(Y18+AA18+AC18+AE18+AG18+AI18+AK18)<>0,ABS(Y18+AA18+AC18+AE18+AG18+AI18+AK18),""),"") | AM18: =IF(NOT(ISBLANK(Curs!C17)),IFERROR(SUM(X18,Z18,AB18,AD18,AF18,AH18,AJ18)/COUNT(X18,Z18,AB18,AD18,AF18,AH18,AJ18),""),"")
B19: =IF(NOT(ISBLANK(Curs!B18)),Curs!B18,"") | C19: =IF(NOT(ISBLANK(Curs!C18)),Curs!C18,"") | T19: =IF(C19<>"",IF(COUNTIF(E19:S19,"a")<>0,COUNTIF(E19:S19,"a")*2,""),"") | V19: =IF(NOT(ISBLANK(B19)),B19,"") | W19: =IF(NOT(ISBLANK(C19)),C19,"") | AL19: =IF(NOT(ISBLANK(Curs!C18)),IF(ABS(Y19+AA19+AC19+AE19+AG19+AI19+AK19)<>0,ABS(Y19+AA19+AC19+AE19+AG19+AI19+AK19),""),"") | AM19: =IF(NOT(ISBLANK(Curs!C18)),IFERROR(SUM(X19,Z19,AB19,AD19,AF19,AH19,AJ19)/COUNT(X19,Z19,AB19,AD19,AF19,AH19,AJ19),""),"")
... B106: =IF(NOT(ISBLANK(Curs!B105)),Curs!B105,"") | C106: =IF(NOT(ISBLANK(Curs!C105)),Curs!C105,"") | T106: =IF(C106<>"",IF(COUNTIF(E106:S106,"a")<>0,COUNTIF(E106:S106,"a")*2,""),"") | V106: =IF(NOT(ISBLANK(B106)),B106,"") | W106: =IF(NOT(ISBLANK(C106)),C106,"") | AL106: =IF(NOT(ISBLANK(Curs!C105)),IF(ABS(Y106+AA106+AC106+AE106+AG106+AI106+AK106)<>0,ABS(Y106+AA106+AC106+AE106+AG106+AI106+AK106),""),"") | AM106: =IF(NOT(ISBLANK(Curs!C105)),IFERROR(SUM(X106,Z106,AB106,AD106,AF106,AH106,AJ106)/COUNT(X106,Z106,AB106,AD106,AF106,AH106,AJ106),""),"")

Sheet Lucrari grafice
A1: Nr. | B1: Nume, Prenume | C1: Var | D1: LGC 1 C2 + C3.1 | E1: LGC 2 | F1: Nota | H1: Statistica
A2: =IF(NOT(ISBLANK(Curs!B6)),Curs!B6,"") -> 1 | B2: =IF(NOT(ISBLANK(Curs!C6)),Curs!C6,"") -> Nume, Prenume | C2: 1 | F2: =IF(B2="","", IF(AND(NOT(ISBLANK(D2)),NOT(ISBLANK(E2)),D2>=5,E2>=5),ROUND(AVERAGE(D2:E2),0),"n/p")) -> n/p | H2: Nota | I2: Nr de note
A3: =IF(NOT(ISBLANK(Curs!B7)),Curs!B7,"") | B3: =IF(NOT(ISBLANK(Curs!C7)),Curs!C7,"") | F3: =IF(B3="","", IF(AND(NOT(ISBLANK(D3)),NOT(ISBLANK(E3)),D3>=5,E3>=5),ROUND(AVERAGE(D3:E3),0),"n/p")) | H3: 1 | I3: =COUNTIF($F$2:$F$101,H3) -> 0
A4: =IF(NOT(ISBLANK(Curs!B8)),Curs!B8,"") | B4: =IF(NOT(ISBLANK(Curs!C8)),Curs!C8,"") | F4: =IF(B4="","", IF(AND(NOT(ISBLANK(D4)),NOT(ISBLANK(E4)),D4>=5,E4>=5),ROUND(AVERAGE(D4:E4),0),"n/p")) | H4: 2 | I4: =COUNTIF($F$2:$F$101,H4) -> 0
A5: =IF(NOT(ISBLANK(Curs!B9)),Curs!B9,"") | B5: =IF(NOT(ISBLANK(Curs!C9)),Curs!C9,"") | F5: =IF(B5="","", IF(AND(NOT(ISBLANK(D5)),NOT(ISBLANK(E5)),D5>=5,E5>=5),ROUND(AVERAGE(D5:E5),0),"n/p")) | H5: 3 | I5: =COUNTIF($F$2:$F$101,H5) -> 0
A6: =IF(NOT(ISBLANK(Curs!B10)),Curs!B10,"") | B6: =IF(NOT(ISBLANK(Curs!C10)),Curs!C10,"") | F6: =IF(B6="","", IF(AND(NOT(ISBLANK(D6)),NOT(ISBLANK(E6)),D6>=5,E6>=5),ROUND(AVERAGE(D6:E6),0),"n/p")) | H6: 4 | I6: =COUNTIF($F$2:$F$101,H6) -> 0
A7: =IF(NOT(ISBLANK(Curs!B11)),Curs!B11,"") | B7: =IF(NOT(ISBLANK(Curs!C11)),Curs!C11,"") | F7: =IF(B7="","", IF(AND(NOT(ISBLANK(D7)),NOT(ISBLANK(E7)),D7>=5,E7>=5),ROUND(AVERAGE(D7:E7),0),"n/p")) | H7: 5 | I7: =COUNTIF($F$2:$F$101,H7) -> 0
A8: =IF(NOT(ISBLANK(Curs!B12)),Curs!B12,"") | B8: =IF(NOT(ISBLANK(Curs!C12)),Curs!C12,"") | F8: =IF(B8="","", IF(AND(NOT(ISBLANK(D8)),NOT(ISBLANK(E8)),D8>=5,E8>=5),ROUND(AVERAGE(D8:E8),0),"n/p")) | H8: 6 | I8: =COUNTIF($F$2:$F$101,H8) -> 0
A9: =IF(NOT(ISBLANK(Curs!B13)),Curs!B13,"") | B9: =IF(NOT(ISBLANK(Curs!C13)),Curs!C13,"") | F9: =IF(B9="","", IF(AND(NOT(ISBLANK(D9)),NOT(ISBLANK(E9)),D9>=5,E9>=5),ROUND(AVERAGE(D9:E9),0),"n/p")) | H9: 7 | I9: =COUNTIF($F$2:$F$101,H9) -> 0
A10: =IF(NOT(ISBLANK(Curs!B14)),Curs!B14,"") | B10: =IF(NOT(ISBLANK(Curs!C14)),Curs!C14,"") | F10: =IF(B10="","", IF(AND(NOT(ISBLANK(D10)),NOT(ISBLANK(E10)),D10>=5,E10>=5),ROUND(AVERAGE(D10:E10),0),"n/p")) | H10: 8 | I10: =COUNTIF($F$2:$F$101,H10) -> 0
A11: =IF(NOT(ISBLANK(Curs!B15)),Curs!B15,"") | B11: =IF(NOT(ISBLANK(Curs!C15)),Curs!C15,"") | F11: =IF(B11="","", IF(AND(NOT(ISBLANK(D11)),NOT(ISBLANK(E11)),D11>=5,E11>=5),ROUND(AVERAGE(D11:E11),0),"n/p")) | H11: 9 | I11: =COUNTIF($F$2:$F$101,H11) -> 0
A12: =IF(NOT(ISBLANK(Curs!B16)),Curs!B16,"") | B12: =IF(NOT(ISBLANK(Curs!C16)),Curs!C16,"") | F12: =IF(B12="","", IF(AND(NOT(ISBLANK(D12)),NOT(ISBLANK(E12)),D12>=5,E12>=5),ROUND(AVERAGE(D12:E12),0),"n/p")) | H12: 10 | I12: =COUNTIF($F$2:$F$101,H12) -> 0
A13: =IF(NOT(ISBLANK(Curs!B17)),Curs!B17,"") | B13: =IF(NOT(ISBLANK(Curs!C17)),Curs!C17,"") | F13: =IF(B13="","", IF(AND(NOT(ISBLANK(D13)),NOT(ISBLANK(E13)),D13>=5,E13>=5),ROUND(AVERAGE(D13:E13),0),"n/p")) | H13: n/p | I13: =COUNTIF($F$2:$F$101,H13) -> 1
A14: =IF(NOT(ISBLANK(Curs!B18)),Curs!B18,"") | B14: =IF(NOT(ISBLANK(Curs!C18)),Curs!C18,"") | F14: =IF(B14="","", IF(AND(NOT(ISBLANK(D14)),NOT(ISBLANK(E14)),D14>=5,E14>=5),ROUND(AVERAGE(D14:E14),0),"n/p"))
A15: =IF(NOT(ISBLANK(Curs!B19)),Curs!B19,"") | B15: =IF(NOT(ISBLANK(Curs!C19)),Curs!C19,"") | F15: =IF(B15="","", IF(AND(NOT(ISBLANK(D15)),NOT(ISBLANK(E15)),D15>=5,E15>=5),ROUND(AVERAGE(D15:E15),0),"n/p"))
A16: =IF(NOT(ISBLANK(Curs!B20)),Curs!B20,"") | B16: =IF(NOT(ISBLANK(Curs!C20)),Curs!C20,"") | F16: =IF(B16="","", IF(AND(NOT(ISBLANK(D16)),NOT(ISBLANK(E16)),D16>=5,E16>=5),ROUND(AVERAGE(D16:E16),0),"n/p"))
A17: =IF(NOT(ISBLANK(Curs!B21)),Curs!B21,"") | B17: =IF(NOT(ISBLANK(Curs!C21)),Curs!C21,"") | F17: =IF(B17="","", IF(AND(NOT(ISBLANK(D17)),NOT(ISBLANK(E17)),D17>=5,E17>=5),ROUND(AVERAGE(D17:E17),0),"n/p"))
A18: =IF(NOT(ISBLANK(Curs!B22)),Curs!B22,"") | B18: =IF(NOT(ISBLANK(Curs!C22)),Curs!C22,"") | F18: =IF(B18="","", IF(AND(NOT(ISBLANK(D18)),NOT(ISBLANK(E18)),D18>=5,E18>=5),ROUND(AVERAGE(D18:E18),0),"n/p"))
A19: =IF(NOT(ISBLANK(Curs!B23)),Curs!B23,"") | B19: =IF(NOT(ISBLANK(Curs!C23)),Curs!C23,"") | F19: =IF(B19="","", IF(AND(NOT(ISBLANK(D19)),NOT(ISBLANK(E19)),D19>=5,E19>=5),ROUND(AVERAGE(D19:E19),0),"n/p"))
A20: =IF(NOT(ISBLANK(Curs!B24)),Curs!B24,"") | B20: =IF(NOT(ISBLANK(Curs!C24)),Curs!C24,"") | F20: =IF(B20="","", IF(AND(NOT(ISBLANK(D20)),NOT(ISBLANK(E20)),D20>=5,E20>=5),ROUND(AVERAGE(D20:E20),0),"n/p"))
A21: =IF(NOT(ISBLANK(Curs!B25)),Curs!B25,"") | B21: =IF(NOT(ISBLANK(Curs!C25)),Curs!C25,"") | F21: =IF(B21="","", IF(AND(NOT(ISBLANK(D21)),NOT(ISBLANK(E21)),D21>=5,E21>=5),ROUND(AVERAGE(D21:E21),0),"n/p"))
A22: =IF(NOT(ISBLANK(Curs!B26)),Curs!B26,"") | B22: =IF(NOT(ISBLANK(Curs!C26)),Curs!C26,"") | F22: =IF(B22="","", IF(AND(NOT(ISBLANK(D22)),NOT(ISBLANK(E22)),D22>=5,E22>=5),ROUND(AVERAGE(D22:E22),0),"n/p"))
A23: =IF(NOT(ISBLANK(Curs!B27)),Curs!B27,"") | B23: =IF(NOT(ISBLANK(Curs!C27)),Curs!C27,"") | F23: =IF(B23="","", IF(AND(NOT(ISBLANK(D23)),NOT(ISBLANK(E23)),D23>=5,E23>=5),ROUND(AVERAGE(D23:E23),0),"n/p"))
A24: =IF(NOT(ISBLANK(Curs!B28)),Curs!B28,"") | B24: =IF(NOT(ISBLANK(Curs!C28)),Curs!C28,"") | F24: =IF(B24="","", IF(AND(NOT(ISBLANK(D24)),NOT(ISBLANK(E24)),D24>=5,E24>=5),ROUND(AVERAGE(D24:E24),0),"n/p"))
A25: =IF(NOT(ISBLANK(Curs!B29)),Curs!B29,"") | B25: =IF(NOT(ISBLANK(Curs!C29)),Curs!C29,"") | F25: =IF(B25="","", IF(AND(NOT(ISBLANK(D25)),NOT(ISBLANK(E25)),D25>=5,E25>=5),ROUND(AVERAGE(D25:E25),0),"n/p"))
... A105: =IF(NOT(ISBLANK(Curs!B109)),Curs!B109,"") | B105: =IF(NOT(ISBLANK(Curs!C109)),Curs!C109,"") | F105: =IF(B105="","", IF(AND(NOT(ISBLANK(D105)),NOT(ISBLANK(E105)),D105>=5,E105>=5),ROUND(AVERAGE(D105:E105),0),"n/p"))

Sheet Atest. Nr.1_1
A1: Nr. | B1: Nume, Prenume | C1: item 1 | D1: item 2 | E1: item 3 | F1: item 4 | G1: supl | H1: Pctj Total | I1: Nota | J1: Baremul de evaluare | M1: Statistica
A2: =IF(NOT(ISBLANK(Curs!B6)),Curs!B6,"") -> 1 | B2: =IF(NOT(ISBLANK(Curs!C6)),Curs!C6,"") -> Nume, Prenume | H2: =IF(B2="","",ROUND(SUM(C2:G2),0)) -> 0 | I2: =IF(B2="","", IF(H2=0,"n/p", IF(AND(H2>=$J$3,H2<=$K$3),$L$3, IF(AND(H2>=$J$4,H2<=$K$4),$L$4, IF(AND(H2>=$J$5,H2<=$K$5),$L$5, IF(AND(H2>=$J$6,H2<=$K$6),$L$6, IF(AND(H2>=$J$7,H2<=$K$7),$L$7, IF(AND(H2>=$J$8,H2<=$K$8),$L$8, IF(AND(H2>=$J$9,H2<=$K$9),$L$9, IF(AND(H2>=$J$10,H2<=$K$10),$L$10, IF(AND(H2>=$J$11,H2<=$K$11),$L$11))))))))))) -> n/p | J2: Punctajul acumulat | L2: Nota | M2: Nota | N2: Nr de note
A3: =IF(NOT(ISBLANK(Curs!B7)),Curs!B7,"") | B3: =IF(NOT(ISBLANK(Curs!C7)),Curs!C7,"") | H3: =IF(B3="","",ROUND(SUM(C3:G3),0)) | I3: =IF(B3="","", IF(H3=0,"n/p", IF(AND(H3>=$J$3,H3<=$K$3),$L$3, IF(AND(H3>=$J$4,H3<=$K$4),$L$4, IF(AND(H3>=$J$5,H3<=$K$5),$L$5, IF(AND(H3>=$J$6,H3<=$K$6),$L$6, IF(AND(H3>=$J$7,H3<=$K$7),$L$7, IF(AND(H3>=$J$8,H3<=$K$8),$L$8, IF(AND(H3>=$J$9,H3<=$K$9),$L$9, IF(AND(H3>=$J$10,H3<=$K$10),$L$10, IF(AND(H3>=$J$11,H3<=$K$11),$L$11))))))))))) | J3: 0 | K3: 3 | L3: 2 | M3: 1 | N3: =COUNTIF($I$2:$I$101,M3) -> 0
A4: =IF(NOT(ISBLANK(Curs!B8)),Curs!B8,"") | B4: =IF(NOT(ISBLANK(Curs!C8)),Curs!C8,"") | H4: =IF(B4="","",ROUND(SUM(C4:G4),0)) | I4: =IF(B4="","", IF(H4=0,"n/p", IF(AND(H4>=$J$3,H4<=$K$3),$L$3, IF(AND(H4>=$J$4,H4<=$K$4),$L$4, IF(AND(H4>=$J$5,H4<=$K$5),$L$5, IF(AND(H4>=$J$6,H4<=$K$6),$L$6, IF(AND(H4>=$J$7,H4<=$K$7),$L$7, IF(AND(H4>=$J$8,H4<=$K$8),$L$8, IF(AND(H4>=$J$9,H4<=$K$9),$L$9, IF(AND(H4>=$J$10,H4<=$K$10),$L$10, IF(AND(H4>=$J$11,H4<=$K$11),$L$11))))))))))) | J4: 4 | K4: 5 | L4: 3 | M4: 2 | N4: =COUNTIF($I$2:$I$101,M4) -> 0
A5: =IF(NOT(ISBLANK(Curs!B9)),Curs!B9,"") | B5: =IF(NOT(ISBLANK(Curs!C9)),Curs!C9,"") | H5: =IF(B5="","",ROUND(SUM(C5:G5),0)) | I5: =IF(B5="","", IF(H5=0,"n/p", IF(AND(H5>=$J$3,H5<=$K$3),$L$3, IF(AND(H5>=$J$4,H5<=$K$4),$L$4, IF(AND(H5>=$J$5,H5<=$K$5),$L$5, IF(AND(H5>=$J$6,H5<=$K$6),$L$6, IF(AND(H5>=$J$7,H5<=$K$7),$L$7, IF(AND(H5>=$J$8,H5<=$K$8),$L$8, IF(AND(H5>=$J$9,H5<=$K$9),$L$9, IF(AND(H5>=$J$10,H5<=$K$10),$L$10, IF(AND(H5>=$J$11,H5<=$K$11),$L$11))))))))))) | J5: 6 | K5: 9 | L5: 4 | M5: 3 | N5: =COUNTIF($I$2:$I$101,M5) -> 0
A6: =IF(NOT(ISBLANK(Curs!B10)),Curs!B10,"") | B6: =IF(NOT(ISBLANK(Curs!C10)),Curs!C10,"") | H6: =IF(B6="","",ROUND(SUM(C6:G6),0)) | I6: =IF(B6="","", IF(H6=0,"n/p", IF(AND(H6>=$J$3,H6<=$K$3),$L$3, IF(AND(H6>=$J$4,H6<=$K$4),$L$4, IF(AND(H6>=$J$5,H6<=$K$5),$L$5, IF(AND(H6>=$J$6,H6<=$K$6),$L$6, IF(AND(H6>=$J$7,H6<=$K$7),$L$7, IF(AND(H6>=$J$8,H6<=$K$8),$L$8, IF(AND(H6>=$J$9,H6<=$K$9),$L$9, IF(AND(H6>=$J$10,H6<=$K$10),$L$10, IF(AND(H6>=$J$11,H6<=$K$11),$L$11))))))))))) | J6: 10 | K6: 13 | L6: 5 | M6: 4 | N6: =COUNTIF($I$2:$I$101,M6) -> 0
A7: =IF(NOT(ISBLANK(Curs!B11)),Curs!B11,"") | B7: =IF(NOT(ISBLANK(Curs!C11)),Curs!C11,"") | H7: =IF(B7="","",ROUND(SUM(C7:G7),0)) | I7: =IF(B7="","", IF(H7=0,"n/p", IF(AND(H7>=$J$3,H7<=$K$3),$L$3, IF(AND(H7>=$J$4,H7<=$K$4),$L$4, IF(AND(H7>=$J$5,H7<=$K$5),$L$5, IF(AND(H7>=$J$6,H7<=$K$6),$L$6, IF(AND(H7>=$J$7,H7<=$K$7),$L$7, IF(AND(H7>=$J$8,H7<=$K$8),$L$8, IF(AND(H7>=$J$9,H7<=$K$9),$L$9, IF(AND(H7>=$J$10,H7<=$K$10),$L$10, IF(AND(H7>=$J$11,H7<=$K$11),$L$11))))))))))) | J7: 14 | K7: 18 | L7: 6 | M7: 5 | N7: =COUNTIF($I$2:$I$101,M7) -> 0
A8: =IF(NOT(ISBLANK(Curs!B12)),Curs!B12,"") | B8: =IF(NOT(ISBLANK(Curs!C12)),Curs!C12,"") | H8: =IF(B8="","",ROUND(SUM(C8:G8),0)) | I8: =IF(B8="","", IF(H8=0,"n/p", IF(AND(H8>=$J$3,H8<=$K$3),$L$3, IF(AND(H8>=$J$4,H8<=$K$4),$L$4, IF(AND(H8>=$J$5,H8<=$K$5),$L$5, IF(AND(H8>=$J$6,H8<=$K$6),$L$6, IF(AND(H8>=$J$7,H8<=$K$7),$L$7, IF(AND(H8>=$J$8,H8<=$K$8),$L$8, IF(AND(H8>=$J$9,H8<=$K$9),$L$9, IF(AND(H8>=$J$10,H8<=$K$10),$L$10, IF(AND(H8>=$J$11,H8<=$K$11),$L$11))))))))))) | J8: 19 | K8: 22 | L8: 7 | M8: 6 | N8: =COUNTIF($I$2:$I$101,M8) -> 0
A9: =IF(NOT(ISBLANK(Curs!B13)),Curs!B13,"") | B9: =IF(NOT(ISBLANK(Curs!C13)),Curs!C13,"") | H9: =IF(B9="","",ROUND(SUM(C9:G9),0)) | I9: =IF(B9="","", IF(H9=0,"n/p", IF(AND(H9>=$J$3,H9<=$K$3),$L$3, IF(AND(H9>=$J$4,H9<=$K$4),$L$4, IF(AND(H9>=$J$5,H9<=$K$5),$L$5, IF(AND(H9>=$J$6,H9<=$K$6),$L$6, IF(AND(H9>=$J$7,H9<=$K$7),$L$7, IF(AND(H9>=$J$8,H9<=$K$8),$L$8, IF(AND(H9>=$J$9,H9<=$K$9),$L$9, IF(AND(H9>=$J$10,H9<=$K$10),$L$10, IF(AND(H9>=$J$11,H9<=$K$11),$L$11))))))))))) | J9: 23 | K9: 26 | L9: 8 | M9: 7 | N9: =COUNTIF($I$2:$I$101,M9) -> 0
A10: =IF(NOT(ISBLANK(Curs!B14)),Curs!B14,"") | B10: =IF(NOT(ISBLANK(Curs!C14)),Curs!C14,"") | H10: =IF(B10="","",ROUND(SUM(C10:G10),0)) | I10: =IF(B10="","", IF(H10=0,"n/p", IF(AND(H10>=$J$3,H10<=$K$3),$L$3, IF(AND(H10>=$J$4,H10<=$K$4),$L$4, IF(AND(H10>=$J$5,H10<=$K$5),$L$5, IF(AND(H10>=$J$6,H10<=$K$6),$L$6, IF(AND(H10>=$J$7,H10<=$K$7),$L$7, IF(AND(H10>=$J$8,H10<=$K$8),$L$8, IF(AND(H10>=$J$9,H10<=$K$9),$L$9, IF(AND(H10>=$J$10,H10<=$K$10),$L$10, IF(AND(H10>=$J$11,H10<=$K$11),$L$11))))))))))) | J10: 27 | K10: 28 | L10: 9 | M10: 8 | N10: =COUNTIF($I$2:$I$101,M10) -> 0
A11: =IF(NOT(ISBLANK(Curs!B15)),Curs!B15,"") | B11: =IF(NOT(ISBLANK(Curs!C15)),Curs!C15,"") | H11: =IF(B11="","",ROUND(SUM(C11:G11),0)) | I11: =IF(B11="","", IF(H11=0,"n/p", IF(AND(H11>=$J$3,H11<=$K$3),$L$3, IF(AND(H11>=$J$4,H11<=$K$4),$L$4, IF(AND(H11>=$J$5,H11<=$K$5),$L$5, IF(AND(H11>=$J$6,H11<=$K$6),$L$6, IF(AND(H11>=$J$7,H11<=$K$7),$L$7, IF(AND(H11>=$J$8,H11<=$K$8),$L$8, IF(AND(H11>=$J$9,H11<=$K$9),$L$9, IF(AND(H11>=$J$10,H11<=$K$10),$L$10, IF(AND(H11>=$J$11,H11<=$K$11),$L$11))))))))))) | J11: 29 | K11: 30 | L11: 10 | M11: 9 | N11: =COUNTIF($I$2:$I$101,M11) -> 0
A12: =IF(NOT(ISBLANK(Curs!B16)),Curs!B16,"") | B12: =IF(NOT(ISBLANK(Curs!C16)),Curs!C16,"") | H12: =IF(B12="","",ROUND(SUM(C12:G12),0)) | I12: =IF(B12="","", IF(H12=0,"n/p", IF(AND(H12>=$J$3,H12<=$K$3),$L$3, IF(AND(H12>=$J$4,H12<=$K$4),$L$4, IF(AND(H12>=$J$5,H12<=$K$5),$L$5, IF(AND(H12>=$J$6,H12<=$K$6),$L$6, IF(AND(H12>=$J$7,H12<=$K$7),$L$7, IF(AND(H12>=$J$8,H12<=$K$8),$L$8, IF(AND(H12>=$J$9,H12<=$K$9),$L$9, IF(AND(H12>=$J$10,H12<=$K$10),$L$10, IF(AND(H12>=$J$11,H12<=$K$11),$L$11))))))))))) | M12: 10 | N12: =COUNTIF($I$2:$I$101,M12) -> 0
A13: =IF(NOT(ISBLANK(Curs!B17)),Curs!B17,"") | B13: =IF(NOT(ISBLANK(Curs!C17)),Curs!C17,"") | H13: =IF(B13="","",ROUND(SUM(C13:G13),0)) | I13: =IF(B13="","", IF(H13=0,"n/p", IF(AND(H13>=$J$3,H13<=$K$3),$L$3, IF(AND(H13>=$J$4,H13<=$K$4),$L$4, IF(AND(H13>=$J$5,H13<=$K$5),$L$5, IF(AND(H13>=$J$6,H13<=$K$6),$L$6, IF(AND(H13>=$J$7,H13<=$K$7),$L$7, IF(AND(H13>=$J$8,H13<=$K$8),$L$8, IF(AND(H13>=$J$9,H13<=$K$9),$L$9, IF(AND(H13>=$J$10,H13<=$K$10),$L$10, IF(AND(H13>=$J$11,H13<=$K$11),$L$11))))))))))) | M13: n/p | N13: =COUNTIF($I$2:$I$101,M13) -> 1
A14: =IF(NOT(ISBLANK(Curs!B18)),Curs!B18,"") | B14: =IF(NOT(ISBLANK(Curs!C18)),Curs!C18,"") | H14: =IF(B14="","",ROUND(SUM(C14:G14),0)) | I14: =IF(B14="","", IF(H14=0,"n/p", IF(AND(H14>=$J$3,H14<=$K$3),$L$3, IF(AND(H14>=$J$4,H14<=$K$4),$L$4, IF(AND(H14>=$J$5,H14<=$K$5),$L$5, IF(AND(H14>=$J$6,H14<=$K$6),$L$6, IF(AND(H14>=$J$7,H14<=$K$7),$L$7, IF(AND(H14>=$J$8,H14<=$K$8),$L$8, IF(AND(H14>=$J$9,H14<=$K$9),$L$9, IF(AND(H14>=$J$10,H14<=$K$10),$L$10, IF(AND(H14>=$J$11,H14<=$K$11),$L$11)))))))))))
A15: =IF(NOT(ISBLANK(Curs!B19)),Curs!B19,"") | B15: =IF(NOT(ISBLANK(Curs!C19)),Curs!C19,"") | H15: =IF(B15="","",ROUND(SUM(C15:G15),0)) | I15: =IF(B15="","", IF(H15=0,"n/p", IF(AND(H15>=$J$3,H15<=$K$3),$L$3, IF(AND(H15>=$J$4,H15<=$K$4),$L$4, IF(AND(H15>=$J$5,H15<=$K$5),$L$5, IF(AND(H15>=$J$6,H15<=$K$6),$L$6, IF(AND(H15>=$J$7,H15<=$K$7),$L$7, IF(AND(H15>=$J$8,H15<=$K$8),$L$8, IF(AND(H15>=$J$9,H15<=$K$9),$L$9, IF(AND(H15>=$J$10,H15<=$K$10),$L$10, IF(AND(H15>=$J$11,H15<=$K$11),$L$11)))))))))))
A16: =IF(NOT(ISBLANK(Curs!B20)),Curs!B20,"") | B16: =IF(NOT(ISBLANK(Curs!C20)),Curs!C20,"") | H16: =IF(B16="","",ROUND(SUM(C16:G16),0)) | I16: =IF(B16="","", IF(H16=0,"n/p", IF(AND(H16>=$J$3,H16<=$K$3),$L$3, IF(AND(H16>=$J$4,H16<=$K$4),$L$4, IF(AND(H16>=$J$5,H16<=$K$5),$L$5, IF(AND(H16>=$J$6,H16<=$K$6),$L$6, IF(AND(H16>=$J$7,H16<=$K$7),$L$7, IF(AND(H16>=$J$8,H16<=$K$8),$L$8, IF(AND(H16>=$J$9,H16<=$K$9),$L$9, IF(AND(H16>=$J$10,H16<=$K$10),$L$10, IF(AND(H16>=$J$11,H16<=$K$11),$L$11)))))))))))
A17: =IF(NOT(ISBLANK(Curs!B21)),Curs!B21,"") | B17: =IF(NOT(ISBLANK(Curs!C21)),Curs!C21,"") | H17: =IF(B17="","",ROUND(SUM(C17:G17),0)) | I17: =IF(B17="","", IF(H17=0,"n/p", IF(AND(H17>=$J$3,H17<=$K$3),$L$3, IF(AND(H17>=$J$4,H17<=$K$4),$L$4, IF(AND(H17>=$J$5,H17<=$K$5),$L$5, IF(AND(H17>=$J$6,H17<=$K$6),$L$6, IF(AND(H17>=$J$7,H17<=$K$7),$L$7, IF(AND(H17>=$J$8,H17<=$K$8),$L$8, IF(AND(H17>=$J$9,H17<=$K$9),$L$9, IF(AND(H17>=$J$10,H17<=$K$10),$L$10, IF(AND(H17>=$J$11,H17<=$K$11),$L$11)))))))))))
A18: =IF(NOT(ISBLANK(Curs!B22)),Curs!B22,"") | B18: =IF(NOT(ISBLANK(Curs!C22)),Curs!C22,"") | H18: =IF(B18="","",ROUND(SUM(C18:G18),0)) | I18: =IF(B18="","", IF(H18=0,"n/p", IF(AND(H18>=$J$3,H18<=$K$3),$L$3, IF(AND(H18>=$J$4,H18<=$K$4),$L$4, IF(AND(H18>=$J$5,H18<=$K$5),$L$5, IF(AND(H18>=$J$6,H18<=$K$6),$L$6, IF(AND(H18>=$J$7,H18<=$K$7),$L$7, IF(AND(H18>=$J$8,H18<=$K$8),$L$8, IF(AND(H18>=$J$9,H18<=$K$9),$L$9, IF(AND(H18>=$J$10,H18<=$K$10),$L$10, IF(AND(H18>=$J$11,H18<=$K$11),$L$11)))))))))))
A19: =IF(NOT(ISBLANK(Curs!B23)),Curs!B23,"") | B19: =IF(NOT(ISBLANK(Curs!C23)),Curs!C23,"") | H19: =IF(B19="","",ROUND(SUM(C19:G19),0)) | I19: =IF(B19="","", IF(H19=0,"n/p", IF(AND(H19>=$J$3,H19<=$K$3),$L$3, IF(AND(H19>=$J$4,H19<=$K$4),$L$4, IF(AND(H19>=$J$5,H19<=$K$5),$L$5, IF(AND(H19>=$J$6,H19<=$K$6),$L$6, IF(AND(H19>=$J$7,H19<=$K$7),$L$7, IF(AND(H19>=$J$8,H19<=$K$8),$L$8, IF(AND(H19>=$J$9,H19<=$K$9),$L$9, IF(AND(H19>=$J$10,H19<=$K$10),$L$10, IF(AND(H19>=$J$11,H19<=$K$11),$L$11)))))))))))
A20: =IF(NOT(ISBLANK(Curs!B24)),Curs!B24,"") | B20: =IF(NOT(ISBLANK(Curs!C24)),Curs!C24,"") | H20: =IF(B20="","",ROUND(SUM(C20:G20),0)) | I20: =IF(B20="","", IF(H20=0,"n/p", IF(AND(H20>=$J$3,H20<=$K$3),$L$3, IF(AND(H20>=$J$4,H20<=$K$4),$L$4, IF(AND(H20>=$J$5,H20<=$K$5),$L$5, IF(AND(H20>=$J$6,H20<=$K$6),$L$6, IF(AND(H20>=$J$7,H20<=$K$7),$L$7, IF(AND(H20>=$J$8,H20<=$K$8),$L$8, IF(AND(H20>=$J$9,H20<=$K$9),$L$9, IF(AND(H20>=$J$10,H20<=$K$10),$L$10, IF(AND(H20>=$J$11,H20<=$K$11),$L$11)))))))))))
A21: =IF(NOT(ISBLANK(Curs!B25)),Curs!B25,"") | B21: =IF(NOT(ISBLANK(Curs!C25)),Curs!C25,"") | H21: =IF(B21="","",ROUND(SUM(C21:G21),0)) | I21: =IF(B21="","", IF(H21=0,"n/p", IF(AND(H21>=$J$3,H21<=$K$3),$L$3, IF(AND(H21>=$J$4,H21<=$K$4),$L$4, IF(AND(H21>=$J$5,H21<=$K$5),$L$5, IF(AND(H21>=$J$6,H21<=$K$6),$L$6, IF(AND(H21>=$J$7,H21<=$K$7),$L$7, IF(AND(H21>=$J$8,H21<=$K$8),$L$8, IF(AND(H21>=$J$9,H21<=$K$9),$L$9, IF(AND(H21>=$J$10,H21<=$K$10),$L$10, IF(AND(H21>=$J$11,H21<=$K$11),$L$11)))))))))))
A22: =IF(NOT(ISBLANK(Curs!B26)),Curs!B26,"") | B22: =IF(NOT(ISBLANK(Curs!C26)),Curs!C26,"") | H22: =IF(B22="","",ROUND(SUM(C22:G22),0)) | I22: =IF(B22="","", IF(H22=0,"n/p", IF(AND(H22>=$J$3,H22<=$K$3),$L$3, IF(AND(H22>=$J$4,H22<=$K$4),$L$4, IF(AND(H22>=$J$5,H22<=$K$5),$L$5, IF(AND(H22>=$J$6,H22<=$K$6),$L$6, IF(AND(H22>=$J$7,H22<=$K$7),$L$7, IF(AND(H22>=$J$8,H22<=$K$8),$L$8, IF(AND(H22>=$J$9,H22<=$K$9),$L$9, IF(AND(H22>=$J$10,H22<=$K$10),$L$10, IF(AND(H22>=$J$11,H22<=$K$11),$L$11)))))))))))
A23: =IF(NOT(ISBLANK(Curs!B27)),Curs!B27,"") | B23: =IF(NOT(ISBLANK(Curs!C27)),Curs!C27,"") | H23: =IF(B23="","",ROUND(SUM(C23:G23),0)) | I23: =IF(B23="","", IF(H23=0,"n/p", IF(AND(H23>=$J$3,H23<=$K$3),$L$3, IF(AND(H23>=$J$4,H23<=$K$4),$L$4, IF(AND(H23>=$J$5,H23<=$K$5),$L$5, IF(AND(H23>=$J$6,H23<=$K$6),$L$6, IF(AND(H23>=$J$7,H23<=$K$7),$L$7, IF(AND(H23>=$J$8,H23<=$K$8),$L$8, IF(AND(H23>=$J$9,H23<=$K$9),$L$9, IF(AND(H23>=$J$10,H23<=$K$10),$L$10, IF(AND(H23>=$J$11,H23<=$K$11),$L$11)))))))))))
A24: =IF(NOT(ISBLANK(Curs!B28)),Curs!B28,"") | B24: =IF(NOT(ISBLANK(Curs!C28)),Curs!C28,"") | H24: =IF(B24="","",ROUND(SUM(C24:G24),0)) | I24: =IF(B24="","", IF(H24=0,"n/p", IF(AND(H24>=$J$3,H24<=$K$3),$L$3, IF(AND(H24>=$J$4,H24<=$K$4),$L$4, IF(AND(H24>=$J$5,H24<=$K$5),$L$5, IF(AND(H24>=$J$6,H24<=$K$6),$L$6, IF(AND(H24>=$J$7,H24<=$K$7),$L$7, IF(AND(H24>=$J$8,H24<=$K$8),$L$8, IF(AND(H24>=$J$9,H24<=$K$9),$L$9, IF(AND(H24>=$J$10,H24<=$K$10),$L$10, IF(AND(H24>=$J$11,H24<=$K$11),$L$11)))))))))))
A25: =IF(NOT(ISBLANK(Curs!B29)),Curs!B29,"") | B25: =IF(NOT(ISBLANK(Curs!C29)),Curs!C29,"") | H25: =IF(B25="","",ROUND(SUM(C25:G25),0)) | I25: =IF(B25="","", IF(H25=0,"n/p", IF(AND(H25>=$J$3,H25<=$K$3),$L$3, IF(AND(H25>=$J$4,H25<=$K$4),$L$4, IF(AND(H25>=$J$5,H25<=$K$5),$L$5, IF(AND(H25>=$J$6,H25<=$K$6),$L$6, IF(AND(H25>=$J$7,H25<=$K$7),$L$7, IF(AND(H25>=$J$8,H25<=$K$8),$L$8, IF(AND(H25>=$J$9,H25<=$K$9),$L$9, IF(AND(H25>=$J$10,H25<=$K$10),$L$10, IF(AND(H25>=$J$11,H25<=$K$11),$L$11)))))))))))
... A101: =IF(NOT(ISBLANK(Curs!B105)),Curs!B105,"") | B101: =IF(NOT(ISBLANK(Curs!C105)),Curs!C105,"") | H101: =IF(B101="","",ROUND(SUM(C101:G101),0)) | I101: =IF(B101="","", IF(H101=0,"n/p", IF(AND(H101>=$J$3,H101<=$K$3),$L$3, IF(AND(H101>=$J$4,H101<=$K$4),$L$4, IF(AND(H101>=$J$5,H101<=$K$5),$L$5, IF(AND(H101>=$J$6,H101<=$K$6),$L$6, IF(AND(H101>=$J$7,H101<=$K$7),$L$7, IF(AND(H101>=$J$8,H101<=$K$8),$L$8, IF(AND(H101>=$J$9,H101<=$K$9),$L$9, IF(AND(H101>=$J$10,H101<=$K$10),$L$10, IF(AND(H101>=$J$11,H101<=$K$11),$L$11)))))))))))
B102: =IF(NOT(ISBLANK(Curs!C106)),Curs!C106,"") | H102: =IF(B102="","",ROUND(SUM(C102:G102),0)) | I102: =IF(B102="","", IF(H102=0,"n/p", IF(AND(H102>=$J$3,H102<=$K$3),$L$3, IF(AND(H102>=$J$4,H102<=$K$4),$L$4, IF(AND(H102>=$J$5,H102<=$K$5),$L$5, IF(AND(H102>=$J$6,H102<=$K$6),$L$6, IF(AND(H102>=$J$7,H102<=$K$7),$L$7, IF(AND(H102>=$J$8,H102<=$K$8),$L$8, IF(AND(H102>=$J$9,H102<=$K$9),$L$9, IF(AND(H102>=$J$10,H102<=$K$10),$L$10, IF(AND(H102>=$J$11,H102<=$K$11),$L$11)))))))))))
B103: =IF(NOT(ISBLANK(Curs!C107)),Curs!C107,"") | H103: =IF(B103="","",ROUND(SUM(C103:G103),0)) | I103: =IF(B103="","", IF(H103=0,"n/p", IF(AND(H103>=$J$3,H103<=$K$3),$L$3, IF(AND(H103>=$J$4,H103<=$K$4),$L$4, IF(AND(H103>=$J$5,H103<=$K$5),$L$5, IF(AND(H103>=$J$6,H103<=$K$6),$L$6, IF(AND(H103>=$J$7,H103<=$K$7),$L$7, IF(AND(H103>=$J$8,H103<=$K$8),$L$8, IF(AND(H103>=$J$9,H103<=$K$9),$L$9, IF(AND(H103>=$J$10,H103<=$K$10),$L$10, IF(AND(H103>=$J$11,H103<=$K$11),$L$11)))))))))))
B104: =IF(NOT(ISBLANK(Curs!C108)),Curs!C108,"") | H104: =IF(B104="","",ROUND(SUM(C104:G104),0)) | I104: =IF(B104="","", IF(H104=0,"n/p", IF(AND(H104>=$J$3,H104<=$K$3),$L$3, IF(AND(H104>=$J$4,H104<=$K$4),$L$4, IF(AND(H104>=$J$5,H104<=$K$5),$L$5, IF(AND(H104>=$J$6,H104<=$K$6),$L$6, IF(AND(H104>=$J$7,H104<=$K$7),$L$7, IF(AND(H104>=$J$8,H104<=$K$8),$L$8, IF(AND(H104>=$J$9,H104<=$K$9),$L$9, IF(AND(H104>=$J$10,H104<=$K$10),$L$10, IF(AND(H104>=$J$11,H104<=$K$11),$L$11)))))))))))
B105: =IF(NOT(ISBLANK(Curs!C109)),Curs!C109,"") | H105: =IF(B105="","",ROUND(SUM(C105:G105),0)) | I105: =IF(B105="","", IF(H105=0,"n/p", IF(AND(H105>=$J$3,H105<=$K$3),$L$3, IF(AND(H105>=$J$4,H105<=$K$4),$L$4, IF(AND(H105>=$J$5,H105<=$K$5),$L$5, IF(AND(H105>=$J$6,H105<=$K$6),$L$6, IF(AND(H105>=$J$7,H105<=$K$7),$L$7, IF(AND(H105>=$J$8,H105<=$K$8),$L$8, IF(AND(H105>=$J$9,H105<=$K$9),$L$9, IF(AND(H105>=$J$10,H105<=$K$10),$L$10, IF(AND(H105>=$J$11,H105<=$K$11),$L$11)))))))))))

Sheet Atest. Nr.1_2
A1: Nr. | B1: Nume, Prenume | C1: item 1 | D1: item 2 | E1: item 3 | F1: item 4 | G1: Pctj Total | H1: Nota | I1: Baremul de evaluare | L1: Statistica
A2: =IF(NOT(ISBLANK(Curs!B6)),Curs!B6,"") -> 1 | B2: =IF(AND(NOT(ISBLANK(Curs!C6)),OR(Curs!V6="n/p",Curs!V6<5)),Curs!C6,"") -> Nume, Prenume | G2: =IF(B2="","",ROUND(SUM(C2:F2),0)) -> 0 | H2: =IF(B2="","", IF(G2=0,"n/p", IF(AND(G2>=$I$3,G2<=$J$3),$K$3, IF(AND(G2>=$I$4,G2<=$J$4),$K$4, IF(AND(G2>=$I$5,G2<=$J$5),$K$5, IF(AND(G2>=$I$6,G2<=$J$6),$K$6, IF(AND(G2>=$I$7,G2<=$J$7),$K$7, IF(AND(G2>=$I$8,G2<=$J$8),$K$8, IF(AND(G2>=$I$9,G2<=$J$9),$K$9, IF(AND(G2>=$I$10,G2<=$J$10),$K$10, IF(AND(G2>=$I$11,G2<=$J$11),$K$11))))))))))) -> n/p | I2: Punctajul acumulat | K2: Nota | L2: Nota | M2: Nr de note
A3: =IF(NOT(ISBLANK(Curs!B7)),Curs!B7,"") | B3: =IF(AND(NOT(ISBLANK(Curs!C7)),OR(Curs!V7="n/p",Curs!V7<5)),Curs!C7,"") | G3: =IF(B3="","",ROUND(SUM(C3:F3),0)) | H3: =IF(B3="","", IF(G3=0,"n/p", IF(AND(G3>=$I$3,G3<=$J$3),$K$3, IF(AND(G3>=$I$4,G3<=$J$4),$K$4, IF(AND(G3>=$I$5,G3<=$J$5),$K$5, IF(AND(G3>=$I$6,G3<=$J$6),$K$6, IF(AND(G3>=$I$7,G3<=$J$7),$K$7, IF(AND(G3>=$I$8,G3<=$J$8),$K$8, IF(AND(G3>=$I$9,G3<=$J$9),$K$9, IF(AND(G3>=$I$10,G3<=$J$10),$K$10, IF(AND(G3>=$I$11,G3<=$J$11),$K$11))))))))))) | I3: 0 | J3: 3 | K3: 2 | L3: 1 | M3: =COUNTIF($H$2:$H$101,L3) -> 0
A4: =IF(NOT(ISBLANK(Curs!B8)),Curs!B8,"") | B4: =IF(AND(NOT(ISBLANK(Curs!C8)),OR(Curs!V8="n/p",Curs!V8<5)),Curs!C8,"") | G4: =IF(B4="","",ROUND(SUM(C4:F4),0)) | H4: =IF(B4="","", IF(G4=0,"n/p", IF(AND(G4>=$I$3,G4<=$J$3),$K$3, IF(AND(G4>=$I$4,G4<=$J$4),$K$4, IF(AND(G4>=$I$5,G4<=$J$5),$K$5, IF(AND(G4>=$I$6,G4<=$J$6),$K$6, IF(AND(G4>=$I$7,G4<=$J$7),$K$7, IF(AND(G4>=$I$8,G4<=$J$8),$K$8, IF(AND(G4>=$I$9,G4<=$J$9),$K$9, IF(AND(G4>=$I$10,G4<=$J$10),$K$10, IF(AND(G4>=$I$11,G4<=$J$11),$K$11))))))))))) | I4: 4 | J4: 5 | K4: 3 | L4: 2 | M4: =COUNTIF($H$2:$H$101,L4) -> 0
A5: =IF(NOT(ISBLANK(Curs!B9)),Curs!B9,"") | B5: =IF(AND(NOT(ISBLANK(Curs!C9)),OR(Curs!V9="n/p",Curs!V9<5)),Curs!C9,"") | G5: =IF(B5="","",ROUND(SUM(C5:F5),0)) | H5: =IF(B5="","", IF(G5=0,"n/p", IF(AND(G5>=$I$3,G5<=$J$3),$K$3, IF(AND(G5>=$I$4,G5<=$J$4),$K$4, IF(AND(G5>=$I$5,G5<=$J$5),$K$5, IF(AND(G5>=$I$6,G5<=$J$6),$K$6, IF(AND(G5>=$I$7,G5<=$J$7),$K$7, IF(AND(G5>=$I$8,G5<=$J$8),$K$8, IF(AND(G5>=$I$9,G5<=$J$9),$K$9, IF(AND(G5>=$I$10,G5<=$J$10),$K$10, IF(AND(G5>=$I$11,G5<=$J$11),$K$11))))))))))) | I5: 6 | J5: 9 | K5: 4 | L5: 3 | M5: =COUNTIF($H$2:$H$101,L5) -> 0
A6: =IF(NOT(ISBLANK(Curs!B10)),Curs!B10,"") | B6: =IF(AND(NOT(ISBLANK(Curs!C10)),OR(Curs!V10="n/p",Curs!V10<5)),Curs!C10,"") | G6: =IF(B6="","",ROUND(SUM(C6:F6),0)) | H6: =IF(B6="","", IF(G6=0,"n/p", IF(AND(G6>=$I$3,G6<=$J$3),$K$3, IF(AND(G6>=$I$4,G6<=$J$4),$K$4, IF(AND(G6>=$I$5,G6<=$J$5),$K$5, IF(AND(G6>=$I$6,G6<=$J$6),$K$6, IF(AND(G6>=$I$7,G6<=$J$7),$K$7, IF(AND(G6>=$I$8,G6<=$J$8),$K$8, IF(AND(G6>=$I$9,G6<=$J$9),$K$9, IF(AND(G6>=$I$10,G6<=$J$10),$K$10, IF(AND(G6>=$I$11,G6<=$J$11),$K$11))))))))))) | I6: 10 | J6: 13 | K6: 5 | L6: 4 | M6: =COUNTIF($H$2:$H$101,L6) -> 0
A7: =IF(NOT(ISBLANK(Curs!B11)),Curs!B11,"") | B7: =IF(AND(NOT(ISBLANK(Curs!C11)),OR(Curs!V11="n/p",Curs!V11<5)),Curs!C11,"") | G7: =IF(B7="","",ROUND(SUM(C7:F7),0)) | H7: =IF(B7="","", IF(G7=0,"n/p", IF(AND(G7>=$I$3,G7<=$J$3),$K$3, IF(AND(G7>=$I$4,G7<=$J$4),$K$4, IF(AND(G7>=$I$5,G7<=$J$5),$K$5, IF(AND(G7>=$I$6,G7<=$J$6),$K$6, IF(AND(G7>=$I$7,G7<=$J$7),$K$7, IF(AND(G7>=$I$8,G7<=$J$8),$K$8, IF(AND(G7>=$I$9,G7<=$J$9),$K$9, IF(AND(G7>=$I$10,G7<=$J$10),$K$10, IF(AND(G7>=$I$11,G7<=$J$11),$K$11))))))))))) | I7: 14 | J7: 18 | K7: 6 | L7: 5 | M7: =COUNTIF($H$2:$H$101,L7) -> 0
A8: =IF(NOT(ISBLANK(Curs!B12)),Curs!B12,"") | B8: =IF(AND(NOT(ISBLANK(Curs!C12)),OR(Curs!V12="n/p",Curs!V12<5)),Curs!C12,"") | G8: =IF(B8="","",ROUND(SUM(C8:F8),0)) | H8: =IF(B8="","", IF(G8=0,"n/p", IF(AND(G8>=$I$3,G8<=$J$3),$K$3, IF(AND(G8>=$I$4,G8<=$J$4),$K$4, IF(AND(G8>=$I$5,G8<=$J$5),$K$5, IF(AND(G8>=$I$6,G8<=$J$6),$K$6, IF(AND(G8>=$I$7,G8<=$J$7),$K$7, IF(AND(G8>=$I$8,G8<=$J$8),$K$8, IF(AND(G8>=$I$9,G8<=$J$9),$K$9, IF(AND(G8>=$I$10,G8<=$J$10),$K$10, IF(AND(G8>=$I$11,G8<=$J$11),$K$11))))))))))) | I8: 19 | J8: 22 | K8: 7 | L8: 6 | M8: =COUNTIF($H$2:$H$101,L8) -> 0
A9: =IF(NOT(ISBLANK(Curs!B13)),Curs!B13,"") | B9: =IF(AND(NOT(ISBLANK(Curs!C13)),OR(Curs!V13="n/p",Curs!V13<5)),Curs!C13,"") | G9: =IF(B9="","",ROUND(SUM(C9:F9),0)) | H9: =IF(B9="","", IF(G9=0,"n/p", IF(AND(G9>=$I$3,G9<=$J$3),$K$3, IF(AND(G9>=$I$4,G9<=$J$4),$K$4, IF(AND(G9>=$I$5,G9<=$J$5),$K$5, IF(AND(G9>=$I$6,G9<=$J$6),$K$6, IF(AND(G9>=$I$7,G9<=$J$7),$K$7, IF(AND(G9>=$I$8,G9<=$J$8),$K$8, IF(AND(G9>=$I$9,G9<=$J$9),$K$9, IF(AND(G9>=$I$10,G9<=$J$10),$K$10, IF(AND(G9>=$I$11,G9<=$J$11),$K$11))))))))))) | I9: 23 | J9: 26 | K9: 8 | L9: 7 | M9: =COUNTIF($H$2:$H$101,L9) -> 0
A10: =IF(NOT(ISBLANK(Curs!B14)),Curs!B14,"") | B10: =IF(AND(NOT(ISBLANK(Curs!C14)),OR(Curs!V14="n/p",Curs!V14<5)),Curs!C14,"") | G10: =IF(B10="","",ROUND(SUM(C10:F10),0)) | H10: =IF(B10="","", IF(G10=0,"n/p", IF(AND(G10>=$I$3,G10<=$J$3),$K$3, IF(AND(G10>=$I$4,G10<=$J$4),$K$4, IF(AND(G10>=$I$5,G10<=$J$5),$K$5, IF(AND(G10>=$I$6,G10<=$J$6),$K$6, IF(AND(G10>=$I$7,G10<=$J$7),$K$7, IF(AND(G10>=$I$8,G10<=$J$8),$K$8, IF(AND(G10>=$I$9,G10<=$J$9),$K$9, IF(AND(G10>=$I$10,G10<=$J$10),$K$10, IF(AND(G10>=$I$11,G10<=$J$11),$K$11))))))))))) | I10: 27 | J10: 28 | K10: 9 | L10: 8 | M10: =COUNTIF($H$2:$H$101,L10) -> 0
A11: =IF(NOT(ISBLANK(Curs!B15)),Curs!B15,"") | B11: =IF(AND(NOT(ISBLANK(Curs!C15)),OR(Curs!V15="n/p",Curs!V15<5)),Curs!C15,"") | G11: =IF(B11="","",ROUND(SUM(C11:F11),0)) | H11: =IF(B11="","", IF(G11=0,"n/p", IF(AND(G11>=$I$3,G11<=$J$3),$K$3, IF(AND(G11>=$I$4,G11<=$J$4),$K$4, IF(AND(G11>=$I$5,G11<=$J$5),$K$5, IF(AND(G11>=$I$6,G11<=$J$6),$K$6, IF(AND(G11>=$I$7,G11<=$J$7),$K$7, IF(AND(G11>=$I$8,G11<=$J$8),$K$8, IF(AND(G11>=$I$9,G11<=$J$9),$K$9, IF(AND(G11>=$I$10,G11<=$J$10),$K$10, IF(AND(G11>=$I$11,G11<=$J$11),$K$11))))))))))) | I11: 29 | J11: 30 | K11: 10 | L11: 9 | M11: =COUNTIF($H$2:$H$101,L11) -> 0
A12: =IF(NOT(ISBLANK(Curs!B16)),Curs!B16,"") | B12: =IF(AND(NOT(ISBLANK(Curs!C16)),OR(Curs!V16="n/p",Curs!V16<5)),Curs!C16,"") | G12: =IF(B12="","",ROUND(SUM(C12:F12),0)) | H12: =IF(B12="","", IF(G12=0,"n/p", IF(AND(G12>=$I$3,G12<=$J$3),$K$3, IF(AND(G12>=$I$4,G12<=$J$4),$K$4, IF(AND(G12>=$I$5,G12<=$J$5),$K$5, IF(AND(G12>=$I$6,G12<=$J$6),$K$6, IF(AND(G12>=$I$7,G12<=$J$7),$K$7, IF(AND(G12>=$I$8,G12<=$J$8),$K$8, IF(AND(G12>=$I$9,G12<=$J$9),$K$9, IF(AND(G12>=$I$10,G12<=$J$10),$K$10, IF(AND(G12>=$I$11,G12<=$J$11),$K$11))))))))))) | L12: 10 | M12: =COUNTIF($H$2:$H$101,L12) -> 0
A13: =IF(NOT(ISBLANK(Curs!B17)),Curs!B17,"") | B13: =IF(AND(NOT(ISBLANK(Curs!C17)),OR(Curs!V17="n/p",Curs!V17<5)),Curs!C17,"") | G13: =IF(B13="","",ROUND(SUM(C13:F13),0)) | H13: =IF(B13="","", IF(G13=0,"n/p", IF(AND(G13>=$I$3,G13<=$J$3),$K$3, IF(AND(G13>=$I$4,G13<=$J$4),$K$4, IF(AND(G13>=$I$5,G13<=$J$5),$K$5, IF(AND(G13>=$I$6,G13<=$J$6),$K$6, IF(AND(G13>=$I$7,G13<=$J$7),$K$7, IF(AND(G13>=$I$8,G13<=$J$8),$K$8, IF(AND(G13>=$I$9,G13<=$J$9),$K$9, IF(AND(G13>=$I$10,G13<=$J$10),$K$10, IF(AND(G13>=$I$11,G13<=$J$11),$K$11))))))))))) | L13: n/p | M13: =COUNTIF($H$2:$H$101,L13) -> 1
A14: =IF(NOT(ISBLANK(Curs!B18)),Curs!B18,"") | B14: =IF(AND(NOT(ISBLANK(Curs!C18)),OR(Curs!V18="n/p",Curs!V18<5)),Curs!C18,"") | G14: =IF(B14="","",ROUND(SUM(C14:F14),0)) | H14: =IF(B14="","", IF(G14=0,"n/p", IF(AND(G14>=$I$3,G14<=$J$3),$K$3, IF(AND(G14>=$I$4,G14<=$J$4),$K$4, IF(AND(G14>=$I$5,G14<=$J$5),$K$5, IF(AND(G14>=$I$6,G14<=$J$6),$K$6, IF(AND(G14>=$I$7,G14<=$J$7),$K$7, IF(AND(G14>=$I$8,G14<=$J$8),$K$8, IF(AND(G14>=$I$9,G14<=$J$9),$K$9, IF(AND(G14>=$I$10,G14<=$J$10),$K$10, IF(AND(G14>=$I$11,G14<=$J$11),$K$11)))))))))))
A15: =IF(NOT(ISBLANK(Curs!B19)),Curs!B19,"") | B15: =IF(AND(NOT(ISBLANK(Curs!C19)),OR(Curs!V19="n/p",Curs!V19<5)),Curs!C19,"") | G15: =IF(B15="","",ROUND(SUM(C15:F15),0)) | H15: =IF(B15="","", IF(G15=0,"n/p", IF(AND(G15>=$I$3,G15<=$J$3),$K$3, IF(AND(G15>=$I$4,G15<=$J$4),$K$4, IF(AND(G15>=$I$5,G15<=$J$5),$K$5, IF(AND(G15>=$I$6,G15<=$J$6),$K$6, IF(AND(G15>=$I$7,G15<=$J$7),$K$7, IF(AND(G15>=$I$8,G15<=$J$8),$K$8, IF(AND(G15>=$I$9,G15<=$J$9),$K$9, IF(AND(G15>=$I$10,G15<=$J$10),$K$10, IF(AND(G15>=$I$11,G15<=$J$11),$K$11)))))))))))
A16: =IF(NOT(ISBLANK(Curs!B20)),Curs!B20,"") | B16: =IF(AND(NOT(ISBLANK(Curs!C20)),OR(Curs!V20="n/p",Curs!V20<5)),Curs!C20,"") | G16: =IF(B16="","",ROUND(SUM(C16:F16),0)) | H16: =IF(B16="","", IF(G16=0,"n/p", IF(AND(G16>=$I$3,G16<=$J$3),$K$3, IF(AND(G16>=$I$4,G16<=$J$4),$K$4, IF(AND(G16>=$I$5,G16<=$J$5),$K$5, IF(AND(G16>=$I$6,G16<=$J$6),$K$6, IF(AND(G16>=$I$7,G16<=$J$7),$K$7, IF(AND(G16>=$I$8,G16<=$J$8),$K$8, IF(AND(G16>=$I$9,G16<=$J$9),$K$9, IF(AND(G16>=$I$10,G16<=$J$10),$K$10, IF(AND(G16>=$I$11,G16<=$J$11),$K$11)))))))))))
A17: =IF(NOT(ISBLANK(Curs!B21)),Curs!B21,"") | B17: =IF(AND(NOT(ISBLANK(Curs!C21)),OR(Curs!V21="n/p",Curs!V21<5)),Curs!C21,"") | G17: =IF(B17="","",ROUND(SUM(C17:F17),0)) | H17: =IF(B17="","", IF(G17=0,"n/p", IF(AND(G17>=$I$3,G17<=$J$3),$K$3, IF(AND(G17>=$I$4,G17<=$J$4),$K$4, IF(AND(G17>=$I$5,G17<=$J$5),$K$5, IF(AND(G17>=$I$6,G17<=$J$6),$K$6, IF(AND(G17>=$I$7,G17<=$J$7),$K$7, IF(AND(G17>=$I$8,G17<=$J$8),$K$8, IF(AND(G17>=$I$9,G17<=$J$9),$K$9, IF(AND(G17>=$I$10,G17<=$J$10),$K$10, IF(AND(G17>=$I$11,G17<=$J$11),$K$11)))))))))))
A18: =IF(NOT(ISBLANK(Curs!B22)),Curs!B22,"") | B18: =IF(AND(NOT(ISBLANK(Curs!C22)),OR(Curs!V22="n/p",Curs!V22<5)),Curs!C22,"") | G18: =IF(B18="","",ROUND(SUM(C18:F18),0)) | H18: =IF(B18="","", IF(G18=0,"n/p", IF(AND(G18>=$I$3,G18<=$J$3),$K$3, IF(AND(G18>=$I$4,G18<=$J$4),$K$4, IF(AND(G18>=$I$5,G18<=$J$5),$K$5, IF(AND(G18>=$I$6,G18<=$J$6),$K$6, IF(AND(G18>=$I$7,G18<=$J$7),$K$7, IF(AND(G18>=$I$8,G18<=$J$8),$K$8, IF(AND(G18>=$I$9,G18<=$J$9),$K$9, IF(AND(G18>=$I$10,G18<=$J$10),$K$10, IF(AND(G18>=$I$11,G18<=$J$11),$K$11)))))))))))
A19: =IF(NOT(ISBLANK(Curs!B23)),Curs!B23,"") | B19: =IF(AND(NOT(ISBLANK(Curs!C23)),OR(Curs!V23="n/p",Curs!V23<5)),Curs!C23,"") | G19: =IF(B19="","",ROUND(SUM(C19:F19),0)) | H19: =IF(B19="","", IF(G19=0,"n/p", IF(AND(G19>=$I$3,G19<=$J$3),$K$3, IF(AND(G19>=$I$4,G19<=$J$4),$K$4, IF(AND(G19>=$I$5,G19<=$J$5),$K$5, IF(AND(G19>=$I$6,G19<=$J$6),$K$6, IF(AND(G19>=$I$7,G19<=$J$7),$K$7, IF(AND(G19>=$I$8,G19<=$J$8),$K$8, IF(AND(G19>=$I$9,G19<=$J$9),$K$9, IF(AND(G19>=$I$10,G19<=$J$10),$K$10, IF(AND(G19>=$I$11,G19<=$J$11),$K$11)))))))))))
A20: =IF(NOT(ISBLANK(Curs!B24)),Curs!B24,"") | B20: =IF(AND(NOT(ISBLANK(Curs!C24)),OR(Curs!V24="n/p",Curs!V24<5)),Curs!C24,"") | G20: =IF(B20="","",ROUND(SUM(C20:F20),0)) | H20: =IF(B20="","", IF(G20=0,"n/p", IF(AND(G20>=$I$3,G20<=$J$3),$K$3, IF(AND(G20>=$I$4,G20<=$J$4),$K$4, IF(AND(G20>=$I$5,G20<=$J$5),$K$5, IF(AND(G20>=$I$6,G20<=$J$6),$K$6, IF(AND(G20>=$I$7,G20<=$J$7),$K$7, IF(AND(G20>=$I$8,G20<=$J$8),$K$8, IF(AND(G20>=$I$9,G20<=$J$9),$K$9, IF(AND(G20>=$I$10,G20<=$J$10),$K$10, IF(AND(G20>=$I$11,G20<=$J$11),$K$11)))))))))))
A21: =IF(NOT(ISBLANK(Curs!B25)),Curs!B25,"") | B21: =IF(AND(NOT(ISBLANK(Curs!C25)),OR(Curs!V25="n/p",Curs!V25<5)),Curs!C25,"") | G21: =IF(B21="","",ROUND(SUM(C21:F21),0)) | H21: =IF(B21="","", IF(G21=0,"n/p", IF(AND(G21>=$I$3,G21<=$J$3),$K$3, IF(AND(G21>=$I$4,G21<=$J$4),$K$4, IF(AND(G21>=$I$5,G21<=$J$5),$K$5, IF(AND(G21>=$I$6,G21<=$J$6),$K$6, IF(AND(G21>=$I$7,G21<=$J$7),$K$7, IF(AND(G21>=$I$8,G21<=$J$8),$K$8, IF(AND(G21>=$I$9,G21<=$J$9),$K$9, IF(AND(G21>=$I$10,G21<=$J$10),$K$10, IF(AND(G21>=$I$11,G21<=$J$11),$K$11)))))))))))
A22: =IF(NOT(ISBLANK(Curs!B26)),Curs!B26,"") | B22: =IF(AND(NOT(ISBLANK(Curs!C26)),OR(Curs!V26="n/p",Curs!V26<5)),Curs!C26,"") | G22: =IF(B22="","",ROUND(SUM(C22:F22),0)) | H22: =IF(B22="","", IF(G22=0,"n/p", IF(AND(G22>=$I$3,G22<=$J$3),$K$3, IF(AND(G22>=$I$4,G22<=$J$4),$K$4, IF(AND(G22>=$I$5,G22<=$J$5),$K$5, IF(AND(G22>=$I$6,G22<=$J$6),$K$6, IF(AND(G22>=$I$7,G22<=$J$7),$K$7, IF(AND(G22>=$I$8,G22<=$J$8),$K$8, IF(AND(G22>=$I$9,G22<=$J$9),$K$9, IF(AND(G22>=$I$10,G22<=$J$10),$K$10, IF(AND(G22>=$I$11,G22<=$J$11),$K$11)))))))))))
A23: =IF(NOT(ISBLANK(Curs!B27)),Curs!B27,"") | B23: =IF(AND(NOT(ISBLANK(Curs!C27)),OR(Curs!V27="n/p",Curs!V27<5)),Curs!C27,"") | G23: =IF(B23="","",ROUND(SUM(C23:F23),0)) | H23: =IF(B23="","", IF(G23=0,"n/p", IF(AND(G23>=$I$3,G23<=$J$3),$K$3, IF(AND(G23>=$I$4,G23<=$J$4),$K$4, IF(AND(G23>=$I$5,G23<=$J$5),$K$5, IF(AND(G23>=$I$6,G23<=$J$6),$K$6, IF(AND(G23>=$I$7,G23<=$J$7),$K$7, IF(AND(G23>=$I$8,G23<=$J$8),$K$8, IF(AND(G23>=$I$9,G23<=$J$9),$K$9, IF(AND(G23>=$I$10,G23<=$J$10),$K$10, IF(AND(G23>=$I$11,G23<=$J$11),$K$11)))))))))))
A24: =IF(NOT(ISBLANK(Curs!B28)),Curs!B28,"") | B24: =IF(AND(NOT(ISBLANK(Curs!C28)),OR(Curs!V28="n/p",Curs!V28<5)),Curs!C28,"") | G24: =IF(B24="","",ROUND(SUM(C24:F24),0)) | H24: =IF(B24="","", IF(G24=0,"n/p", IF(AND(G24>=$I$3,G24<=$J$3),$K$3, IF(AND(G24>=$I$4,G24<=$J$4),$K$4, IF(AND(G24>=$I$5,G24<=$J$5),$K$5, IF(AND(G24>=$I$6,G24<=$J$6),$K$6, IF(AND(G24>=$I$7,G24<=$J$7),$K$7, IF(AND(G24>=$I$8,G24<=$J$8),$K$8, IF(AND(G24>=$I$9,G24<=$J$9),$K$9, IF(AND(G24>=$I$10,G24<=$J$10),$K$10, IF(AND(G24>=$I$11,G24<=$J$11),$K$11)))))))))))
A25: =IF(NOT(ISBLANK(Curs!B29)),Curs!B29,"") | B25: =IF(AND(NOT(ISBLANK(Curs!C29)),OR(Curs!V29="n/p",Curs!V29<5)),Curs!C29,"") | G25: =IF(B25="","",ROUND(SUM(C25:F25),0)) | H25: =IF(B25="","", IF(G25=0,"n/p", IF(AND(G25>=$I$3,G25<=$J$3),$K$3, IF(AND(G25>=$I$4,G25<=$J$4),$K$4, IF(AND(G25>=$I$5,G25<=$J$5),$K$5, IF(AND(G25>=$I$6,G25<=$J$6),$K$6, IF(AND(G25>=$I$7,G25<=$J$7),$K$7, IF(AND(G25>=$I$8,G25<=$J$8),$K$8, IF(AND(G25>=$I$9,G25<=$J$9),$K$9, IF(AND(G25>=$I$10,G25<=$J$10),$K$10, IF(AND(G25>=$I$11,G25<=$J$11),$K$11)))))))))))
... A105: =IF(NOT(ISBLANK(Curs!B109)),Curs!B109,"") | B105: =IF(AND(NOT(ISBLANK(Curs!C109)),OR(Curs!V109="n/p",Curs!V109<5)),Curs!C109,"") | G105: =IF(B105="","",ROUND(SUM(C105:F105),0)) | H105: =IF(B105="","", IF(G105=0,"n/p", IF(AND(G105>=$I$3,G105<=$J$3),$K$3, IF(AND(G105>=$I$4,G105<=$J$4),$K$4, IF(AND(G105>=$I$5,G105<=$J$5),$K$5, IF(AND(G105>=$I$6,G105<=$J$6),$K$6, IF(AND(G105>=$I$7,G105<=$J$7),$K$7, IF(AND(G105>=$I$8,G105<=$J$8),$K$8, IF(AND(G105>=$I$9,G105<=$J$9),$K$9, IF(AND(G105>=$I$10,G105<=$J$10),$K$10, IF(AND(G105>=$I$11,G105<=$J$11),$K$11)))))))))))

Sheet Atest. Nr.1_3
A1: Nr. | B1: Nume, Prenume | C1: item 1 | D1: item 2 | E1: item 3 | F1: item 4 | G1: Pctj Total | H1: Nota | I1: Baremul de evaluare | L1: Statistica
A2: =IF(NOT(ISBLANK(Curs!B6)),Curs!B6,"") -> 1 | B2: =IF(AND(NOT(ISBLANK(Curs!C6)),OR(MAX(Curs!V6:W6)<5,MAX(Curs!V6:W6)=1)),Curs!C6,"") -> Nume, Prenume | G2: =IF(B2="","",ROUND(SUM(C2:F2),0)) -> 0 | H2: =IF(B2="","", IF(G2=0,"n/p", IF(AND(G2>=$I$3,G2<=$J$3),$K$3, IF(AND(G2>=$I$4,G2<=$J$4),$K$4, IF(AND(G2>=$I$5,G2<=$J$5),$K$5, IF(AND(G2>=$I$6,G2<=$J$6),$K$6, IF(AND(G2>=$I$7,G2<=$J$7),$K$7, IF(AND(G2>=$I$8,G2<=$J$8),$K$8, IF(AND(G2>=$I$9,G2<=$J$9),$K$9, IF(AND(G2>=$I$10,G2<=$J$10),$K$10, IF(AND(G2>=$I$11,G2<=$J$11),$K$11))))))))))) -> n/p | I2: Punctajul acumulat | K2: Nota | L2: Nota | M2: Nr de note
A3: =IF(NOT(ISBLANK(Curs!B7)),Curs!B7,"") | B3: =IF(AND(NOT(ISBLANK(Curs!C7)),OR(MAX(Curs!V7:W7)<5,MAX(Curs!V7:W7)=1)),Curs!C7,"") | G3: =IF(B3="","",ROUND(SUM(C3:F3),0)) | H3: =IF(B3="","", IF(G3=0,"n/p", IF(AND(G3>=$I$3,G3<=$J$3),$K$3, IF(AND(G3>=$I$4,G3<=$J$4),$K$4, IF(AND(G3>=$I$5,G3<=$J$5),$K$5, IF(AND(G3>=$I$6,G3<=$J$6),$K$6, IF(AND(G3>=$I$7,G3<=$J$7),$K$7, IF(AND(G3>=$I$8,G3<=$J$8),$K$8, IF(AND(G3>=$I$9,G3<=$J$9),$K$9, IF(AND(G3>=$I$10,G3<=$J$10),$K$10, IF(AND(G3>=$I$11,G3<=$J$11),$K$11))))))))))) | I3: 0 | J3: 3 | K3: 2 | L3: 1 | M3: =COUNTIF($H$2:$H$101,L3) -> 0
A4: =IF(NOT(ISBLANK(Curs!B8)),Curs!B8,"") | B4: =IF(AND(NOT(ISBLANK(Curs!C8)),OR(MAX(Curs!V8:W8)<5,MAX(Curs!V8:W8)=1)),Curs!C8,"") | G4: =IF(B4="","",ROUND(SUM(C4:F4),0)) | H4: =IF(B4="","", IF(G4=0,"n/p", IF(AND(G4>=$I$3,G4<=$J$3),$K$3, IF(AND(G4>=$I$4,G4<=$J$4),$K$4, IF(AND(G4>=$I$5,G4<=$J$5),$K$5, IF(AND(G4>=$I$6,G4<=$J$6),$K$6, IF(AND(G4>=$I$7,G4<=$J$7),$K$7, IF(AND(G4>=$I$8,G4<=$J$8),$K$8, IF(AND(G4>=$I$9,G4<=$J$9),$K$9, IF(AND(G4>=$I$10,G4<=$J$10),$K$10, IF(AND(G4>=$I$11,G4<=$J$11),$K$11))))))))))) | I4: 4 | J4: 5 | K4: 3 | L4: 2 | M4: =COUNTIF($H$2:$H$101,L4) -> 0
A5: =IF(NOT(ISBLANK(Curs!B9)),Curs!B9,"") | B5: =IF(AND(NOT(ISBLANK(Curs!C9)),OR(MAX(Curs!V9:W9)<5,MAX(Curs!V9:W9)=1)),Curs!C9,"") | G5: =IF(B5="","",ROUND(SUM(C5:F5),0)) | H5: =IF(B5="","", IF(G5=0,"n/p", IF(AND(G5>=$I$3,G5<=$J$3),$K$3, IF(AND(G5>=$I$4,G5<=$J$4),$K$4, IF(AND(G5>=$I$5,G5<=$J$5),$K$5, IF(AND(G5>=$I$6,G5<=$J$6),$K$6, IF(AND(G5>=$I$7,G5<=$J$7),$K$7, IF(AND(G5>=$I$8,G5<=$J$8),$K$8, IF(AND(G5>=$I$9,G5<=$J$9),$K$9, IF(AND(G5>=$I$10,G5<=$J$10),$K$10, IF(AND(G5>=$I$11,G5<=$J$11),$K$11))))))))))) | I5: 6 | J5: 9 | K5: 4 | L5: 3 | M5: =COUNTIF($H$2:$H$101,L5) -> 0
A6: =IF(NOT(ISBLANK(Curs!B10)),Curs!B10,"") | B6: =IF(AND(NOT(ISBLANK(Curs!C10)),OR(MAX(Curs!V10:W10)<5,MAX(Curs!V10:W10)=1)),Curs!C10,"") | G6: =IF(B6="","",ROUND(SUM(C6:F6),0)) | H6: =IF(B6="","", IF(G6=0,"n/p", IF(AND(G6>=$I$3,G6<=$J$3),$K$3, IF(AND(G6>=$I$4,G6<=$J$4),$K$4, IF(AND(G6>=$I$5,G6<=$J$5),$K$5, IF(AND(G6>=$I$6,G6<=$J$6),$K$6, IF(AND(G6>=$I$7,G6<=$J$7),$K$7, IF(AND(G6>=$I$8,G6<=$J$8),$K$8, IF(AND(G6>=$I$9,G6<=$J$9),$K$9, IF(AND(G6>=$I$10,G6<=$J$10),$K$10, IF(AND(G6>=$I$11,G6<=$J$11),$K$11))))))))))) | I6: 10 | J6: 13 | K6: 5 | L6: 4 | M6: =COUNTIF($H$2:$H$101,L6) -> 0
A7: =IF(NOT(ISBLANK(Curs!B11)),Curs!B11,"") | B7: =IF(AND(NOT(ISBLANK(Curs!C11)),OR(MAX(Curs!V11:W11)<5,MAX(Curs!V11:W11)=1)),Curs!C11,"") | G7: =IF(B7="","",ROUND(SUM(C7:F7),0)) | H7: =IF(B7="","", IF(G7=0,"n/p", IF(AND(G7>=$I$3,G7<=$J$3),$K$3, IF(AND(G7>=$I$4,G7<=$J$4),$K$4, IF(AND(G7>=$I$5,G7<=$J$5),$K$5, IF(AND(G7>=$I$6,G7<=$J$6),$K$6, IF(AND(G7>=$I$7,G7<=$J$7),$K$7, IF(AND(G7>=$I$8,G7<=$J$8),$K$8, IF(AND(G7>=$I$9,G7<=$J$9),$K$9, IF(AND(G7>=$I$10,G7<=$J$10),$K$10, IF(AND(G7>=$I$11,G7<=$J$11),$K$11))))))))))) | I7: 14 | J7: 18 | K7: 6 | L7: 5 | M7: =COUNTIF($H$2:$H$101,L7) -> 0
A8: =IF(NOT(ISBLANK(Curs!B12)),Curs!B12,"") | B8: =IF(AND(NOT(ISBLANK(Curs!C12)),OR(MAX(Curs!V12:W12)<5,MAX(Curs!V12:W12)=1)),Curs!C12,"") | G8: =IF(B8="","",ROUND(SUM(C8:F8),0)) | H8: =IF(B8="","", IF(G8=0,"n/p", IF(AND(G8>=$I$3,G8<=$J$3),$K$3, IF(AND(G8>=$I$4,G8<=$J$4),$K$4, IF(AND(G8>=$I$5,G8<=$J$5),$K$5, IF(AND(G8>=$I$6,G8<=$J$6),$K$6, IF(AND(G8>=$I$7,G8<=$J$7),$K$7, IF(AND(G8>=$I$8,G8<=$J$8),$K$8, IF(AND(G8>=$I$9,G8<=$J$9),$K$9, IF(AND(G8>=$I$10,G8<=$J$10),$K$10, IF(AND(G8>=$I$11,G8<=$J$11),$K$11))))))))))) | I8: 19 | J8: 22 | K8: 7 | L8: 6 | M8: =COUNTIF($H$2:$H$101,L8) -> 0
A9: =IF(NOT(ISBLANK(Curs!B13)),Curs!B13,"") | B9: =IF(AND(NOT(ISBLANK(Curs!C13)),OR(MAX(Curs!V13:W13)<5,MAX(Curs!V13:W13)=1)),Curs!C13,"") | G9: =IF(B9="","",ROUND(SUM(C9:F9),0)) | H9: =IF(B9="","", IF(G9=0,"n/p", IF(AND(G9>=$I$3,G9<=$J$3),$K$3, IF(AND(G9>=$I$4,G9<=$J$4),$K$4, IF(AND(G9>=$I$5,G9<=$J$5),$K$5, IF(AND(G9>=$I$6,G9<=$J$6),$K$6, IF(AND(G9>=$I$7,G9<=$J$7),$K$7, IF(AND(G9>=$I$8,G9<=$J$8),$K$8, IF(AND(G9>=$I$9,G9<=$J$9),$K$9, IF(AND(G9>=$I$10,G9<=$J$10),$K$10, IF(AND(G9>=$I$11,G9<=$J$11),$K$11))))))))))) | I9: 23 | J9: 26 | K9: 8 | L9: 7 | M9: =COUNTIF($H$2:$H$101,L9) -> 0
A10: =IF(NOT(ISBLANK(Curs!B14)),Curs!B14,"") | B10: =IF(AND(NOT(ISBLANK(Curs!C14)),OR(MAX(Curs!V14:W14)<5,MAX(Curs!V14:W14)=1)),Curs!C14,"") | G10: =IF(B10="","",ROUND(SUM(C10:F10),0)) | H10: =IF(B10="","", IF(G10=0,"n/p", IF(AND(G10>=$I$3,G10<=$J$3),$K$3, IF(AND(G10>=$I$4,G10<=$J$4),$K$4, IF(AND(G10>=$I$5,G10<=$J$5),$K$5, IF(AND(G10>=$I$6,G10<=$J$6),$K$6, IF(AND(G10>=$I$7,G10<=$J$7),$K$7, IF(AND(G10>=$I$8,G10<=$J$8),$K$8, IF(AND(G10>=$I$9,G10<=$J$9),$K$9, IF(AND(G10>=$I$10,G10<=$J$10),$K$10, IF(AND(G10>=$I$11,G10<=$J$11),$K$11))))))))))) | I10: 27 | J10: 28 | K10: 9 | L10: 8 | M10: =COUNTIF($H$2:$H$101,L10) -> 0
A11: =IF(NOT(ISBLANK(Curs!B15)),Curs!B15,"") | B11: =IF(AND(NOT(ISBLANK(Curs!C15)),OR(MAX(Curs!V15:W15)<5,MAX(Curs!V15:W15)=1)),Curs!C15,"") | G11: =IF(B11="","",ROUND(SUM(C11:F11),0)) | H11: =IF(B11="","", IF(G11=0,"n/p", IF(AND(G11>=$I$3,G11<=$J$3),$K$3, IF(AND(G11>=$I$4,G11<=$J$4),$K$4, IF(AND(G11>=$I$5,G11<=$J$5),$K$5, IF(AND(G11>=$I$6,G11<=$J$6),$K$6, IF(AND(G11>=$I$7,G11<=$J$7),$K$7, IF(AND(G11>=$I$8,G11<=$J$8),$K$8, IF(AND(G11>=$I$9,G11<=$J$9),$K$9, IF(AND(G11>=$I$10,G11<=$J$10),$K$10, IF(AND(G11>=$I$11,G11<=$J$11),$K$11))))))))))) | I11: 29 | J11: 30 | K11: 10 | L11: 9 | M11: =COUNTIF($H$2:$H$101,L11) -> 0
A12: =IF(NOT(ISBLANK(Curs!B16)),Curs!B16,"") | B12: =IF(AND(NOT(ISBLANK(Curs!C16)),OR(MAX(Curs!V16:W16)<5,MAX(Curs!V16:W16)=1)),Curs!C16,"") | G12: =IF(B12="","",ROUND(SUM(C12:F12),0)) | H12: =IF(B12="","", IF(G12=0,"n/p", IF(AND(G12>=$I$3,G12<=$J$3),$K$3, IF(AND(G12>=$I$4,G12<=$J$4),$K$4, IF(AND(G12>=$I$5,G12<=$J$5),$K$5, IF(AND(G12>=$I$6,G12<=$J$6),$K$6, IF(AND(G12>=$I$7,G12<=$J$7),$K$7, IF(AND(G12>=$I$8,G12<=$J$8),$K$8, IF(AND(G12>=$I$9,G12<=$J$9),$K$9, IF(AND(G12>=$I$10,G12<=$J$10),$K$10, IF(AND(G12>=$I$11,G12<=$J$11),$K$11))))))))))) | L12: 10 | M12: =COUNTIF($H$2:$H$101,L12) -> 0
A13: =IF(NOT(ISBLANK(Curs!B17)),Curs!B17,"") | B13: =IF(AND(NOT(ISBLANK(Curs!C17)),OR(MAX(Curs!V17:W17)<5,MAX(Curs!V17:W17)=1)),Curs!C17,"") | G13: =IF(B13="","",ROUND(SUM(C13:F13),0)) | H13: =IF(B13="","", IF(G13=0,"n/p", IF(AND(G13>=$I$3,G13<=$J$3),$K$3, IF(AND(G13>=$I$4,G13<=$J$4),$K$4, IF(AND(G13>=$I$5,G13<=$J$5),$K$5, IF(AND(G13>=$I$6,G13<=$J$6),$K$6, IF(AND(G13>=$I$7,G13<=$J$7),$K$7, IF(AND(G13>=$I$8,G13<=$J$8),$K$8, IF(AND(G13>=$I$9,G13<=$J$9),$K$9, IF(AND(G13>=$I$10,G13<=$J$10),$K$10, IF(AND(G13>=$I$11,G13<=$J$11),$K$11))))))))))) | L13: n/p | M13: =COUNTIF($H$2:$H$101,L13) -> 1
A14: =IF(NOT(ISBLANK(Curs!B18)),Curs!B18,"") | B14: =IF(AND(NOT(ISBLANK(Curs!C18)),OR(MAX(Curs!V18:W18)<5,MAX(Curs!V18:W18)=1)),Curs!C18,"") | G14: =IF(B14="","",ROUND(SUM(C14:F14),0)) | H14: =IF(B14="","", IF(G14=0,"n/p", IF(AND(G14>=$I$3,G14<=$J$3),$K$3, IF(AND(G14>=$I$4,G14<=$J$4),$K$4, IF(AND(G14>=$I$5,G14<=$J$5),$K$5, IF(AND(G14>=$I$6,G14<=$J$6),$K$6, IF(AND(G14>=$I$7,G14<=$J$7),$K$7, IF(AND(G14>=$I$8,G14<=$J$8),$K$8, IF(AND(G14>=$I$9,G14<=$J$9),$K$9, IF(AND(G14>=$I$10,G14<=$J$10),$K$10, IF(AND(G14>=$I$11,G14<=$J$11),$K$11)))))))))))
A15: =IF(NOT(ISBLANK(Curs!B19)),Curs!B19,"") | B15: =IF(AND(NOT(ISBLANK(Curs!C19)),OR(MAX(Curs!V19:W19)<5,MAX(Curs!V19:W19)=1)),Curs!C19,"") | G15: =IF(B15="","",ROUND(SUM(C15:F15),0)) | H15: =IF(B15="","", IF(G15=0,"n/p", IF(AND(G15>=$I$3,G15<=$J$3),$K$3, IF(AND(G15>=$I$4,G15<=$J$4),$K$4, IF(AND(G15>=$I$5,G15<=$J$5),$K$5, IF(AND(G15>=$I$6,G15<=$J$6),$K$6, IF(AND(G15>=$I$7,G15<=$J$7),$K$7, IF(AND(G15>=$I$8,G15<=$J$8),$K$8, IF(AND(G15>=$I$9,G15<=$J$9),$K$9, IF(AND(G15>=$I$10,G15<=$J$10),$K$10, IF(AND(G15>=$I$11,G15<=$J$11),$K$11)))))))))))
A16: =IF(NOT(ISBLANK(Curs!B20)),Curs!B20,"") | B16: =IF(AND(NOT(ISBLANK(Curs!C20)),OR(MAX(Curs!V20:W20)<5,MAX(Curs!V20:W20)=1)),Curs!C20,"") | G16: =IF(B16="","",ROUND(SUM(C16:F16),0)) | H16: =IF(B16="","", IF(G16=0,"n/p", IF(AND(G16>=$I$3,G16<=$J$3),$K$3, IF(AND(G16>=$I$4,G16<=$J$4),$K$4, IF(AND(G16>=$I$5,G16<=$J$5),$K$5, IF(AND(G16>=$I$6,G16<=$J$6),$K$6, IF(AND(G16>=$I$7,G16<=$J$7),$K$7, IF(AND(G16>=$I$8,G16<=$J$8),$K$8, IF(AND(G16>=$I$9,G16<=$J$9),$K$9, IF(AND(G16>=$I$10,G16<=$J$10),$K$10, IF(AND(G16>=$I$11,G16<=$J$11),$K$11)))))))))))
A17: =IF(NOT(ISBLANK(Curs!B21)),Curs!B21,"") | B17: =IF(AND(NOT(ISBLANK(Curs!C21)),OR(MAX(Curs!V21:W21)<5,MAX(Curs!V21:W21)=1)),Curs!C21,"") | G17: =IF(B17="","",ROUND(SUM(C17:F17),0)) | H17: =IF(B17="","", IF(G17=0,"n/p", IF(AND(G17>=$I$3,G17<=$J$3),$K$3, IF(AND(G17>=$I$4,G17<=$J$4),$K$4, IF(AND(G17>=$I$5,G17<=$J$5),$K$5, IF(AND(G17>=$I$6,G17<=$J$6),$K$6, IF(AND(G17>=$I$7,G17<=$J$7),$K$7, IF(AND(G17>=$I$8,G17<=$J$8),$K$8, IF(AND(G17>=$I$9,G17<=$J$9),$K$9, IF(AND(G17>=$I$10,G17<=$J$10),$K$10, IF(AND(G17>=$I$11,G17<=$J$11),$K$11)))))))))))
A18: =IF(NOT(ISBLANK(Curs!B22)),Curs!B22,"") | B18: =IF(AND(NOT(ISBLANK(Curs!C22)),OR(MAX(Curs!V22:W22)<5,MAX(Curs!V22:W22)=1)),Curs!C22,"") | G18: =IF(B18="","",ROUND(SUM(C18:F18),0)) | H18: =IF(B18="","", IF(G18=0,"n/p", IF(AND(G18>=$I$3,G18<=$J$3),$K$3, IF(AND(G18>=$I$4,G18<=$J$4),$K$4, IF(AND(G18>=$I$5,G18<=$J$5),$K$5, IF(AND(G18>=$I$6,G18<=$J$6),$K$6, IF(AND(G18>=$I$7,G18<=$J$7),$K$7, IF(AND(G18>=$I$8,G18<=$J$8),$K$8, IF(AND(G18>=$I$9,G18<=$J$9),$K$9, IF(AND(G18>=$I$10,G18<=$J$10),$K$10, IF(AND(G18>=$I$11,G18<=$J$11),$K$11)))))))))))
A19: =IF(NOT(ISBLANK(Curs!B23)),Curs!B23,"") | B19: =IF(AND(NOT(ISBLANK(Curs!C23)),OR(MAX(Curs!V23:W23)<5,MAX(Curs!V23:W23)=1)),Curs!C23,"") | G19: =IF(B19="","",ROUND(SUM(C19:F19),0)) | H19: =IF(B19="","", IF(G19=0,"n/p", IF(AND(G19>=$I$3,G19<=$J$3),$K$3, IF(AND(G19>=$I$4,G19<=$J$4),$K$4, IF(AND(G19>=$I$5,G19<=$J$5),$K$5, IF(AND(G19>=$I$6,G19<=$J$6),$K$6, IF(AND(G19>=$I$7,G19<=$J$7),$K$7, IF(AND(G19>=$I$8,G19<=$J$8),$K$8, IF(AND(G19>=$I$9,G19<=$J$9),$K$9, IF(AND(G19>=$I$10,G19<=$J$10),$K$10, IF(AND(G19>=$I$11,G19<=$J$11),$K$11)))))))))))
A20: =IF(NOT(ISBLANK(Curs!B24)),Curs!B24,"") | B20: =IF(AND(NOT(ISBLANK(Curs!C24)),OR(MAX(Curs!V24:W24)<5,MAX(Curs!V24:W24)=1)),Curs!C24,"") | G20: =IF(B20="","",ROUND(SUM(C20:F20),0)) | H20: =IF(B20="","", IF(G20=0,"n/p", IF(AND(G20>=$I$3,G20<=$J$3),$K$3, IF(AND(G20>=$I$4,G20<=$J$4),$K$4, IF(AND(G20>=$I$5,G20<=$J$5),$K$5, IF(AND(G20>=$I$6,G20<=$J$6),$K$6, IF(AND(G20>=$I$7,G20<=$J$7),$K$7, IF(AND(G20>=$I$8,G20<=$J$8),$K$8, IF(AND(G20>=$I$9,G20<=$J$9),$K$9, IF(AND(G20>=$I$10,G20<=$J$10),$K$10, IF(AND(G20>=$I$11,G20<=$J$11),$K$11)))))))))))
A21: =IF(NOT(ISBLANK(Curs!B25)),Curs!B25,"") | B21: =IF(AND(NOT(ISBLANK(Curs!C25)),OR(MAX(Curs!V25:W25)<5,MAX(Curs!V25:W25)=1)),Curs!C25,"") | G21: =IF(B21="","",ROUND(SUM(C21:F21),0)) | H21: =IF(B21="","", IF(G21=0,"n/p", IF(AND(G21>=$I$3,G21<=$J$3),$K$3, IF(AND(G21>=$I$4,G21<=$J$4),$K$4, IF(AND(G21>=$I$5,G21<=$J$5),$K$5, IF(AND(G21>=$I$6,G21<=$J$6),$K$6, IF(AND(G21>=$I$7,G21<=$J$7),$K$7, IF(AND(G21>=$I$8,G21<=$J$8),$K$8, IF(AND(G21>=$I$9,G21<=$J$9),$K$9, IF(AND(G21>=$I$10,G21<=$J$10),$K$10, IF(AND(G21>=$I$11,G21<=$J$11),$K$11)))))))))))
A22: =IF(NOT(ISBLANK(Curs!B26)),Curs!B26,"") | B22: =IF(AND(NOT(ISBLANK(Curs!C26)),OR(MAX(Curs!V26:W26)<5,MAX(Curs!V26:W26)=1)),Curs!C26,"") | G22: =IF(B22="","",ROUND(SUM(C22:F22),0)) | H22: =IF(B22="","", IF(G22=0,"n/p", IF(AND(G22>=$I$3,G22<=$J$3),$K$3, IF(AND(G22>=$I$4,G22<=$J$4),$K$4, IF(AND(G22>=$I$5,G22<=$J$5),$K$5, IF(AND(G22>=$I$6,G22<=$J$6),$K$6, IF(AND(G22>=$I$7,G22<=$J$7),$K$7, IF(AND(G22>=$I$8,G22<=$J$8),$K$8, IF(AND(G22>=$I$9,G22<=$J$9),$K$9, IF(AND(G22>=$I$10,G22<=$J$10),$K$10, IF(AND(G22>=$I$11,G22<=$J$11),$K$11)))))))))))
A23: =IF(NOT(ISBLANK(Curs!B27)),Curs!B27,"") | B23: =IF(AND(NOT(ISBLANK(Curs!C27)),OR(MAX(Curs!V27:W27)<5,MAX(Curs!V27:W27)=1)),Curs!C27,"") | G23: =IF(B23="","",ROUND(SUM(C23:F23),0)) | H23: =IF(B23="","", IF(G23=0,"n/p", IF(AND(G23>=$I$3,G23<=$J$3),$K$3, IF(AND(G23>=$I$4,G23<=$J$4),$K$4, IF(AND(G23>=$I$5,G23<=$J$5),$K$5, IF(AND(G23>=$I$6,G23<=$J$6),$K$6, IF(AND(G23>=$I$7,G23<=$J$7),$K$7, IF(AND(G23>=$I$8,G23<=$J$8),$K$8, IF(AND(G23>=$I$9,G23<=$J$9),$K$9, IF(AND(G23>=$I$10,G23<=$J$10),$K$10, IF(AND(G23>=$I$11,G23<=$J$11),$K$11)))))))))))
A24: =IF(NOT(ISBLANK(Curs!B28)),Curs!B28,"") | B24: =IF(AND(NOT(ISBLANK(Curs!C28)),OR(MAX(Curs!V28:W28)<5,MAX(Curs!V28:W28)=1)),Curs!C28,"") | G24: =IF(B24="","",ROUND(SUM(C24:F24),0)) | H24: =IF(B24="","", IF(G24=0,"n/p", IF(AND(G24>=$I$3,G24<=$J$3),$K$3, IF(AND(G24>=$I$4,G24<=$J$4),$K$4, IF(AND(G24>=$I$5,G24<=$J$5),$K$5, IF(AND(G24>=$I$6,G24<=$J$6),$K$6, IF(AND(G24>=$I$7,G24<=$J$7),$K$7, IF(AND(G24>=$I$8,G24<=$J$8),$K$8, IF(AND(G24>=$I$9,G24<=$J$9),$K$9, IF(AND(G24>=$I$10,G24<=$J$10),$K$10, IF(AND(G24>=$I$11,G24<=$J$11),$K$11)))))))))))
A25: =IF(NOT(ISBLANK(Curs!B29)),Curs!B29,"") | B25: =IF(AND(NOT(ISBLANK(Curs!C29)),OR(MAX(Curs!V29:W29)<5,MAX(Curs!V29:W29)=1)),Curs!C29,"") | G25: =IF(B25="","",ROUND(SUM(C25:F25),0)) | H25: =IF(B25="","", IF(G25=0,"n/p", IF(AND(G25>=$I$3,G25<=$J$3),$K$3, IF(AND(G25>=$I$4,G25<=$J$4),$K$4, IF(AND(G25>=$I$5,G25<=$J$5),$K$5, IF(AND(G25>=$I$6,G25<=$J$6),$K$6, IF(AND(G25>=$I$7,G25<=$J$7),$K$7, IF(AND(G25>=$I$8,G25<=$J$8),$K$8, IF(AND(G25>=$I$9,G25<=$J$9),$K$9, IF(AND(G25>=$I$10,G25<=$J$10),$K$10, IF(AND(G25>=$I$11,G25<=$J$11),$K$11)))))))))))
... A105: =IF(NOT(ISBLANK(Curs!B109)),Curs!B109,"") | B105: =IF(AND(NOT(ISBLANK(Curs!C109)),OR(MAX(Curs!V109:W109)<5,MAX(Curs!V109:W109)=1)),Curs!C109,"") | G105: =IF(B105="","",ROUND(SUM(C105:F105),0)) | H105: =IF(B105="","", IF(G105=0,"n/p", IF(AND(G105>=$I$3,G105<=$J$3),$K$3, IF(AND(G105>=$I$4,G105<=$J$4),$K$4, IF(AND(G105>=$I$5,G105<=$J$5),$K$5, IF(AND(G105>=$I$6,G105<=$J$6),$K$6, IF(AND(G105>=$I$7,G105<=$J$7),$K$7, IF(AND(G105>=$I$8,G105<=$J$8),$K$8, IF(AND(G105>=$I$9,G105<=$J$9),$K$9, IF(AND(G105>=$I$10,G105<=$J$10),$K$10, IF(AND(G105>=$I$11,G105<=$J$11),$K$11)))))))))))

Sheet Atest. Nr.2_1
A1: Nr. | B1: Nume, Prenume | C1: 1_x000D_ 10 p | D1: 2 2p | E1: 3 4p | F1: 4 4p | G1: 5 10p | H1: Pctj Total | I1: Nota | J1: Baremul de evaluare | M1: Statistica
A2: =IF(NOT(ISBLANK(Curs!B6)),Curs!B6,"") -> 1 | B2: =IF(NOT(ISBLANK(Curs!C6)),Curs!C6,"") -> Nume, Prenume | H2: =IF(B2="","",ROUND(SUM(C2:G2),0)) -> 0 | I2: =IF(B2="","", IF(H2=0,"n/p", IF(AND(H2>=$J$3,H2<=$K$3),$L$3, IF(AND(H2>=$J$4,H2<=$K$4),$L$4, IF(AND(H2>=$J$5,H2<=$K$5),$L$5, IF(AND(H2>=$J$6,H2<=$K$6),$L$6, IF(AND(H2>=$J$7,H2<=$K$7),$L$7, IF(AND(H2>=$J$8,H2<=$K$8),$L$8, IF(AND(H2>=$J$9,H2<=$K$9),$L$9, IF(AND(H2>=$J$10,H2<=$K$10),$L$10, IF(AND(H2>=$J$11,H2<=$K$11),$L$11))))))))))) -> n/p | J2: Punctajul acumulat | L2: Nota | M2: Nota | N2: Nr de note
A3: =IF(NOT(ISBLANK(Curs!B7)),Curs!B7,"") | B3: =IF(NOT(ISBLANK(Curs!C7)),Curs!C7,"") | H3: =IF(B3="","",ROUND(SUM(C3:G3),0)) | I3: =IF(B3="","", IF(H3=0,"n/p", IF(AND(H3>=$J$3,H3<=$K$3),$L$3, IF(AND(H3>=$J$4,H3<=$K$4),$L$4, IF(AND(H3>=$J$5,H3<=$K$5),$L$5, IF(AND(H3>=$J$6,H3<=$K$6),$L$6, IF(AND(H3>=$J$7,H3<=$K$7),$L$7, IF(AND(H3>=$J$8,H3<=$K$8),$L$8, IF(AND(H3>=$J$9,H3<=$K$9),$L$9, IF(AND(H3>=$J$10,H3<=$K$10),$L$10, IF(AND(H3>=$J$11,H3<=$K$11),$L$11))))))))))) | J3: 0 | K3: 3 | L3: 2 | M3: 1 | N3: =COUNTIF($I$2:$I$101,M3) -> 0
A4: =IF(NOT(ISBLANK(Curs!B8)),Curs!B8,"") | B4: =IF(NOT(ISBLANK(Curs!C8)),Curs!C8,"") | H4: =IF(B4="","",ROUND(SUM(C4:G4),0)) | I4: =IF(B4="","", IF(H4=0,"n/p", IF(AND(H4>=$J$3,H4<=$K$3),$L$3, IF(AND(H4>=$J$4,H4<=$K$4),$L$4, IF(AND(H4>=$J$5,H4<=$K$5),$L$5, IF(AND(H4>=$J$6,H4<=$K$6),$L$6, IF(AND(H4>=$J$7,H4<=$K$7),$L$7, IF(AND(H4>=$J$8,H4<=$K$8),$L$8, IF(AND(H4>=$J$9,H4<=$K$9),$L$9, IF(AND(H4>=$J$10,H4<=$K$10),$L$10, IF(AND(H4>=$J$11,H4<=$K$11),$L$11))))))))))) | J4: 4 | K4: 5 | L4: 3 | M4: 2 | N4: =COUNTIF($I$2:$I$101,M4) -> 0
A5: =IF(NOT(ISBLANK(Curs!B9)),Curs!B9,"") | B5: =IF(NOT(ISBLANK(Curs!C9)),Curs!C9,"") | H5: =IF(B5="","",ROUND(SUM(C5:G5),0)) | I5: =IF(B5="","", IF(H5=0,"n/p", IF(AND(H5>=$J$3,H5<=$K$3),$L$3, IF(AND(H5>=$J$4,H5<=$K$4),$L$4, IF(AND(H5>=$J$5,H5<=$K$5),$L$5, IF(AND(H5>=$J$6,H5<=$K$6),$L$6, IF(AND(H5>=$J$7,H5<=$K$7),$L$7, IF(AND(H5>=$J$8,H5<=$K$8),$L$8, IF(AND(H5>=$J$9,H5<=$K$9),$L$9, IF(AND(H5>=$J$10,H5<=$K$10),$L$10, IF(AND(H5>=$J$11,H5<=$K$11),$L$11))))))))))) | J5: 6 | K5: 9 | L5: 4 | M5: 3 | N5: =COUNTIF($I$2:$I$101,M5) -> 0
A6: =IF(NOT(ISBLANK(Curs!B10)),Curs!B10,"") | B6: =IF(NOT(ISBLANK(Curs!C10)),Curs!C10,"") | H6: =IF(B6="","",ROUND(SUM(C6:G6),0)) | I6: =IF(B6="","", IF(H6=0,"n/p", IF(AND(H6>=$J$3,H6<=$K$3),$L$3, IF(AND(H6>=$J$4,H6<=$K$4),$L$4, IF(AND(H6>=$J$5,H6<=$K$5),$L$5, IF(AND(H6>=$J$6,H6<=$K$6),$L$6, IF(AND(H6>=$J$7,H6<=$K$7),$L$7, IF(AND(H6>=$J$8,H6<=$K$8),$L$8, IF(AND(H6>=$J$9,H6<=$K$9),$L$9, IF(AND(H6>=$J$10,H6<=$K$10),$L$10, IF(AND(H6>=$J$11,H6<=$K$11),$L$11))))))))))) | J6: 10 | K6: 13 | L6: 5 | M6: 4 | N6: =COUNTIF($I$2:$I$101,M6) -> 0
A7: =IF(NOT(ISBLANK(Curs!B11)),Curs!B11,"") | B7: =IF(NOT(ISBLANK(Curs!C11)),Curs!C11,"") | H7: =IF(B7="","",ROUND(SUM(C7:G7),0)) | I7: =IF(B7="","", IF(H7=0,"n/p", IF(AND(H7>=$J$3,H7<=$K$3),$L$3, IF(AND(H7>=$J$4,H7<=$K$4),$L$4, IF(AND(H7>=$J$5,H7<=$K$5),$L$5, IF(AND(H7>=$J$6,H7<=$K$6),$L$6, IF(AND(H7>=$J$7,H7<=$K$7),$L$7, IF(AND(H7>=$J$8,H7<=$K$8),$L$8, IF(AND(H7>=$J$9,H7<=$K$9),$L$9, IF(AND(H7>=$J$10,H7<=$K$10),$L$10, IF(AND(H7>=$J$11,H7<=$K$11),$L$11))))))))))) | J7: 14 | K7: 18 | L7: 6 | M7: 5 | N7: =COUNTIF($I$2:$I$101,M7) -> 0
A8: =IF(NOT(ISBLANK(Curs!B12)),Curs!B12,"") | B8: =IF(NOT(ISBLANK(Curs!C12)),Curs!C12,"") | H8: =IF(B8="","",ROUND(SUM(C8:G8),0)) | I8: =IF(B8="","", IF(H8=0,"n/p", IF(AND(H8>=$J$3,H8<=$K$3),$L$3, IF(AND(H8>=$J$4,H8<=$K$4),$L$4, IF(AND(H8>=$J$5,H8<=$K$5),$L$5, IF(AND(H8>=$J$6,H8<=$K$6),$L$6, IF(AND(H8>=$J$7,H8<=$K$7),$L$7, IF(AND(H8>=$J$8,H8<=$K$8),$L$8, IF(AND(H8>=$J$9,H8<=$K$9),$L$9, IF(AND(H8>=$J$10,H8<=$K$10),$L$10, IF(AND(H8>=$J$11,H8<=$K$11),$L$11))))))))))) | J8: 19 | K8: 22 | L8: 7 | M8: 6 | N8: =COUNTIF($I$2:$I$101,M8) -> 0
A9: =IF(NOT(ISBLANK(Curs!B13)),Curs!B13,"") | B9: =IF(NOT(ISBLANK(Curs!C13)),Curs!C13,"") | H9: =IF(B9="","",ROUND(SUM(C9:G9),0)) | I9: =IF(B9="","", IF(H9=0,"n/p", IF(AND(H9>=$J$3,H9<=$K$3),$L$3, IF(AND(H9>=$J$4,H9<=$K$4),$L$4, IF(AND(H9>=$J$5,H9<=$K$5),$L$5, IF(AND(H9>=$J$6,H9<=$K$6),$L$6, IF(AND(H9>=$J$7,H9<=$K$7),$L$7, IF(AND(H9>=$J$8,H9<=$K$8),$L$8, IF(AND(H9>=$J$9,H9<=$K$9),$L$9, IF(AND(H9>=$J$10,H9<=$K$10),$L$10, IF(AND(H9>=$J$11,H9<=$K$11),$L$11))))))))))) | J9: 23 | K9: 26 | L9: 8 | M9: 7 | N9: =COUNTIF($I$2:$I$101,M9) -> 0
A10: =IF(NOT(ISBLANK(Curs!B14)),Curs!B14,"") | B10: =IF(NOT(ISBLANK(Curs!C14)),Curs!C14,"") | H10: =IF(B10="","",ROUND(SUM(C10:G10),0)) | I10: =IF(B10="","", IF(H10=0,"n/p", IF(AND(H10>=$J$3,H10<=$K$3),$L$3, IF(AND(H10>=$J$4,H10<=$K$4),$L$4, IF(AND(H10>=$J$5,H10<=$K$5),$L$5, IF(AND(H10>=$J$6,H10<=$K$6),$L$6, IF(AND(H10>=$J$7,H10<=$K$7),$L$7, IF(AND(H10>=$J$8,H10<=$K$8),$L$8, IF(AND(H10>=$J$9,H10<=$K$9),$L$9, IF(AND(H10>=$J$10,H10<=$K$10),$L$10, IF(AND(H10>=$J$11,H10<=$K$11),$L$11))))))))))) | J10: 27 | K10: 28 | L10: 9 | M10: 8 | N10: =COUNTIF($I$2:$I$101,M10) -> 0
A11: =IF(NOT(ISBLANK(Curs!B15)),Curs!B15,"") | B11: =IF(NOT(ISBLANK(Curs!C15)),Curs!C15,"") | H11: =IF(B11="","",ROUND(SUM(C11:G11),0)) | I11: =IF(B11="","", IF(H11=0,"n/p", IF(AND(H11>=$J$3,H11<=$K$3),$L$3, IF(AND(H11>=$J$4,H11<=$K$4),$L$4, IF(AND(H11>=$J$5,H11<=$K$5),$L$5, IF(AND(H11>=$J$6,H11<=$K$6),$L$6, IF(AND(H11>=$J$7,H11<=$K$7),$L$7, IF(AND(H11>=$J$8,H11<=$K$8),$L$8, IF(AND(H11>=$J$9,H11<=$K$9),$L$9, IF(AND(H11>=$J$10,H11<=$K$10),$L$10, IF(AND(H11>=$J$11,H11<=$K$11),$L$11))))))))))) | J11: 29 | K11: 30 | L11: 10 | M11: 9 | N11: =COUNTIF($I$2:$I$101,M11) -> 0
A12: =IF(NOT(ISBLANK(Curs!B16)),Curs!B16,"") | B12: =IF(NOT(ISBLANK(Curs!C16)),Curs!C16,"") | H12: =IF(B12="","",ROUND(SUM(C12:G12),0)) | I12: =IF(B12="","", IF(H12=0,"n/p", IF(AND(H12>=$J$3,H12<=$K$3),$L$3, IF(AND(H12>=$J$4,H12<=$K$4),$L$4, IF(AND(H12>=$J$5,H12<=$K$5),$L$5, IF(AND(H12>=$J$6,H12<=$K$6),$L$6, IF(AND(H12>=$J$7,H12<=$K$7),$L$7, IF(AND(H12>=$J$8,H12<=$K$8),$L$8, IF(AND(H12>=$J$9,H12<=$K$9),$L$9, IF(AND(H12>=$J$10,H12<=$K$10),$L$10, IF(AND(H12>=$J$11,H12<=$K$11),$L$11))))))))))) | M12: 10 | N12: =COUNTIF($I$2:$I$101,M12) -> 0
A13: =IF(NOT(ISBLANK(Curs!B17)),Curs!B17,"") | B13: =IF(NOT(ISBLANK(Curs!C17)),Curs!C17,"") | H13: =IF(B13="","",ROUND(SUM(C13:G13),0)) | I13: =IF(B13="","", IF(H13=0,"n/p", IF(AND(H13>=$J$3,H13<=$K$3),$L$3, IF(AND(H13>=$J$4,H13<=$K$4),$L$4, IF(AND(H13>=$J$5,H13<=$K$5),$L$5, IF(AND(H13>=$J$6,H13<=$K$6),$L$6, IF(AND(H13>=$J$7,H13<=$K$7),$L$7, IF(AND(H13>=$J$8,H13<=$K$8),$L$8, IF(AND(H13>=$J$9,H13<=$K$9),$L$9, IF(AND(H13>=$J$10,H13<=$K$10),$L$10, IF(AND(H13>=$J$11,H13<=$K$11),$L$11))))))))))) | M13: n/p | N13: =COUNTIF($I$2:$I$101,M13) -> 1
A14: =IF(NOT(ISBLANK(Curs!B18)),Curs!B18,"") | B14: =IF(NOT(ISBLANK(Curs!C18)),Curs!C18,"") | H14: =IF(B14="","",ROUND(SUM(C14:G14),0)) | I14: =IF(B14="","", IF(H14=0,"n/p", IF(AND(H14>=$J$3,H14<=$K$3),$L$3, IF(AND(H14>=$J$4,H14<=$K$4),$L$4, IF(AND(H14>=$J$5,H14<=$K$5),$L$5, IF(AND(H14>=$J$6,H14<=$K$6),$L$6, IF(AND(H14>=$J$7,H14<=$K$7),$L$7, IF(AND(H14>=$J$8,H14<=$K$8),$L$8, IF(AND(H14>=$J$9,H14<=$K$9),$L$9, IF(AND(H14>=$J$10,H14<=$K$10),$L$10, IF(AND(H14>=$J$11,H14<=$K$11),$L$11)))))))))))
A15: =IF(NOT(ISBLANK(Curs!B19)),Curs!B19,"") | B15: =IF(NOT(ISBLANK(Curs!C19)),Curs!C19,"") | H15: =IF(B15="","",ROUND(SUM(C15:G15),0)) | I15: =IF(B15="","", IF(H15=0,"n/p", IF(AND(H15>=$J$3,H15<=$K$3),$L$3, IF(AND(H15>=$J$4,H15<=$K$4),$L$4, IF(AND(H15>=$J$5,H15<=$K$5),$L$5, IF(AND(H15>=$J$6,H15<=$K$6),$L$6, IF(AND(H15>=$J$7,H15<=$K$7),$L$7, IF(AND(H15>=$J$8,H15<=$K$8),$L$8, IF(AND(H15>=$J$9,H15<=$K$9),$L$9, IF(AND(H15>=$J$10,H15<=$K$10),$L$10, IF(AND(H15>=$J$11,H15<=$K$11),$L$11)))))))))))
A16: =IF(NOT(ISBLANK(Curs!B20)),Curs!B20,"") | B16: =IF(NOT(ISBLANK(Curs!C20)),Curs!C20,"") | H16: =IF(B16="","",ROUND(SUM(C16:G16),0)) | I16: =IF(B16="","", IF(H16=0,"n/p", IF(AND(H16>=$J$3,H16<=$K$3),$L$3, IF(AND(H16>=$J$4,H16<=$K$4),$L$4, IF(AND(H16>=$J$5,H16<=$K$5),$L$5, IF(AND(H16>=$J$6,H16<=$K$6),$L$6, IF(AND(H16>=$J$7,H16<=$K$7),$L$7, IF(AND(H16>=$J$8,H16<=$K$8),$L$8, IF(AND(H16>=$J$9,H16<=$K$9),$L$9, IF(AND(H16>=$J$10,H16<=$K$10),$L$10, IF(AND(H16>=$J$11,H16<=$K$11),$L$11)))))))))))
A17: =IF(NOT(ISBLANK(Curs!B21)),Curs!B21,"") | B17: =IF(NOT(ISBLANK(Curs!C21)),Curs!C21,"") | H17: =IF(B17="","",ROUND(SUM(C17:G17),0)) | I17: =IF(B17="","", IF(H17=0,"n/p", IF(AND(H17>=$J$3,H17<=$K$3),$L$3, IF(AND(H17>=$J$4,H17<=$K$4),$L$4, IF(AND(H17>=$J$5,H17<=$K$5),$L$5, IF(AND(H17>=$J$6,H17<=$K$6),$L$6, IF(AND(H17>=$J$7,H17<=$K$7),$L$7, IF(AND(H17>=$J$8,H17<=$K$8),$L$8, IF(AND(H17>=$J$9,H17<=$K$9),$L$9, IF(AND(H17>=$J$10,H17<=$K$10),$L$10, IF(AND(H17>=$J$11,H17<=$K$11),$L$11)))))))))))
A18: =IF(NOT(ISBLANK(Curs!B22)),Curs!B22,"") | B18: =IF(NOT(ISBLANK(Curs!C22)),Curs!C22,"") | H18: =IF(B18="","",ROUND(SUM(C18:G18),0)) | I18: =IF(B18="","", IF(H18=0,"n/p", IF(AND(H18>=$J$3,H18<=$K$3),$L$3, IF(AND(H18>=$J$4,H18<=$K$4),$L$4, IF(AND(H18>=$J$5,H18<=$K$5),$L$5, IF(AND(H18>=$J$6,H18<=$K$6),$L$6, IF(AND(H18>=$J$7,H18<=$K$7),$L$7, IF(AND(H18>=$J$8,H18<=$K$8),$L$8, IF(AND(H18>=$J$9,H18<=$K$9),$L$9, IF(AND(H18>=$J$10,H18<=$K$10),$L$10, IF(AND(H18>=$J$11,H18<=$K$11),$L$11)))))))))))
A19: =IF(NOT(ISBLANK(Curs!B23)),Curs!B23,"") | B19: =IF(NOT(ISBLANK(Curs!C23)),Curs!C23,"") | H19: =IF(B19="","",ROUND(SUM(C19:G19),0)) | I19: =IF(B19="","", IF(H19=0,"n/p", IF(AND(H19>=$J$3,H19<=$K$3),$L$3, IF(AND(H19>=$J$4,H19<=$K$4),$L$4, IF(AND(H19>=$J$5,H19<=$K$5),$L$5, IF(AND(H19>=$J$6,H19<=$K$6),$L$6, IF(AND(H19>=$J$7,H19<=$K$7),$L$7, IF(AND(H19>=$J$8,H19<=$K$8),$L$8, IF(AND(H19>=$J$9,H19<=$K$9),$L$9, IF(AND(H19>=$J$10,H19<=$K$10),$L$10, IF(AND(H19>=$J$11,H19<=$K$11),$L$11)))))))))))
A20: =IF(NOT(ISBLANK(Curs!B24)),Curs!B24,"") | B20: =IF(NOT(ISBLANK(Curs!C24)),Curs!C24,"") | H20: =IF(B20="","",ROUND(SUM(C20:G20),0)) | I20: =IF(B20="","", IF(H20=0,"n/p", IF(AND(H20>=$J$3,H20<=$K$3),$L$3, IF(AND(H20>=$J$4,H20<=$K$4),$L$4, IF(AND(H20>=$J$5,H20<=$K$5),$L$5, IF(AND(H20>=$J$6,H20<=$K$6),$L$6, IF(AND(H20>=$J$7,H20<=$K$7),$L$7, IF(AND(H20>=$J$8,H20<=$K$8),$L$8, IF(AND(H20>=$J$9,H20<=$K$9),$L$9, IF(AND(H20>=$J$10,H20<=$K$10),$L$10, IF(AND(H20>=$J$11,H20<=$K$11),$L$11)))))))))))
A21: =IF(NOT(ISBLANK(Curs!B25)),Curs!B25,"") | B21: =IF(NOT(ISBLANK(Curs!C25)),Curs!C25,"") | H21: =IF(B21="","",ROUND(SUM(C21:G21),0)) | I21: =IF(B21="","", IF(H21=0,"n/p", IF(AND(H21>=$J$3,H21<=$K$3),$L$3, IF(AND(H21>=$J$4,H21<=$K$4),$L$4, IF(AND(H21>=$J$5,H21<=$K$5),$L$5, IF(AND(H21>=$J$6,H21<=$K$6),$L$6, IF(AND(H21>=$J$7,H21<=$K$7),$L$7, IF(AND(H21>=$J$8,H21<=$K$8),$L$8, IF(AND(H21>=$J$9,H21<=$K$9),$L$9, IF(AND(H21>=$J$10,H21<=$K$10),$L$10, IF(AND(H21>=$J$11,H21<=$K$11),$L$11)))))))))))
A22: =IF(NOT(ISBLANK(Curs!B26)),Curs!B26,"") | B22: =IF(NOT(ISBLANK(Curs!C26)),Curs!C26,"") | H22: =IF(B22="","",ROUND(SUM(C22:G22),0)) | I22: =IF(B22="","", IF(H22=0,"n/p", IF(AND(H22>=$J$3,H22<=$K$3),$L$3, IF(AND(H22>=$J$4,H22<=$K$4),$L$4, IF(AND(H22>=$J$5,H22<=$K$5),$L$5, IF(AND(H22>=$J$6,H22<=$K$6),$L$6, IF(AND(H22>=$J$7,H22<=$K$7),$L$7, IF(AND(H22>=$J$8,H22<=$K$8),$L$8, IF(AND(H22>=$J$9,H22<=$K$9),$L$9, IF(AND(H22>=$J$10,H22<=$K$10),$L$10, IF(AND(H22>=$J$11,H22<=$K$11),$L$11)))))))))))
A23: =IF(NOT(ISBLANK(Curs!B27)),Curs!B27,"") | B23: =IF(NOT(ISBLANK(Curs!C27)),Curs!C27,"") | H23: =IF(B23="","",ROUND(SUM(C23:G23),0)) | I23: =IF(B23="","", IF(H23=0,"n/p", IF(AND(H23>=$J$3,H23<=$K$3),$L$3, IF(AND(H23>=$J$4,H23<=$K$4),$L$4, IF(AND(H23>=$J$5,H23<=$K$5),$L$5, IF(AND(H23>=$J$6,H23<=$K$6),$L$6, IF(AND(H23>=$J$7,H23<=$K$7),$L$7, IF(AND(H23>=$J$8,H23<=$K$8),$L$8, IF(AND(H23>=$J$9,H23<=$K$9),$L$9, IF(AND(H23>=$J$10,H23<=$K$10),$L$10, IF(AND(H23>=$J$11,H23<=$K$11),$L$11)))))))))))
A24: =IF(NOT(ISBLANK(Curs!B28)),Curs!B28,"") | B24: =IF(NOT(ISBLANK(Curs!C28)),Curs!C28,"") | H24: =IF(B24="","",ROUND(SUM(C24:G24),0)) | I24: =IF(B24="","", IF(H24=0,"n/p", IF(AND(H24>=$J$3,H24<=$K$3),$L$3, IF(AND(H24>=$J$4,H24<=$K$4),$L$4, IF(AND(H24>=$J$5,H24<=$K$5),$L$5, IF(AND(H24>=$J$6,H24<=$K$6),$L$6, IF(AND(H24>=$J$7,H24<=$K$7),$L$7, IF(AND(H24>=$J$8,H24<=$K$8),$L$8, IF(AND(H24>=$J$9,H24<=$K$9),$L$9, IF(AND(H24>=$J$10,H24<=$K$10),$L$10, IF(AND(H24>=$J$11,H24<=$K$11),$L$11)))))))))))
A25: =IF(NOT(ISBLANK(Curs!B29)),Curs!B29,"") | B25: =IF(NOT(ISBLANK(Curs!C29)),Curs!C29,"") | H25: =IF(B25="","",ROUND(SUM(C25:G25),0)) | I25: =IF(B25="","", IF(H25=0,"n/p", IF(AND(H25>=$J$3,H25<=$K$3),$L$3, IF(AND(H25>=$J$4,H25<=$K$4),$L$4, IF(AND(H25>=$J$5,H25<=$K$5),$L$5, IF(AND(H25>=$J$6,H25<=$K$6),$L$6, IF(AND(H25>=$J$7,H25<=$K$7),$L$7, IF(AND(H25>=$J$8,H25<=$K$8),$L$8, IF(AND(H25>=$J$9,H25<=$K$9),$L$9, IF(AND(H25>=$J$10,H25<=$K$10),$L$10, IF(AND(H25>=$J$11,H25<=$K$11),$L$11)))))))))))
... A105: =IF(NOT(ISBLANK(Curs!B109)),Curs!B109,"") | B105: =IF(NOT(ISBLANK(Curs!C109)),Curs!C109,"") | H105: =IF(B105="","",ROUND(SUM(C105:G105),0)) | I105: =IF(B105="","", IF(H105=0,"n/p", IF(AND(H105>=$J$3,H105<=$K$3),$L$3, IF(AND(H105>=$J$4,H105<=$K$4),$L$4, IF(AND(H105>=$J$5,H105<=$K$5),$L$5, IF(AND(H105>=$J$6,H105<=$K$6),$L$6, IF(AND(H105>=$J$7,H105<=$K$7),$L$7, IF(AND(H105>=$J$8,H105<=$K$8),$L$8, IF(AND(H105>=$J$9,H105<=$K$9),$L$9, IF(AND(H105>=$J$10,H105<=$K$10),$L$10, IF(AND(H105>=$J$11,H105<=$K$11),$L$11)))))))))))

Sheet Atest. Nr.2_2
A1: Nr. | B1: Nume, Prenume | C1: 1_x000D_ 10 p | D1: 2 2p | E1: 3 4p | F1: 4 4p | G1: 5 10p | H1: Pctj Total | I1: Nota | J1: Baremul de evaluare | M1: Statistica
A2: =IF(NOT(ISBLANK(Curs!B6)),Curs!B6,"") -> 1 | B2: =IF(AND(NOT(ISBLANK(Curs!C6)),OR(Curs!Y6="n/p",Curs!Y6<5)),Curs!C6,"") -> Nume, Prenume | H2: =IF(B2="","",ROUND(SUM(C2:G2),1)) -> 0 | I2: =IF(B2="","", IF(H2=0,"n/p", IF(AND(H2>=$J$3,H2<=$K$3),$L$3, IF(AND(H2>=$J$4,H2<=$K$4),$L$4, IF(AND(H2>=$J$5,H2<=$K$5),$L$5, IF(AND(H2>=$J$6,H2<=$K$6),$L$6, IF(AND(H2>=$J$7,H2<=$K$7),$L$7, IF(AND(H2>=$J$8,H2<=$K$8),$L$8, IF(AND(H2>=$J$9,H2<=$K$9),$L$9, IF(AND(H2>=$J$10,H2<=$K$10),$L$10, IF(AND(H2>=$J$11,H2<=$K$11),$L$11))))))))))) -> n/p | J2: Punctajul acumulat | L2: Nota | M2: Nota | N2: Nr de note
A3: =IF(NOT(ISBLANK(Curs!B7)),Curs!B7,"") | B3: =IF(AND(NOT(ISBLANK(Curs!C7)),OR(Curs!Y7="n/p",Curs!Y7<5)),Curs!C7,"") | H3: =IF(B3="","",ROUND(SUM(C3:G3),1)) | I3: =IF(B3="","", IF(H3=0,"n/p", IF(AND(H3>=$J$3,H3<=$K$3),$L$3, IF(AND(H3>=$J$4,H3<=$K$4),$L$4, IF(AND(H3>=$J$5,H3<=$K$5),$L$5, IF(AND(H3>=$J$6,H3<=$K$6),$L$6, IF(AND(H3>=$J$7,H3<=$K$7),$L$7, IF(AND(H3>=$J$8,H3<=$K$8),$L$8, IF(AND(H3>=$J$9,H3<=$K$9),$L$9, IF(AND(H3>=$J$10,H3<=$K$10),$L$10, IF(AND(H3>=$J$11,H3<=$K$11),$L$11))))))))))) | J3: 0 | K3: 3 | L3: 2 | M3: 1 | N3: =COUNTIF($I$2:$I$101,M3) -> 0
A4: =IF(NOT(ISBLANK(Curs!B8)),Curs!B8,"") | B4: =IF(AND(NOT(ISBLANK(Curs!C8)),OR(Curs!Y8="n/p",Curs!Y8<5)),Curs!C8,"") | H4: =IF(B4="","",ROUND(SUM(C4:G4),1)) | I4: =IF(B4="","", IF(H4=0,"n/p", IF(AND(H4>=$J$3,H4<=$K$3),$L$3, IF(AND(H4>=$J$4,H4<=$K$4),$L$4, IF(AND(H4>=$J$5,H4<=$K$5),$L$5, IF(AND(H4>=$J$6,H4<=$K$6),$L$6, IF(AND(H4>=$J$7,H4<=$K$7),$L$7, IF(AND(H4>=$J$8,H4<=$K$8),$L$8, IF(AND(H4>=$J$9,H4<=$K$9),$L$9, IF(AND(H4>=$J$10,H4<=$K$10),$L$10, IF(AND(H4>=$J$11,H4<=$K$11),$L$11))))))))))) | J4: 4 | K4: 5 | L4: 3 | M4: 2 | N4: =COUNTIF($I$2:$I$101,M4) -> 0
A5: =IF(NOT(ISBLANK(Curs!B9)),Curs!B9,"") | B5: =IF(AND(NOT(ISBLANK(Curs!C9)),OR(Curs!Y9="n/p",Curs!Y9<5)),Curs!C9,"") | H5: =IF(B5="","",ROUND(SUM(C5:G5),1)) | I5: =IF(B5="","", IF(H5=0,"n/p", IF(AND(H5>=$J$3,H5<=$K$3),$L$3, IF(AND(H5>=$J$4,H5<=$K$4),$L$4, IF(AND(H5>=$J$5,H5<=$K$5),$L$5, IF(AND(H5>=$J$6,H5<=$K$6),$L$6, IF(AND(H5>=$J$7,H5<=$K$7),$L$7, IF(AND(H5>=$J$8,H5<=$K$8),$L$8, IF(AND(H5>=$J$9,H5<=$K$9),$L$9, IF(AND(H5>=$J$10,H5<=$K$10),$L$10, IF(AND(H5>=$J$11,H5<=$K$11),$L$11))))))))))) | J5: 6 | K5: 9 | L5: 4 | M5: 3 | N5: =COUNTIF($I$2:$I$101,M5) -> 0
A6: =IF(NOT(ISBLANK(Curs!B10)),Curs!B10,"") | B6: =IF(AND(NOT(ISBLANK(Curs!C10)),OR(Curs!Y10="n/p",Curs!Y10<5)),Curs!C10,"") | H6: =IF(B6="","",ROUND(SUM(C6:G6),1)) | I6: =IF(B6="","", IF(H6=0,"n/p", IF(AND(H6>=$J$3,H6<=$K$3),$L$3, IF(AND(H6>=$J$4,H6<=$K$4),$L$4, IF(AND(H6>=$J$5,H6<=$K$5),$L$5, IF(AND(H6>=$J$6,H6<=$K$6),$L$6, IF(AND(H6>=$J$7,H6<=$K$7),$L$7, IF(AND(H6>=$J$8,H6<=$K$8),$L$8, IF(AND(H6>=$J$9,H6<=$K$9),$L$9, IF(AND(H6>=$J$10,H6<=$K$10),$L$10, IF(AND(H6>=$J$11,H6<=$K$11),$L$11))))))))))) | J6: 10 | K6: 13 | L6: 5 | M6: 4 | N6: =COUNTIF($I$2:$I$101,M6) -> 0
A7: =IF(NOT(ISBLANK(Curs!B11)),Curs!B11,"") | B7: =IF(AND(NOT(ISBLANK(Curs!C11)),OR(Curs!Y11="n/p",Curs!Y11<5)),Curs!C11,"") | H7: =IF(B7="","",ROUND(SUM(C7:G7),1)) | I7: =IF(B7="","", IF(H7=0,"n/p", IF(AND(H7>=$J$3,H7<=$K$3),$L$3, IF(AND(H7>=$J$4,H7<=$K$4),$L$4, IF(AND(H7>=$J$5,H7<=$K$5),$L$5, IF(AND(H7>=$J$6,H7<=$K$6),$L$6, IF(AND(H7>=$J$7,H7<=$K$7),$L$7, IF(AND(H7>=$J$8,H7<=$K$8),$L$8, IF(AND(H7>=$J$9,H7<=$K$9),$L$9, IF(AND(H7>=$J$10,H7<=$K$10),$L$10, IF(AND(H7>=$J$11,H7<=$K$11),$L$11))))))))))) | J7: 14 | K7: 18 | L7: 6 | M7: 5 | N7: =COUNTIF($I$2:$I$101,M7) -> 0
A8: =IF(NOT(ISBLANK(Curs!B12)),Curs!B12,"") | B8: =IF(AND(NOT(ISBLANK(Curs!C12)),OR(Curs!Y12="n/p",Curs!Y12<5)),Curs!C12,"") | H8: =IF(B8="","",ROUND(SUM(C8:G8),1)) | I8: =IF(B8="","", IF(H8=0,"n/p", IF(AND(H8>=$J$3,H8<=$K$3),$L$3, IF(AND(H8>=$J$4,H8<=$K$4),$L$4, IF(AND(H8>=$J$5,H8<=$K$5),$L$5, IF(AND(H8>=$J$6,H8<=$K$6),$L$6, IF(AND(H8>=$J$7,H8<=$K$7),$L$7, IF(AND(H8>=$J$8,H8<=$K$8),$L$8, IF(AND(H8>=$J$9,H8<=$K$9),$L$9, IF(AND(H8>=$J$10,H8<=$K$10),$L$10, IF(AND(H8>=$J$11,H8<=$K$11),$L$11))))))))))) | J8: 19 | K8: 22 | L8: 7 | M8: 6 | N8: =COUNTIF($I$2:$I$101,M8) -> 0
A9: =IF(NOT(ISBLANK(Curs!B13)),Curs!B13,"") | B9: =IF(AND(NOT(ISBLANK(Curs!C13)),OR(Curs!Y13="n/p",Curs!Y13<5)),Curs!C13,"") | H9: =IF(B9="","",ROUND(SUM(C9:G9),1)) | I9: =IF(B9="","", IF(H9=0,"n/p", IF(AND(H9>=$J$3,H9<=$K$3),$L$3, IF(AND(H9>=$J$4,H9<=$K$4),$L$4, IF(AND(H9>=$J$5,H9<=$K$5),$L$5, IF(AND(H9>=$J$6,H9<=$K$6),$L$6, IF(AND(H9>=$J$7,H9<=$K$7),$L$7, IF(AND(H9>=$J$8,H9<=$K$8),$L$8, IF(AND(H9>=$J$9,H9<=$K$9),$L$9, IF(AND(H9>=$J$10,H9<=$K$10),$L$10, IF(AND(H9>=$J$11,H9<=$K$11),$L$11))))))))))) | J9: 23 | K9: 26 | L9: 8 | M9: 7 | N9: =COUNTIF($I$2:$I$101,M9) -> 0
A10: =IF(NOT(ISBLANK(Curs!B14)),Curs!B14,"") | B10: =IF(AND(NOT(ISBLANK(Curs!C14)),OR(Curs!Y14="n/p",Curs!Y14<5)),Curs!C14,"") | H10: =IF(B10="","",ROUND(SUM(C10:G10),1)) | I10: =IF(B10="","", IF(H10=0,"n/p", IF(AND(H10>=$J$3,H10<=$K$3),$L$3, IF(AND(H10>=$J$4,H10<=$K$4),$L$4, IF(AND(H10>=$J$5,H10<=$K$5),$L$5, IF(AND(H10>=$J$6,H10<=$K$6),$L$6, IF(AND(H10>=$J$7,H10<=$K$7),$L$7, IF(AND(H10>=$J$8,H10<=$K$8),$L$8, IF(AND(H10>=$J$9,H10<=$K$9),$L$9, IF(AND(H10>=$J$10,H10<=$K$10),$L$10, IF(AND(H10>=$J$11,H10<=$K$11),$L$11))))))))))) | J10: 27 | K10: 28 | L10: 9 | M10: 8 | N10: =COUNTIF($I$2:$I$101,M10) -> 0
A11: =IF(NOT(ISBLANK(Curs!B15)),Curs!B15,"") | B11: =IF(AND(NOT(ISBLANK(Curs!C15)),OR(Curs!Y15="n/p",Curs!Y15<5)),Curs!C15,"") | H11: =IF(B11="","",ROUND(SUM(C11:G11),1)) | I11: =IF(B11="","", IF(H11=0,"n/p", IF(AND(H11>=$J$3,H11<=$K$3),$L$3, IF(AND(H11>=$J$4,H11<=$K$4),$L$4, IF(AND(H11>=$J$5,H11<=$K$5),$L$5, IF(AND(H11>=$J$6,H11<=$K$6),$L$6, IF(AND(H11>=$J$7,H11<=$K$7),$L$7, IF(AND(H11>=$J$8,H11<=$K$8),$L$8, IF(AND(H11>=$J$9,H11<=$K$9),$L$9, IF(AND(H11>=$J$10,H11<=$K$10),$L$10, IF(AND(H11>=$J$11,H11<=$K$11),$L$11))))))))))) | J11: 29 | K11: 30 | L11: 10 | M11: 9 | N11: =COUNTIF($I$2:$I$101,M11) -> 0
A12: =IF(NOT(ISBLANK(Curs!B16)),Curs!B16,"") | B12: =IF(AND(NOT(ISBLANK(Curs!C16)),OR(Curs!Y16="n/p",Curs!Y16<5)),Curs!C16,"") | H12: =IF(B12="","",ROUND(SUM(C12:G12),1)) | I12: =IF(B12="","", IF(H12=0,"n/p", IF(AND(H12>=$J$3,H12<=$K$3),$L$3, IF(AND(H12>=$J$4,H12<=$K$4),$L$4, IF(AND(H12>=$J$5,H12<=$K$5),$L$5, IF(AND(H12>=$J$6,H12<=$K$6),$L$6, IF(AND(H12>=$J$7,H12<=$K$7),$L$7, IF(AND(H12>=$J$8,H12<=$K$8),$L$8, IF(AND(H12>=$J$9,H12<=$K$9),$L$9, IF(AND(H12>=$J$10,H12<=$K$10),$L$10, IF(AND(H12>=$J$11,H12<=$K$11),$L$11))))))))))) | M12: 10 | N12: =COUNTIF($I$2:$I$101,M12) -> 0
A13: =IF(NOT(ISBLANK(Curs!B17)),Curs!B17,"") | B13: =IF(AND(NOT(ISBLANK(Curs!C17)),OR(Curs!Y17="n/p",Curs!Y17<5)),Curs!C17,"") | H13: =IF(B13="","",ROUND(SUM(C13:G13),1)) | I13: =IF(B13="","", IF(H13=0,"n/p", IF(AND(H13>=$J$3,H13<=$K$3),$L$3, IF(AND(H13>=$J$4,H13<=$K$4),$L$4, IF(AND(H13>=$J$5,H13<=$K$5),$L$5, IF(AND(H13>=$J$6,H13<=$K$6),$L$6, IF(AND(H13>=$J$7,H13<=$K$7),$L$7, IF(AND(H13>=$J$8,H13<=$K$8),$L$8, IF(AND(H13>=$J$9,H13<=$K$9),$L$9, IF(AND(H13>=$J$10,H13<=$K$10),$L$10, IF(AND(H13>=$J$11,H13<=$K$11),$L$11))))))))))) | M13: n/p | N13: =COUNTIF($I$2:$I$101,M13) -> 1
A14: =IF(NOT(ISBLANK(Curs!B18)),Curs!B18,"") | B14: =IF(AND(NOT(ISBLANK(Curs!C18)),OR(Curs!Y18="n/p",Curs!Y18<5)),Curs!C18,"") | H14: =IF(B14="","",ROUND(SUM(C14:G14),1)) | I14: =IF(B14="","", IF(H14=0,"n/p", IF(AND(H14>=$J$3,H14<=$K$3),$L$3, IF(AND(H14>=$J$4,H14<=$K$4),$L$4, IF(AND(H14>=$J$5,H14<=$K$5),$L$5, IF(AND(H14>=$J$6,H14<=$K$6),$L$6, IF(AND(H14>=$J$7,H14<=$K$7),$L$7, IF(AND(H14>=$J$8,H14<=$K$8),$L$8, IF(AND(H14>=$J$9,H14<=$K$9),$L$9, IF(AND(H14>=$J$10,H14<=$K$10),$L$10, IF(AND(H14>=$J$11,H14<=$K$11),$L$11)))))))))))
A15: =IF(NOT(ISBLANK(Curs!B19)),Curs!B19,"") | B15: =IF(AND(NOT(ISBLANK(Curs!C19)),OR(Curs!Y19="n/p",Curs!Y19<5)),Curs!C19,"") | H15: =IF(B15="","",ROUND(SUM(C15:G15),1)) | I15: =IF(B15="","", IF(H15=0,"n/p", IF(AND(H15>=$J$3,H15<=$K$3),$L$3, IF(AND(H15>=$J$4,H15<=$K$4),$L$4, IF(AND(H15>=$J$5,H15<=$K$5),$L$5, IF(AND(H15>=$J$6,H15<=$K$6),$L$6, IF(AND(H15>=$J$7,H15<=$K$7),$L$7, IF(AND(H15>=$J$8,H15<=$K$8),$L$8, IF(AND(H15>=$J$9,H15<=$K$9),$L$9, IF(AND(H15>=$J$10,H15<=$K$10),$L$10, IF(AND(H15>=$J$11,H15<=$K$11),$L$11)))))))))))
A16: =IF(NOT(ISBLANK(Curs!B20)),Curs!B20,"") | B16: =IF(AND(NOT(ISBLANK(Curs!C20)),OR(Curs!Y20="n/p",Curs!Y20<5)),Curs!C20,"") | H16: =IF(B16="","",ROUND(SUM(C16:G16),1)) | I16: =IF(B16="","", IF(H16=0,"n/p", IF(AND(H16>=$J$3,H16<=$K$3),$L$3, IF(AND(H16>=$J$4,H16<=$K$4),$L$4, IF(AND(H16>=$J$5,H16<=$K$5),$L$5, IF(AND(H16>=$J$6,H16<=$K$6),$L$6, IF(AND(H16>=$J$7,H16<=$K$7),$L$7, IF(AND(H16>=$J$8,H16<=$K$8),$L$8, IF(AND(H16>=$J$9,H16<=$K$9),$L$9, IF(AND(H16>=$J$10,H16<=$K$10),$L$10, IF(AND(H16>=$J$11,H16<=$K$11),$L$11)))))))))))
A17: =IF(NOT(ISBLANK(Curs!B21)),Curs!B21,"") | B17: =IF(AND(NOT(ISBLANK(Curs!C21)),OR(Curs!Y21="n/p",Curs!Y21<5)),Curs!C21,"") | H17: =IF(B17="","",ROUND(SUM(C17:G17),1)) | I17: =IF(B17="","", IF(H17=0,"n/p", IF(AND(H17>=$J$3,H17<=$K$3),$L$3, IF(AND(H17>=$J$4,H17<=$K$4),$L$4, IF(AND(H17>=$J$5,H17<=$K$5),$L$5, IF(AND(H17>=$J$6,H17<=$K$6),$L$6, IF(AND(H17>=$J$7,H17<=$K$7),$L$7, IF(AND(H17>=$J$8,H17<=$K$8),$L$8, IF(AND(H17>=$J$9,H17<=$K$9),$L$9, IF(AND(H17>=$J$10,H17<=$K$10),$L$10, IF(AND(H17>=$J$11,H17<=$K$11),$L$11)))))))))))
A18: =IF(NOT(ISBLANK(Curs!B22)),Curs!B22,"") | B18: =IF(AND(NOT(ISBLANK(Curs!C22)),OR(Curs!Y22="n/p",Curs!Y22<5)),Curs!C22,"") | H18: =IF(B18="","",ROUND(SUM(C18:G18),1)) | I18: =IF(B18="","", IF(H18=0,"n/p", IF(AND(H18>=$J$3,H18<=$K$3),$L$3, IF(AND(H18>=$J$4,H18<=$K$4),$L$4, IF(AND(H18>=$J$5,H18<=$K$5),$L$5, IF(AND(H18>=$J$6,H18<=$K$6),$L$6, IF(AND(H18>=$J$7,H18<=$K$7),$L$7, IF(AND(H18>=$J$8,H18<=$K$8),$L$8, IF(AND(H18>=$J$9,H18<=$K$9),$L$9, IF(AND(H18>=$J$10,H18<=$K$10),$L$10, IF(AND(H18>=$J$11,H18<=$K$11),$L$11)))))))))))
A19: =IF(NOT(ISBLANK(Curs!B23)),Curs!B23,"") | B19: =IF(AND(NOT(ISBLANK(Curs!C23)),OR(Curs!Y23="n/p",Curs!Y23<5)),Curs!C23,"") | H19: =IF(B19="","",ROUND(SUM(C19:G19),1)) | I19: =IF(B19="","", IF(H19=0,"n/p", IF(AND(H19>=$J$3,H19<=$K$3),$L$3, IF(AND(H19>=$J$4,H19<=$K$4),$L$4, IF(AND(H19>=$J$5,H19<=$K$5),$L$5, IF(AND(H19>=$J$6,H19<=$K$6),$L$6, IF(AND(H19>=$J$7,H19<=$K$7),$L$7, IF(AND(H19>=$J$8,H19<=$K$8),$L$8, IF(AND(H19>=$J$9,H19<=$K$9),$L$9, IF(AND(H19>=$J$10,H19<=$K$10),$L$10, IF(AND(H19>=$J$11,H19<=$K$11),$L$11)))))))))))
A20: =IF(NOT(ISBLANK(Curs!B24)),Curs!B24,"") | B20: =IF(AND(NOT(ISBLANK(Curs!C24)),OR(Curs!Y24="n/p",Curs!Y24<5)),Curs!C24,"") | H20: =IF(B20="","",ROUND(SUM(C20:G20),1)) | I20: =IF(B20="","", IF(H20=0,"n/p", IF(AND(H20>=$J$3,H20<=$K$3),$L$3, IF(AND(H20>=$J$4,H20<=$K$4),$L$4, IF(AND(H20>=$J$5,H20<=$K$5),$L$5, IF(AND(H20>=$J$6,H20<=$K$6),$L$6, IF(AND(H20>=$J$7,H20<=$K$7),$L$7, IF(AND(H20>=$J$8,H20<=$K$8),$L$8, IF(AND(H20>=$J$9,H20<=$K$9),$L$9, IF(AND(H20>=$J$10,H20<=$K$10),$L$10, IF(AND(H20>=$J$11,H20<=$K$11),$L$11)))))))))))
A21: =IF(NOT(ISBLANK(Curs!B25)),Curs!B25,"") | B21: =IF(AND(NOT(ISBLANK(Curs!C25)),OR(Curs!Y25="n/p",Curs!Y25<5)),Curs!C25,"") | H21: =IF(B21="","",ROUND(SUM(C21:G21),1)) | I21: =IF(B21="","", IF(H21=0,"n/p", IF(AND(H21>=$J$3,H21<=$K$3),$L$3, IF(AND(H21>=$J$4,H21<=$K$4),$L$4, IF(AND(H21>=$J$5,H21<=$K$5),$L$5, IF(AND(H21>=$J$6,H21<=$K$6),$L$6, IF(AND(H21>=$J$7,H21<=$K$7),$L$7, IF(AND(H21>=$J$8,H21<=$K$8),$L$8, IF(AND(H21>=$J$9,H21<=$K$9),$L$9, IF(AND(H21>=$J$10,H21<=$K$10),$L$10, IF(AND(H21>=$J$11,H21<=$K$11),$L$11)))))))))))
A22: =IF(NOT(ISBLANK(Curs!B26)),Curs!B26,"") | B22: =IF(AND(NOT(ISBLANK(Curs!C26)),OR(Curs!Y26="n/p",Curs!Y26<5)),Curs!C26,"") | H22: =IF(B22="","",ROUND(SUM(C22:G22),1)) | I22: =IF(B22="","", IF(H22=0,"n/p", IF(AND(H22>=$J$3,H22<=$K$3),$L$3, IF(AND(H22>=$J$4,H22<=$K$4),$L$4, IF(AND(H22>=$J$5,H22<=$K$5),$L$5, IF(AND(H22>=$J$6,H22<=$K$6),$L$6, IF(AND(H22>=$J$7,H22<=$K$7),$L$7, IF(AND(H22>=$J$8,H22<=$K$8),$L$8, IF(AND(H22>=$J$9,H22<=$K$9),$L$9, IF(AND(H22>=$J$10,H22<=$K$10),$L$10, IF(AND(H22>=$J$11,H22<=$K$11),$L$11)))))))))))
A23: =IF(NOT(ISBLANK(Curs!B27)),Curs!B27,"") | B23: =IF(AND(NOT(ISBLANK(Curs!C27)),OR(Curs!Y27="n/p",Curs!Y27<5)),Curs!C27,"") | H23: =IF(B23="","",ROUND(SUM(C23:G23),1)) | I23: =IF(B23="","", IF(H23=0,"n/p", IF(AND(H23>=$J$3,H23<=$K$3),$L$3, IF(AND(H23>=$J$4,H23<=$K$4),$L$4, IF(AND(H23>=$J$5,H23<=$K$5),$L$5, IF(AND(H23>=$J$6,H23<=$K$6),$L$6, IF(AND(H23>=$J$7,H23<=$K$7),$L$7, IF(AND(H23>=$J$8,H23<=$K$8),$L$8, IF(AND(H23>=$J$9,H23<=$K$9),$L$9, IF(AND(H23>=$J$10,H23<=$K$10),$L$10, IF(AND(H23>=$J$11,H23<=$K$11),$L$11)))))))))))
A24: =IF(NOT(ISBLANK(Curs!B28)),Curs!B28,"") | B24: =IF(AND(NOT(ISBLANK(Curs!C28)),OR(Curs!Y28="n/p",Curs!Y28<5)),Curs!C28,"") | H24: =IF(B24="","",ROUND(SUM(C24:G24),1)) | I24: =IF(B24="","", IF(H24=0,"n/p", IF(AND(H24>=$J$3,H24<=$K$3),$L$3, IF(AND(H24>=$J$4,H24<=$K$4),$L$4, IF(AND(H24>=$J$5,H24<=$K$5),$L$5, IF(AND(H24>=$J$6,H24<=$K$6),$L$6, IF(AND(H24>=$J$7,H24<=$K$7),$L$7, IF(AND(H24>=$J$8,H24<=$K$8),$L$8, IF(AND(H24>=$J$9,H24<=$K$9),$L$9, IF(AND(H24>=$J$10,H24<=$K$10),$L$10, IF(AND(H24>=$J$11,H24<=$K$11),$L$11)))))))))))
A25: =IF(NOT(ISBLANK(Curs!B29)),Curs!B29,"") | B25: =IF(AND(NOT(ISBLANK(Curs!C29)),OR(Curs!Y29="n/p",Curs!Y29<5)),Curs!C29,"") | H25: =IF(B25="","",ROUND(SUM(C25:G25),1)) | I25: =IF(B25="","", IF(H25=0,"n/p", IF(AND(H25>=$J$3,H25<=$K$3),$L$3, IF(AND(H25>=$J$4,H25<=$K$4),$L$4, IF(AND(H25>=$J$5,H25<=$K$5),$L$5, IF(AND(H25>=$J$6,H25<=$K$6),$L$6, IF(AND(H25>=$J$7,H25<=$K$7),$L$7, IF(AND(H25>=$J$8,H25<=$K$8),$L$8, IF(AND(H25>=$J$9,H25<=$K$9),$L$9, IF(AND(H25>=$J$10,H25<=$K$10),$L$10, IF(AND(H25>=$J$11,H25<=$K$11),$L$11)))))))))))
... A31: =IF(NOT(ISBLANK(Curs!B35)),Curs!B35,"") | B31: =IF(AND(NOT(ISBLANK(Curs!C35)),OR(Curs!Y35="n/p",Curs!Y35<5)),Curs!C35,"") | H31: =IF(B31="","",ROUND(SUM(C31:G31),1)) | I31: =IF(B31="","", IF(H31=0,"n/p", IF(AND(H31>=$J$3,H31<=$K$3),$L$3, IF(AND(H31>=$J$4,H31<=$K$4),$L$4, IF(AND(H31>=$J$5,H31<=$K$5),$L$5, IF(AND(H31>=$J$6,H31<=$K$6),$L$6, IF(AND(H31>=$J$7,H31<=$K$7),$L$7, IF(AND(H31>=$J$8,H31<=$K$8),$L$8, IF(AND(H31>=$J$9,H31<=$K$9),$L$9, IF(AND(H31>=$J$10,H31<=$K$10),$L$10, IF(AND(H31>=$J$11,H31<=$K$11),$L$11)))))))))))
A32: =IF(NOT(ISBLANK(Curs!B36)),Curs!B36,"") | B32: =IF(AND(NOT(ISBLANK(Curs!C36)),OR(Curs!Y36="n/p",Curs!Y36<5)),Curs!C36,"") | H32: =IF(B32="","",ROUND(SUM(C32:G32),1)) | I32: =IF(NOT(ISBLANK(Curs!C36)), IF(H32=0,"n/p", IF(AND(H32>=$J$3,H32<=$K$3),$L$3, IF(AND(H32>=$J$4,H32<=$K$4),$L$4, IF(AND(H32>=$J$5,H32<=$K$5),$L$5, IF(AND(H32>=$J$6,H32<=$K$6),$L$6, IF(AND(H32>=$J$7,H32<=$K$7),$L$7, IF(AND(H32>=$J$8,H32<=$K$8),$L$8, IF(AND(H32>=$J$9,H32<=$K$9),$L$9, IF(AND(H32>=$J$10,H32<=$K$10),$L$10, IF(AND(H32>=$J$11,H32<=$K$11),$L$11)))))))))), "")
A33: =IF(NOT(ISBLANK(Curs!B37)),Curs!B37,"") | B33: =IF(AND(NOT(ISBLANK(Curs!C37)),OR(Curs!Y37="n/p",Curs!Y37<5)),Curs!C37,"") | H33: =IF(B33="","",ROUND(SUM(C33:G33),1)) | I33: =IF(NOT(ISBLANK(Curs!C37)), IF(H33=0,"n/p", IF(AND(H33>=$J$3,H33<=$K$3),$L$3, IF(AND(H33>=$J$4,H33<=$K$4),$L$4, IF(AND(H33>=$J$5,H33<=$K$5),$L$5, IF(AND(H33>=$J$6,H33<=$K$6),$L$6, IF(AND(H33>=$J$7,H33<=$K$7),$L$7, IF(AND(H33>=$J$8,H33<=$K$8),$L$8, IF(AND(H33>=$J$9,H33<=$K$9),$L$9, IF(AND(H33>=$J$10,H33<=$K$10),$L$10, IF(AND(H33>=$J$11,H33<=$K$11),$L$11)))))))))), "")
A34: =IF(NOT(ISBLANK(Curs!B38)),Curs!B38,"") | B34: =IF(AND(NOT(ISBLANK(Curs!C38)),OR(Curs!Y38="n/p",Curs!Y38<5)),Curs!C38,"") | H34: =IF(B34="","",ROUND(SUM(C34:G34),1)) | I34: =IF(NOT(ISBLANK(Curs!C38)), IF(H34=0,"n/p", IF(AND(H34>=$J$3,H34<=$K$3),$L$3, IF(AND(H34>=$J$4,H34<=$K$4),$L$4, IF(AND(H34>=$J$5,H34<=$K$5),$L$5, IF(AND(H34>=$J$6,H34<=$K$6),$L$6, IF(AND(H34>=$J$7,H34<=$K$7),$L$7, IF(AND(H34>=$J$8,H34<=$K$8),$L$8, IF(AND(H34>=$J$9,H34<=$K$9),$L$9, IF(AND(H34>=$J$10,H34<=$K$10),$L$10, IF(AND(H34>=$J$11,H34<=$K$11),$L$11)))))))))), "")
A35: =IF(NOT(ISBLANK(Curs!B39)),Curs!B39,"") | B35: =IF(AND(NOT(ISBLANK(Curs!C39)),OR(Curs!Y39="n/p",Curs!Y39<5)),Curs!C39,"") | H35: =IF(B35="","",ROUND(SUM(C35:G35),1)) | I35: =IF(NOT(ISBLANK(Curs!C39)), IF(H35=0,"n/p", IF(AND(H35>=$J$3,H35<=$K$3),$L$3, IF(AND(H35>=$J$4,H35<=$K$4),$L$4, IF(AND(H35>=$J$5,H35<=$K$5),$L$5, IF(AND(H35>=$J$6,H35<=$K$6),$L$6, IF(AND(H35>=$J$7,H35<=$K$7),$L$7, IF(AND(H35>=$J$8,H35<=$K$8),$L$8, IF(AND(H35>=$J$9,H35<=$K$9),$L$9, IF(AND(H35>=$J$10,H35<=$K$10),$L$10, IF(AND(H35>=$J$11,H35<=$K$11),$L$11)))))))))), "")
A36: =IF(NOT(ISBLANK(Curs!B40)),Curs!B40,"") | B36: =IF(AND(NOT(ISBLANK(Curs!C40)),OR(Curs!Y40="n/p",Curs!Y40<5)),Curs!C40,"") | H36: =IF(B36="","",ROUND(SUM(C36:G36),1)) | I36: =IF(NOT(ISBLANK(Curs!C40)), IF(H36=0,"n/p", IF(AND(H36>=$J$3,H36<=$K$3),$L$3, IF(AND(H36>=$J$4,H36<=$K$4),$L$4, IF(AND(H36>=$J$5,H36<=$K$5),$L$5, IF(AND(H36>=$J$6,H36<=$K$6),$L$6, IF(AND(H36>=$J$7,H36<=$K$7),$L$7, IF(AND(H36>=$J$8,H36<=$K$8),$L$8, IF(AND(H36>=$J$9,H36<=$K$9),$L$9, IF(AND(H36>=$J$10,H36<=$K$10),$L$10, IF(AND(H36>=$J$11,H36<=$K$11),$L$11)))))))))), "")
A37: =IF(NOT(ISBLANK(Curs!B41)),Curs!B41,"") | B37: =IF(AND(NOT(ISBLANK(Curs!C41)),OR(Curs!Y41="n/p",Curs!Y41<5)),Curs!C41,"") | H37: =IF(B37="","",ROUND(SUM(C37:G37),1)) | I37: =IF(NOT(ISBLANK(Curs!C41)), IF(H37=0,"n/p", IF(AND(H37>=$J$3,H37<=$K$3),$L$3, IF(AND(H37>=$J$4,H37<=$K$4),$L$4, IF(AND(H37>=$J$5,H37<=$K$5),$L$5, IF(AND(H37>=$J$6,H37<=$K$6),$L$6, IF(AND(H37>=$J$7,H37<=$K$7),$L$7, IF(AND(H37>=$J$8,H37<=$K$8),$L$8, IF(AND(H37>=$J$9,H37<=$K$9),$L$9, IF(AND(H37>=$J$10,H37<=$K$10),$L$10, IF(AND(H37>=$J$11,H37<=$K$11),$L$11)))))))))), "")
A38: =IF(NOT(ISBLANK(Curs!B42)),Curs!B42,"") | B38: =IF(AND(NOT(ISBLANK(Curs!C42)),OR(Curs!Y42="n/p",Curs!Y42<5)),Curs!C42,"") | H38: =IF(B38="","",ROUND(SUM(C38:G38),1)) | I38: =IF(NOT(ISBLANK(Curs!C42)), IF(H38=0,"n/p", IF(AND(H38>=$J$3,H38<=$K$3),$L$3, IF(AND(H38>=$J$4,H38<=$K$4),$L$4, IF(AND(H38>=$J$5,H38<=$K$5),$L$5, IF(AND(H38>=$J$6,H38<=$K$6),$L$6, IF(AND(H38>=$J$7,H38<=$K$7),$L$7, IF(AND(H38>=$J$8,H38<=$K$8),$L$8, IF(AND(H38>=$J$9,H38<=$K$9),$L$9, IF(AND(H38>=$J$10,H38<=$K$10),$L$10, IF(AND(H38>=$J$11,H38<=$K$11),$L$11)))))))))), "")
A39: =IF(NOT(ISBLANK(Curs!B43)),Curs!B43,"") | B39: =IF(NOT(ISBLANK(Curs!C43)),Curs!C43,"") | H39: =IF(B39="","",ROUND(SUM(C39:G39),1)) | I39: =IF(NOT(ISBLANK(Curs!C43)), IF(H39=0,"n/p", IF(AND(H39>=$J$3,H39<=$K$3),$L$3, IF(AND(H39>=$J$4,H39<=$K$4),$L$4, IF(AND(H39>=$J$5,H39<=$K$5),$L$5, IF(AND(H39>=$J$6,H39<=$K$6),$L$6, IF(AND(H39>=$J$7,H39<=$K$7),$L$7, IF(AND(H39>=$J$8,H39<=$K$8),$L$8, IF(AND(H39>=$J$9,H39<=$K$9),$L$9, IF(AND(H39>=$J$10,H39<=$K$10),$L$10, IF(AND(H39>=$J$11,H39<=$K$11),$L$11)))))))))), "")
A40: =IF(NOT(ISBLANK(Curs!B44)),Curs!B44,"") | B40: =IF(NOT(ISBLANK(Curs!C44)),Curs!C44,"") | H40: =IF(B40="","",ROUND(SUM(C40:G40),1)) | I40: =IF(NOT(ISBLANK(Curs!C44)), IF(H40=0,"n/p", IF(AND(H40>=$J$3,H40<=$K$3),$L$3, IF(AND(H40>=$J$4,H40<=$K$4),$L$4, IF(AND(H40>=$J$5,H40<=$K$5),$L$5, IF(AND(H40>=$J$6,H40<=$K$6),$L$6, IF(AND(H40>=$J$7,H40<=$K$7),$L$7, IF(AND(H40>=$J$8,H40<=$K$8),$L$8, IF(AND(H40>=$J$9,H40<=$K$9),$L$9, IF(AND(H40>=$J$10,H40<=$K$10),$L$10, IF(AND(H40>=$J$11,H40<=$K$11),$L$11)))))))))), "")
A41: =IF(NOT(ISBLANK(Curs!B45)),Curs!B45,"") | B41: =IF(NOT(ISBLANK(Curs!C45)),Curs!C45,"") | H41: =IF(B41="","",ROUND(SUM(C41:G41),1)) | I41: =IF(NOT(ISBLANK(Curs!C45)), IF(H41=0,"n/p", IF(AND(H41>=$J$3,H41<=$K$3),$L$3, IF(AND(H41>=$J$4,H41<=$K$4),$L$4, IF(AND(H41>=$J$5,H41<=$K$5),$L$5, IF(AND(H41>=$J$6,H41<=$K$6),$L$6, IF(AND(H41>=$J$7,H41<=$K$7),$L$7, IF(AND(H41>=$J$8,H41<=$K$8),$L$8, IF(AND(H41>=$J$9,H41<=$K$9),$L$9, IF(AND(H41>=$J$10,H41<=$K$10),$L$10, IF(AND(H41>=$J$11,H41<=$K$11),$L$11)))))))))), "")
A42: =IF(NOT(ISBLANK(Curs!B46)),Curs!B46,"") | B42: =IF(NOT(ISBLANK(Curs!C46)),Curs!C46,"") | H42: =IF(B42="","",ROUND(SUM(C42:G42),1)) | I42: =IF(NOT(ISBLANK(Curs!C46)), IF(H42=0,"n/p", IF(AND(H42>=$J$3,H42<=$K$3),$L$3, IF(AND(H42>=$J$4,H42<=$K$4),$L$4, IF(AND(H42>=$J$5,H42<=$K$5),$L$5, IF(AND(H42>=$J$6,H42<=$K$6),$L$6, IF(AND(H42>=$J$7,H42<=$K$7),$L$7, IF(AND(H42>=$J$8,H42<=$K$8),$L$8, IF(AND(H42>=$J$9,H42<=$K$9),$L$9, IF(AND(H42>=$J$10,H42<=$K$10),$L$10, IF(AND(H42>=$J$11,H42<=$K$11),$L$11)))))))))), "")
A43: =IF(NOT(ISBLANK(Curs!B47)),Curs!B47,"") | B43: =IF(NOT(ISBLANK(Curs!C47)),Curs!C47,"") | H43: =IF(B43="","",ROUND(SUM(C43:G43),1)) | I43: =IF(NOT(ISBLANK(Curs!C47)), IF(H43=0,"n/p", IF(AND(H43>=$J$3,H43<=$K$3),$L$3, IF(AND(H43>=$J$4,H43<=$K$4),$L$4, IF(AND(H43>=$J$5,H43<=$K$5),$L$5, IF(AND(H43>=$J$6,H43<=$K$6),$L$6, IF(AND(H43>=$J$7,H43<=$K$7),$L$7, IF(AND(H43>=$J$8,H43<=$K$8),$L$8, IF(AND(H43>=$J$9,H43<=$K$9),$L$9, IF(AND(H43>=$J$10,H43<=$K$10),$L$10, IF(AND(H43>=$J$11,H43<=$K$11),$L$11)))))))))), "")
A44: =IF(NOT(ISBLANK(Curs!B48)),Curs!B48,"") | B44: =IF(NOT(ISBLANK(Curs!C48)),Curs!C48,"") | H44: =IF(B44="","",ROUND(SUM(C44:G44),1)) | I44: =IF(NOT(ISBLANK(Curs!C48)), IF(H44=0,"n/p", IF(AND(H44>=$J$3,H44<=$K$3),$L$3, IF(AND(H44>=$J$4,H44<=$K$4),$L$4, IF(AND(H44>=$J$5,H44<=$K$5),$L$5, IF(AND(H44>=$J$6,H44<=$K$6),$L$6, IF(AND(H44>=$J$7,H44<=$K$7),$L$7, IF(AND(H44>=$J$8,H44<=$K$8),$L$8, IF(AND(H44>=$J$9,H44<=$K$9),$L$9, IF(AND(H44>=$J$10,H44<=$K$10),$L$10, IF(AND(H44>=$J$11,H44<=$K$11),$L$11)))))))))), "")
A45: =IF(NOT(ISBLANK(Curs!B49)),Curs!B49,"") | B45: =IF(NOT(ISBLANK(Curs!C49)),Curs!C49,"") | H45: =IF(B45="","",ROUND(SUM(C45:G45),1)) | I45: =IF(NOT(ISBLANK(Curs!C49)), IF(H45=0,"n/p", IF(AND(H45>=$J$3,H45<=$K$3),$L$3, IF(AND(H45>=$J$4,H45<=$K$4),$L$4, IF(AND(H45>=$J$5,H45<=$K$5),$L$5, IF(AND(H45>=$J$6,H45<=$K$6),$L$6, IF(AND(H45>=$J$7,H45<=$K$7),$L$7, IF(AND(H45>=$J$8,H45<=$K$8),$L$8, IF(AND(H45>=$J$9,H45<=$K$9),$L$9, IF(AND(H45>=$J$10,H45<=$K$10),$L$10, IF(AND(H45>=$J$11,H45<=$K$11),$L$11)))))))))), "")
A46: =IF(NOT(ISBLANK(Curs!B50)),Curs!B50,"") | B46: =IF(NOT(ISBLANK(Curs!C50)),Curs!C50,"") | H46: =IF(B46="","",ROUND(SUM(C46:G46),1)) | I46: =IF(NOT(ISBLANK(Curs!C50)), IF(H46=0,"n/p", IF(AND(H46>=$J$3,H46<=$K$3),$L$3, IF(AND(H46>=$J$4,H46<=$K$4),$L$4, IF(AND(H46>=$J$5,H46<=$K$5),$L$5, IF(AND(H46>=$J$6,H46<=$K$6),$L$6, IF(AND(H46>=$J$7,H46<=$K$7),$L$7, IF(AND(H46>=$J$8,H46<=$K$8),$L$8, IF(AND(H46>=$J$9,H46<=$K$9),$L$9, IF(AND(H46>=$J$10,H46<=$K$10),$L$10, IF(AND(H46>=$J$11,H46<=$K$11),$L$11)))))))))), "")
A47: =IF(NOT(ISBLANK(Curs!B51)),Curs!B51,"") | B47: =IF(NOT(ISBLANK(Curs!C51)),Curs!C51,"") | H47: =IF(B47="","",ROUND(SUM(C47:G47),1)) | I47: =IF(NOT(ISBLANK(Curs!C51)), IF(H47=0,"n/p", IF(AND(H47>=$J$3,H47<=$K$3),$L$3, IF(AND(H47>=$J$4,H47<=$K$4),$L$4, IF(AND(H47>=$J$5,H47<=$K$5),$L$5, IF(AND(H47>=$J$6,H47<=$K$6),$L$6, IF(AND(H47>=$J$7,H47<=$K$7),$L$7, IF(AND(H47>=$J$8,H47<=$K$8),$L$8, IF(AND(H47>=$J$9,H47<=$K$9),$L$9, IF(AND(H47>=$J$10,H47<=$K$10),$L$10, IF(AND(H47>=$J$11,H47<=$K$11),$L$11)))))))))), "")
A48: =IF(NOT(ISBLANK(Curs!B52)),Curs!B52,"") | B48: =IF(NOT(ISBLANK(Curs!C52)),Curs!C52,"") | H48: =IF(B48="","",ROUND(SUM(C48:G48),1)) | I48: =IF(NOT(ISBLANK(Curs!C52)), IF(H48=0,"n/p", IF(AND(H48>=$J$3,H48<=$K$3),$L$3, IF(AND(H48>=$J$4,H48<=$K$4),$L$4, IF(AND(H48>=$J$5,H48<=$K$5),$L$5, IF(AND(H48>=$J$6,H48<=$K$6),$L$6, IF(AND(H48>=$J$7,H48<=$K$7),$L$7, IF(AND(H48>=$J$8,H48<=$K$8),$L$8, IF(AND(H48>=$J$9,H48<=$K$9),$L$9, IF(AND(H48>=$J$10,H48<=$K$10),$L$10, IF(AND(H48>=$J$11,H48<=$K$11),$L$11)))))))))), "")
A49: =IF(NOT(ISBLANK(Curs!B53)),Curs!B53,"") | B49: =IF(NOT(ISBLANK(Curs!C53)),Curs!C53,"") | H49: =IF(B49="","",ROUND(SUM(C49:G49),1)) | I49: =IF(NOT(ISBLANK(Curs!C53)), IF(H49=0,"n/p", IF(AND(H49>=$J$3,H49<=$K$3),$L$3, IF(AND(H49>=$J$4,H49<=$K$4),$L$4, IF(AND(H49>=$J$5,H49<=$K$5),$L$5, IF(AND(H49>=$J$6,H49<=$K$6),$L$6, IF(AND(H49>=$J$7,H49<=$K$7),$L$7, IF(AND(H49>=$J$8,H49<=$K$8),$L$8, IF(AND(H49>=$J$9,H49<=$K$9),$L$9, IF(AND(H49>=$J$10,H49<=$K$10),$L$10, IF(AND(H49>=$J$11,H49<=$K$11),$L$11)))))))))), "")
A50: =IF(NOT(ISBLANK(Curs!B54)),Curs!B54,"") | B50: =IF(NOT(ISBLANK(Curs!C54)),Curs!C54,"") | H50: =IF(B50="","",ROUND(SUM(C50:G50),1)) | I50: =IF(NOT(ISBLANK(Curs!C54)), IF(H50=0,"n/p", IF(AND(H50>=$J$3,H50<=$K$3),$L$3, IF(AND(H50>=$J$4,H50<=$K$4),$L$4, IF(AND(H50>=$J$5,H50<=$K$5),$L$5, IF(AND(H50>=$J$6,H50<=$K$6),$L$6, IF(AND(H50>=$J$7,H50<=$K$7),$L$7, IF(AND(H50>=$J$8,H50<=$K$8),$L$8, IF(AND(H50>=$J$9,H50<=$K$9),$L$9, IF(AND(H50>=$J$10,H50<=$K$10),$L$10, IF(AND(H50>=$J$11,H50<=$K$11),$L$11)))))))))), "")
... A101: =IF(NOT(ISBLANK(Curs!B105)),Curs!B105,"") | B101: =IF(NOT(ISBLANK(Curs!C105)),Curs!C105,"") | H101: =IF(B101="","",ROUND(SUM(C101:G101),1)) | I101: =IF(NOT(ISBLANK(Curs!C105)), IF(H101=0,"n/p", IF(AND(H101>=$J$3,H101<=$K$3),$L$3, IF(AND(H101>=$J$4,H101<=$K$4),$L$4, IF(AND(H101>=$J$5,H101<=$K$5),$L$5, IF(AND(H101>=$J$6,H101<=$K$6),$L$6, IF(AND(H101>=$J$7,H101<=$K$7),$L$7, IF(AND(H101>=$J$8,H101<=$K$8),$L$8, IF(AND(H101>=$J$9,H101<=$K$9),$L$9, IF(AND(H101>=$J$10,H101<=$K$10),$L$10, IF(AND(H101>=$J$11,H101<=$K$11),$L$11)))))))))), "")
H102: =IF(B102="","",ROUND(SUM(C102:G102),1))
H103: =IF(B103="","",ROUND(SUM(C103:G103),1))
H104: =IF(B104="","",ROUND(SUM(C104:G104),1))
H105: =IF(B105="","",ROUND(SUM(C105:G105),1))

Sheet Atest. Nr.2_3
A1: Nr. | B1: Nume, Prenume | C1: 1_x000D_ 10 p | D1: 2 2p | E1: 3 4p | F1: 4 4p | G1: 5 10p | H1: Pctj Total | I1: Nota | J1: Baremul de evaluare | M1: Statistica
A2: =IF(NOT(ISBLANK(Curs!B6)),Curs!B6,"") -> 1 | B2: =IF(AND(NOT(ISBLANK(Curs!C6)),OR(MAX(Curs!Y6:Z6)<5,MAX(Curs!Y6:Z6)=1)),Curs!C6,"") -> Nume, Prenume | H2: =IF(B2="","",ROUND(SUM(C2:G2),0)) -> 0 | I2: =IF(B2="","", IF(H2=0,"n/p", IF(AND(H2>=$J$3,H2<=$K$3),$L$3, IF(AND(H2>=$J$4,H2<=$K$4),$L$4, IF(AND(H2>=$J$5,H2<=$K$5),$L$5, IF(AND(H2>=$J$6,H2<=$K$6),$L$6, IF(AND(H2>=$J$7,H2<=$K$7),$L$7, IF(AND(H2>=$J$8,H2<=$K$8),$L$8, IF(AND(H2>=$J$9,H2<=$K$9),$L$9, IF(AND(H2>=$J$10,H2<=$K$10),$L$10, IF(AND(H2>=$J$11,H2<=$K$11),$L$11))))))))))) -> n/p | J2: Punctajul acumulat | L2: Nota | M2: Nota | N2: Nr de note
A3: =IF(NOT(ISBLANK(Curs!B7)),Curs!B7,"") | B3: =IF(AND(NOT(ISBLANK(Curs!C7)),OR(MAX(Curs!Y7:Z7)<5,MAX(Curs!Y7:Z7)=1)),Curs!C7,"") | H3: =IF(B3="","",ROUND(SUM(C3:G3),0)) | I3: =IF(B3="","", IF(H3=0,"n/p", IF(AND(H3>=$J$3,H3<=$K$3),$L$3, IF(AND(H3>=$J$4,H3<=$K$4),$L$4, IF(AND(H3>=$J$5,H3<=$K$5),$L$5, IF(AND(H3>=$J$6,H3<=$K$6),$L$6, IF(AND(H3>=$J$7,H3<=$K$7),$L$7, IF(AND(H3>=$J$8,H3<=$K$8),$L$8, IF(AND(H3>=$J$9,H3<=$K$9),$L$9, IF(AND(H3>=$J$10,H3<=$K$10),$L$10, IF(AND(H3>=$J$11,H3<=$K$11),$L$11))))))))))) | J3: 0 | K3: 3 | L3: 2 | M3: 1 | N3: =COUNTIF($I$2:$I$101,M3) -> 0
A4: =IF(NOT(ISBLANK(Curs!B8)),Curs!B8,"") | B4: =IF(AND(NOT(ISBLANK(Curs!C8)),OR(MAX(Curs!Y8:Z8)<5,MAX(Curs!Y8:Z8)=1)),Curs!C8,"") | H4: =IF(B4="","",ROUND(SUM(C4:G4),0)) | I4: =IF(B4="","", IF(H4=0,"n/p", IF(AND(H4>=$J$3,H4<=$K$3),$L$3, IF(AND(H4>=$J$4,H4<=$K$4),$L$4, IF(AND(H4>=$J$5,H4<=$K$5),$L$5, IF(AND(H4>=$J$6,H4<=$K$6),$L$6, IF(AND(H4>=$J$7,H4<=$K$7),$L$7, IF(AND(H4>=$J$8,H4<=$K$8),$L$8, IF(AND(H4>=$J$9,H4<=$K$9),$L$9, IF(AND(H4>=$J$10,H4<=$K$10),$L$10, IF(AND(H4>=$J$11,H4<=$K$11),$L$11))))))))))) | J4: 4 | K4: 5 | L4: 3 | M4: 2 | N4: =COUNTIF($I$2:$I$101,M4) -> 0
A5: =IF(NOT(ISBLANK(Curs!B9)),Curs!B9,"") | B5: =IF(AND(NOT(ISBLANK(Curs!C9)),OR(MAX(Curs!Y9:Z9)<5,MAX(Curs!Y9:Z9)=1)),Curs!C9,"") | H5: =IF(B5="","",ROUND(SUM(C5:G5),0)) | I5: =IF(B5="","", IF(H5=0,"n/p", IF(AND(H5>=$J$3,H5<=$K$3),$L$3, IF(AND(H5>=$J$4,H5<=$K$4),$L$4, IF(AND(H5>=$J$5,H5<=$K$5),$L$5, IF(AND(H5>=$J$6,H5<=$K$6),$L$6, IF(AND(H5>=$J$7,H5<=$K$7),$L$7, IF(AND(H5>=$J$8,H5<=$K$8),$L$8, IF(AND(H5>=$J$9,H5<=$K$9),$L$9, IF(AND(H5>=$J$10,H5<=$K$10),$L$10, IF(AND(H5>=$J$11,H5<=$K$11),$L$11))))))))))) | J5: 6 | K5: 9 | L5: 4 | M5: 3 | N5: =COUNTIF($I$2:$I$101,M5) -> 0
A6: =IF(NOT(ISBLANK(Curs!B10)),Curs!B10,"") | B6: =IF(AND(NOT(ISBLANK(Curs!C10)),OR(MAX(Curs!Y10:Z10)<5,MAX(Curs!Y10:Z10)=1)),Curs!C10,"") | H6: =IF(B6="","",ROUND(SUM(C6:G6),0)) | I6: =IF(B6="","", IF(H6=0,"n/p", IF(AND(H6>=$J$3,H6<=$K$3),$L$3, IF(AND(H6>=$J$4,H6<=$K$4),$L$4, IF(AND(H6>=$J$5,H6<=$K$5),$L$5, IF(AND(H6>=$J$6,H6<=$K$6),$L$6, IF(AND(H6>=$J$7,H6<=$K$7),$L$7, IF(AND(H6>=$J$8,H6<=$K$8),$L$8, IF(AND(H6>=$J$9,H6<=$K$9),$L$9, IF(AND(H6>=$J$10,H6<=$K$10),$L$10, IF(AND(H6>=$J$11,H6<=$K$11),$L$11))))))))))) | J6: 10 | K6: 13 | L6: 5 | M6: 4 | N6: =COUNTIF($I$2:$I$101,M6) -> 0
A7: =IF(NOT(ISBLANK(Curs!B11)),Curs!B11,"") | B7: =IF(AND(NOT(ISBLANK(Curs!C11)),OR(MAX(Curs!Y11:Z11)<5,MAX(Curs!Y11:Z11)=1)),Curs!C11,"") | H7: =IF(B7="","",ROUND(SUM(C7:G7),0)) | I7: =IF(B7="","", IF(H7=0,"n/p", IF(AND(H7>=$J$3,H7<=$K$3),$L$3, IF(AND(H7>=$J$4,H7<=$K$4),$L$4, IF(AND(H7>=$J$5,H7<=$K$5),$L$5, IF(AND(H7>=$J$6,H7<=$K$6),$L$6, IF(AND(H7>=$J$7,H7<=$K$7),$L$7, IF(AND(H7>=$J$8,H7<=$K$8),$L$8, IF(AND(H7>=$J$9,H7<=$K$9),$L$9, IF(AND(H7>=$J$10,H7<=$K$10),$L$10, IF(AND(H7>=$J$11,H7<=$K$11),$L$11))))))))))) | J7: 14 | K7: 18 | L7: 6 | M7: 5 | N7: =COUNTIF($I$2:$I$101,M7) -> 0
A8: =IF(NOT(ISBLANK(Curs!B12)),Curs!B12,"") | B8: =IF(AND(NOT(ISBLANK(Curs!C12)),OR(MAX(Curs!Y12:Z12)<5,MAX(Curs!Y12:Z12)=1)),Curs!C12,"") | H8: =IF(B8="","",ROUND(SUM(C8:G8),0)) | I8: =IF(B8="","", IF(H8=0,"n/p", IF(AND(H8>=$J$3,H8<=$K$3),$L$3, IF(AND(H8>=$J$4,H8<=$K$4),$L$4, IF(AND(H8>=$J$5,H8<=$K$5),$L$5, IF(AND(H8>=$J$6,H8<=$K$6),$L$6, IF(AND(H8>=$J$7,H8<=$K$7),$L$7, IF(AND(H8>=$J$8,H8<=$K$8),$L$8, IF(AND(H8>=$J$9,H8<=$K$9),$L$9, IF(AND(H8>=$J$10,H8<=$K$10),$L$10, IF(AND(H8>=$J$11,H8<=$K$11),$L$11))))))))))) | J8: 19 | K8: 22 | L8: 7 | M8: 6 | N8: =COUNTIF($I$2:$I$101,M8) -> 0
A9: =IF(NOT(ISBLANK(Curs!B13)),Curs!B13,"") | B9: =IF(AND(NOT(ISBLANK(Curs!C13)),OR(MAX(Curs!Y13:Z13)<5,MAX(Curs!Y13:Z13)=1)),Curs!C13,"") | H9: =IF(B9="","",ROUND(SUM(C9:G9),0)) | I9: =IF(B9="","", IF(H9=0,"n/p", IF(AND(H9>=$J$3,H9<=$K$3),$L$3, IF(AND(H9>=$J$4,H9<=$K$4),$L$4, IF(AND(H9>=$J$5,H9<=$K$5),$L$5, IF(AND(H9>=$J$6,H9<=$K$6),$L$6, IF(AND(H9>=$J$7,H9<=$K$7),$L$7, IF(AND(H9>=$J$8,H9<=$K$8),$L$8, IF(AND(H9>=$J$9,H9<=$K$9),$L$9, IF(AND(H9>=$J$10,H9<=$K$10),$L$10, IF(AND(H9>=$J$11,H9<=$K$11),$L$11))))))))))) | J9: 23 | K9: 26 | L9: 8 | M9: 7 | N9: =COUNTIF($I$2:$I$101,M9) -> 0
A10: =IF(NOT(ISBLANK(Curs!B14)),Curs!B14,"") | B10: =IF(AND(NOT(ISBLANK(Curs!C14)),OR(MAX(Curs!Y14:Z14)<5,MAX(Curs!Y14:Z14)=1)),Curs!C14,"") | H10: =IF(B10="","",ROUND(SUM(C10:G10),0)) | I10: =IF(B10="","", IF(H10=0,"n/p", IF(AND(H10>=$J$3,H10<=$K$3),$L$3, IF(AND(H10>=$J$4,H10<=$K$4),$L$4, IF(AND(H10>=$J$5,H10<=$K$5),$L$5, IF(AND(H10>=$J$6,H10<=$K$6),$L$6, IF(AND(H10>=$J$7,H10<=$K$7),$L$7, IF(AND(H10>=$J$8,H10<=$K$8),$L$8, IF(AND(H10>=$J$9,H10<=$K$9),$L$9, IF(AND(H10>=$J$10,H10<=$K$10),$L$10, IF(AND(H10>=$J$11,H10<=$K$11),$L$11))))))))))) | J10: 27 | K10: 28 | L10: 9 | M10: 8 | N10: =COUNTIF($I$2:$I$101,M10) -> 0
A11: =IF(NOT(ISBLANK(Curs!B15)),Curs!B15,"") | B11: =IF(AND(NOT(ISBLANK(Curs!C15)),OR(MAX(Curs!Y15:Z15)<5,MAX(Curs!Y15:Z15)=1)),Curs!C15,"") | H11: =IF(B11="","",ROUND(SUM(C11:G11),0)) | I11: =IF(B11="","", IF(H11=0,"n/p", IF(AND(H11>=$J$3,H11<=$K$3),$L$3, IF(AND(H11>=$J$4,H11<=$K$4),$L$4, IF(AND(H11>=$J$5,H11<=$K$5),$L$5, IF(AND(H11>=$J$6,H11<=$K$6),$L$6, IF(AND(H11>=$J$7,H11<=$K$7),$L$7, IF(AND(H11>=$J$8,H11<=$K$8),$L$8, IF(AND(H11>=$J$9,H11<=$K$9),$L$9, IF(AND(H11>=$J$10,H11<=$K$10),$L$10, IF(AND(H11>=$J$11,H11<=$K$11),$L$11))))))))))) | J11: 29 | K11: 30 | L11: 10 | M11: 9 | N11: =COUNTIF($I$2:$I$101,M11) -> 0
A12: =IF(NOT(ISBLANK(Curs!B16)),Curs!B16,"") | B12: =IF(AND(NOT(ISBLANK(Curs!C16)),OR(MAX(Curs!Y16:Z16)<5,MAX(Curs!Y16:Z16)=1)),Curs!C16,"") | H12: =IF(B12="","",ROUND(SUM(C12:G12),0)) | I12: =IF(B12="","", IF(H12=0,"n/p", IF(AND(H12>=$J$3,H12<=$K$3),$L$3, IF(AND(H12>=$J$4,H12<=$K$4),$L$4, IF(AND(H12>=$J$5,H12<=$K$5),$L$5, IF(AND(H12>=$J$6,H12<=$K$6),$L$6, IF(AND(H12>=$J$7,H12<=$K$7),$L$7, IF(AND(H12>=$J$8,H12<=$K$8),$L$8, IF(AND(H12>=$J$9,H12<=$K$9),$L$9, IF(AND(H12>=$J$10,H12<=$K$10),$L$10, IF(AND(H12>=$J$11,H12<=$K$11),$L$11))))))))))) | M12: 10 | N12: =COUNTIF($I$2:$I$101,M12) -> 0
A13: =IF(NOT(ISBLANK(Curs!B17)),Curs!B17,"") | B13: =IF(AND(NOT(ISBLANK(Curs!C17)),OR(MAX(Curs!Y17:Z17)<5,MAX(Curs!Y17:Z17)=1)),Curs!C17,"") | H13: =IF(B13="","",ROUND(SUM(C13:G13),0)) | I13: =IF(B13="","", IF(H13=0,"n/p", IF(AND(H13>=$J$3,H13<=$K$3),$L$3, IF(AND(H13>=$J$4,H13<=$K$4),$L$4, IF(AND(H13>=$J$5,H13<=$K$5),$L$5, IF(AND(H13>=$J$6,H13<=$K$6),$L$6, IF(AND(H13>=$J$7,H13<=$K$7),$L$7, IF(AND(H13>=$J$8,H13<=$K$8),$L$8, IF(AND(H13>=$J$9,H13<=$K$9),$L$9, IF(AND(H13>=$J$10,H13<=$K$10),$L$10, IF(AND(H13>=$J$11,H13<=$K$11),$L$11))))))))))) | M13: n/p | N13: =COUNTIF($I$2:$I$101,M13) -> 1
A14: =IF(NOT(ISBLANK(Curs!B18)),Curs!B18,"") | B14: =IF(AND(NOT(ISBLANK(Curs!C18)),OR(MAX(Curs!Y18:Z18)<5,MAX(Curs!Y18:Z18)=1)),Curs!C18,"") | H14: =IF(B14="","",ROUND(SUM(C14:G14),0)) | I14: =IF(B14="","", IF(H14=0,"n/p", IF(AND(H14>=$J$3,H14<=$K$3),$L$3, IF(AND(H14>=$J$4,H14<=$K$4),$L$4, IF(AND(H14>=$J$5,H14<=$K$5),$L$5, IF(AND(H14>=$J$6,H14<=$K$6),$L$6, IF(AND(H14>=$J$7,H14<=$K$7),$L$7, IF(AND(H14>=$J$8,H14<=$K$8),$L$8, IF(AND(H14>=$J$9,H14<=$K$9),$L$9, IF(AND(H14>=$J$10,H14<=$K$10),$L$10, IF(AND(H14>=$J$11,H14<=$K$11),$L$11)))))))))))
A15: =IF(NOT(ISBLANK(Curs!B19)),Curs!B19,"") | B15: =IF(AND(NOT(ISBLANK(Curs!C19)),OR(MAX(Curs!Y19:Z19)<5,MAX(Curs!Y19:Z19)=1)),Curs!C19,"") | H15: =IF(B15="","",ROUND(SUM(C15:G15),0)) | I15: =IF(B15="","", IF(H15=0,"n/p", IF(AND(H15>=$J$3,H15<=$K$3),$L$3, IF(AND(H15>=$J$4,H15<=$K$4),$L$4, IF(AND(H15>=$J$5,H15<=$K$5),$L$5, IF(AND(H15>=$J$6,H15<=$K$6),$L$6, IF(AND(H15>=$J$7,H15<=$K$7),$L$7, IF(AND(H15>=$J$8,H15<=$K$8),$L$8, IF(AND(H15>=$J$9,H15<=$K$9),$L$9, IF(AND(H15>=$J$10,H15<=$K$10),$L$10, IF(AND(H15>=$J$11,H15<=$K$11),$L$11)))))))))))
A16: =IF(NOT(ISBLANK(Curs!B20)),Curs!B20,"") | B16: =IF(AND(NOT(ISBLANK(Curs!C20)),OR(MAX(Curs!Y20:Z20)<5,MAX(Curs!Y20:Z20)=1)),Curs!C20,"") | H16: =IF(B16="","",ROUND(SUM(C16:G16),0)) | I16: =IF(B16="","", IF(H16=0,"n/p", IF(AND(H16>=$J$3,H16<=$K$3),$L$3, IF(AND(H16>=$J$4,H16<=$K$4),$L$4, IF(AND(H16>=$J$5,H16<=$K$5),$L$5, IF(AND(H16>=$J$6,H16<=$K$6),$L$6, IF(AND(H16>=$J$7,H16<=$K$7),$L$7, IF(AND(H16>=$J$8,H16<=$K$8),$L$8, IF(AND(H16>=$J$9,H16<=$K$9),$L$9, IF(AND(H16>=$J$10,H16<=$K$10),$L$10, IF(AND(H16>=$J$11,H16<=$K$11),$L$11)))))))))))
A17: =IF(NOT(ISBLANK(Curs!B21)),Curs!B21,"") | B17: =IF(AND(NOT(ISBLANK(Curs!C21)),OR(MAX(Curs!Y21:Z21)<5,MAX(Curs!Y21:Z21)=1)),Curs!C21,"") | H17: =IF(B17="","",ROUND(SUM(C17:G17),0)) | I17: =IF(B17="","", IF(H17=0,"n/p", IF(AND(H17>=$J$3,H17<=$K$3),$L$3, IF(AND(H17>=$J$4,H17<=$K$4),$L$4, IF(AND(H17>=$J$5,H17<=$K$5),$L$5, IF(AND(H17>=$J$6,H17<=$K$6),$L$6, IF(AND(H17>=$J$7,H17<=$K$7),$L$7, IF(AND(H17>=$J$8,H17<=$K$8),$L$8, IF(AND(H17>=$J$9,H17<=$K$9),$L$9, IF(AND(H17>=$J$10,H17<=$K$10),$L$10, IF(AND(H17>=$J$11,H17<=$K$11),$L$11)))))))))))
A18: =IF(NOT(ISBLANK(Curs!B22)),Curs!B22,"") | B18: =IF(AND(NOT(ISBLANK(Curs!C22)),OR(MAX(Curs!Y22:Z22)<5,MAX(Curs!Y22:Z22)=1)),Curs!C22,"") | H18: =IF(B18="","",ROUND(SUM(C18:G18),0)) | I18: =IF(B18="","", IF(H18=0,"n/p", IF(AND(H18>=$J$3,H18<=$K$3),$L$3, IF(AND(H18>=$J$4,H18<=$K$4),$L$4, IF(AND(H18>=$J$5,H18<=$K$5),$L$5, IF(AND(H18>=$J$6,H18<=$K$6),$L$6, IF(AND(H18>=$J$7,H18<=$K$7),$L$7, IF(AND(H18>=$J$8,H18<=$K$8),$L$8, IF(AND(H18>=$J$9,H18<=$K$9),$L$9, IF(AND(H18>=$J$10,H18<=$K$10),$L$10, IF(AND(H18>=$J$11,H18<=$K$11),$L$11)))))))))))
A19: =IF(NOT(ISBLANK(Curs!B23)),Curs!B23,"") | B19: =IF(AND(NOT(ISBLANK(Curs!C23)),OR(MAX(Curs!Y23:Z23)<5,MAX(Curs!Y23:Z23)=1)),Curs!C23,"") | H19: =IF(B19="","",ROUND(SUM(C19:G19),0)) | I19: =IF(B19="","", IF(H19=0,"n/p", IF(AND(H19>=$J$3,H19<=$K$3),$L$3, IF(AND(H19>=$J$4,H19<=$K$4),$L$4, IF(AND(H19>=$J$5,H19<=$K$5),$L$5, IF(AND(H19>=$J$6,H19<=$K$6),$L$6, IF(AND(H19>=$J$7,H19<=$K$7),$L$7, IF(AND(H19>=$J$8,H19<=$K$8),$L$8, IF(AND(H19>=$J$9,H19<=$K$9),$L$9, IF(AND(H19>=$J$10,H19<=$K$10),$L$10, IF(AND(H19>=$J$11,H19<=$K$11),$L$11)))))))))))
A20: =IF(NOT(ISBLANK(Curs!B24)),Curs!B24,"") | B20: =IF(AND(NOT(ISBLANK(Curs!C24)),OR(MAX(Curs!Y24:Z24)<5,MAX(Curs!Y24:Z24)=1)),Curs!C24,"") | H20: =IF(B20="","",ROUND(SUM(C20:G20),0)) | I20: =IF(B20="","", IF(H20=0,"n/p", IF(AND(H20>=$J$3,H20<=$K$3),$L$3, IF(AND(H20>=$J$4,H20<=$K$4),$L$4, IF(AND(H20>=$J$5,H20<=$K$5),$L$5, IF(AND(H20>=$J$6,H20<=$K$6),$L$6, IF(AND(H20>=$J$7,H20<=$K$7),$L$7, IF(AND(H20>=$J$8,H20<=$K$8),$L$8, IF(AND(H20>=$J$9,H20<=$K$9),$L$9, IF(AND(H20>=$J$10,H20<=$K$10),$L$10, IF(AND(H20>=$J$11,H20<=$K$11),$L$11)))))))))))
A21: =IF(NOT(ISBLANK(Curs!B25)),Curs!B25,"") | B21: =IF(AND(NOT(ISBLANK(Curs!C25)),OR(MAX(Curs!Y25:Z25)<5,MAX(Curs!Y25:Z25)=1)),Curs!C25,"") | H21: =IF(B21="","",ROUND(SUM(C21:G21),0)) | I21: =IF(B21="","", IF(H21=0,"n/p", IF(AND(H21>=$J$3,H21<=$K$3),$L$3, IF(AND(H21>=$J$4,H21<=$K$4),$L$4, IF(AND(H21>=$J$5,H21<=$K$5),$L$5, IF(AND(H21>=$J$6,H21<=$K$6),$L$6, IF(AND(H21>=$J$7,H21<=$K$7),$L$7, IF(AND(H21>=$J$8,H21<=$K$8),$L$8, IF(AND(H21>=$J$9,H21<=$K$9),$L$9, IF(AND(H21>=$J$10,H21<=$K$10),$L$10, IF(AND(H21>=$J$11,H21<=$K$11),$L$11)))))))))))
A22: =IF(NOT(ISBLANK(Curs!B26)),Curs!B26,"") | B22: =IF(AND(NOT(ISBLANK(Curs!C26)),OR(MAX(Curs!Y26:Z26)<5,MAX(Curs!Y26:Z26)=1)),Curs!C26,"") | H22: =IF(B22="","",ROUND(SUM(C22:G22),0)) | I22: =IF(B22="","", IF(H22=0,"n/p", IF(AND(H22>=$J$3,H22<=$K$3),$L$3, IF(AND(H22>=$J$4,H22<=$K$4),$L$4, IF(AND(H22>=$J$5,H22<=$K$5),$L$5, IF(AND(H22>=$J$6,H22<=$K$6),$L$6, IF(AND(H22>=$J$7,H22<=$K$7),$L$7, IF(AND(H22>=$J$8,H22<=$K$8),$L$8, IF(AND(H22>=$J$9,H22<=$K$9),$L$9, IF(AND(H22>=$J$10,H22<=$K$10),$L$10, IF(AND(H22>=$J$11,H22<=$K$11),$L$11)))))))))))
A23: =IF(NOT(ISBLANK(Curs!B27)),Curs!B27,"") | B23: =IF(AND(NOT(ISBLANK(Curs!C27)),OR(MAX(Curs!Y27:Z27)<5,MAX(Curs!Y27:Z27)=1)),Curs!C27,"") | H23: =IF(B23="","",ROUND(SUM(C23:G23),0)) | I23: =IF(B23="","", IF(H23=0,"n/p", IF(AND(H23>=$J$3,H23<=$K$3),$L$3, IF(AND(H23>=$J$4,H23<=$K$4),$L$4, IF(AND(H23>=$J$5,H23<=$K$5),$L$5, IF(AND(H23>=$J$6,H23<=$K$6),$L$6, IF(AND(H23>=$J$7,H23<=$K$7),$L$7, IF(AND(H23>=$J$8,H23<=$K$8),$L$8, IF(AND(H23>=$J$9,H23<=$K$9),$L$9, IF(AND(H23>=$J$10,H23<=$K$10),$L$10, IF(AND(H23>=$J$11,H23<=$K$11),$L$11)))))))))))
A24: =IF(NOT(ISBLANK(Curs!B28)),Curs!B28,"") | B24: =IF(AND(NOT(ISBLANK(Curs!C28)),OR(MAX(Curs!Y28:Z28)<5,MAX(Curs!Y28:Z28)=1)),Curs!C28,"") | H24: =IF(B24="","",ROUND(SUM(C24:G24),0)) | I24: =IF(B24="","", IF(H24=0,"n/p", IF(AND(H24>=$J$3,H24<=$K$3),$L$3, IF(AND(H24>=$J$4,H24<=$K$4),$L$4, IF(AND(H24>=$J$5,H24<=$K$5),$L$5, IF(AND(H24>=$J$6,H24<=$K$6),$L$6, IF(AND(H24>=$J$7,H24<=$K$7),$L$7, IF(AND(H24>=$J$8,H24<=$K$8),$L$8, IF(AND(H24>=$J$9,H24<=$K$9),$L$9, IF(AND(H24>=$J$10,H24<=$K$10),$L$10, IF(AND(H24>=$J$11,H24<=$K$11),$L$11)))))))))))
A25: =IF(NOT(ISBLANK(Curs!B29)),Curs!B29,"") | B25: =IF(AND(NOT(ISBLANK(Curs!C29)),OR(MAX(Curs!Y29:Z29)<5,MAX(Curs!Y29:Z29)=1)),Curs!C29,"") | H25: =IF(B25="","",ROUND(SUM(C25:G25),0)) | I25: =IF(B25="","", IF(H25=0,"n/p", IF(AND(H25>=$J$3,H25<=$K$3),$L$3, IF(AND(H25>=$J$4,H25<=$K$4),$L$4, IF(AND(H25>=$J$5,H25<=$K$5),$L$5, IF(AND(H25>=$J$6,H25<=$K$6),$L$6, IF(AND(H25>=$J$7,H25<=$K$7),$L$7, IF(AND(H25>=$J$8,H25<=$K$8),$L$8, IF(AND(H25>=$J$9,H25<=$K$9),$L$9, IF(AND(H25>=$J$10,H25<=$K$10),$L$10, IF(AND(H25>=$J$11,H25<=$K$11),$L$11)))))))))))
... A105: =IF(NOT(ISBLANK(Curs!B109)),Curs!B109,"") | B105: =IF(AND(NOT(ISBLANK(Curs!C109)),OR(MAX(Curs!Y109:Z109)<5,MAX(Curs!Y109:Z109)=1)),Curs!C109,"") | H105: =IF(B105="","",ROUND(SUM(C105:G105),0)) | I105: =IF(B105="","", IF(H105=0,"n/p", IF(AND(H105>=$J$3,H105<=$K$3),$L$3, IF(AND(H105>=$J$4,H105<=$K$4),$L$4, IF(AND(H105>=$J$5,H105<=$K$5),$L$5, IF(AND(H105>=$J$6,H105<=$K$6),$L$6, IF(AND(H105>=$J$7,H105<=$K$7),$L$7, IF(AND(H105>=$J$8,H105<=$K$8),$L$8, IF(AND(H105>=$J$9,H105<=$K$9),$L$9, IF(AND(H105>=$J$10,H105<=$K$10),$L$10, IF(AND(H105>=$J$11,H105<=$K$11),$L$11)))))))))))

Sheet Examen
A1: Nr. | B1: Nume, Prenume | C1: item 1 6 p | D1: item 2 10 p | E1: item 3 14 p | F1: Pctj Total | G1: Nota | H1: Baremul de evaluare | K1: Statistica
A2: =IF(NOT(ISBLANK(Curs!B6)),Curs!B6,"") -> 1 | B2: =IF(NOT(ISBLANK(Curs!C6)),Curs!C6,"") -> Nume, Prenume | F2: =IF(B2="","", IF(Curs!AG6,"Eliberat", ROUND(SUM(C2:E2),0))) -> 0 | G2: =IF(B2="","", IF(Curs!AG6,Curs!AG6, IF(F2=0,"n/p", IF(AND(F2>=$H$3,F2<=$I$3),$J$3, IF(AND(F2>=$H$4,F2<=$I$4),$J$4, IF(AND(F2>=$H$5,F2<=$I$5),$J$5, IF(AND(F2>=$H$6,F2<=$I$6),$J$6, IF(AND(F2>=$H$7,F2<=$I$7),$J$7, IF(AND(F2>=$H$8,F2<=$I$8),$J$8, IF(AND(F2>=$H$9,F2<=$I$9),$J$9, IF(AND(F2>=$H$10,F2<=$I$10),$J$10, IF(AND(F2>=$H$11,F2<=$I$11),$J$11)))))))))))) -> n/p | H2: Punctajul acumulat | J2: Nota | K2: Nota | L2: Nr de note
A3: =IF(NOT(ISBLANK(Curs!B7)),Curs!B7,"") | B3: =IF(NOT(ISBLANK(Curs!C7)),Curs!C7,"") | F3: =IF(B3="","", IF(Curs!AG7,"Eliberat", ROUND(SUM(C3:E3),0))) | G3: =IF(B3="","", IF(Curs!AG7,Curs!AG7, IF(F3=0,"n/p", IF(AND(F3>=$H$3,F3<=$I$3),$J$3, IF(AND(F3>=$H$4,F3<=$I$4),$J$4, IF(AND(F3>=$H$5,F3<=$I$5),$J$5, IF(AND(F3>=$H$6,F3<=$I$6),$J$6, IF(AND(F3>=$H$7,F3<=$I$7),$J$7, IF(AND(F3>=$H$8,F3<=$I$8),$J$8, IF(AND(F3>=$H$9,F3<=$I$9),$J$9, IF(AND(F3>=$H$10,F3<=$I$10),$J$10, IF(AND(F3>=$H$11,F3<=$I$11),$J$11)))))))))))) | H3: 0 | I3: 3 | J3: 2 | K3: 1 | L3: =COUNTIF($G$2:$G101,K3) -> 0
A4: =IF(NOT(ISBLANK(Curs!B8)),Curs!B8,"") | B4: =IF(NOT(ISBLANK(Curs!C8)),Curs!C8,"") | F4: =IF(B4="","", IF(Curs!AG8,"Eliberat", ROUND(SUM(C4:E4),0))) | G4: =IF(B4="","", IF(Curs!AG8,Curs!AG8, IF(F4=0,"n/p", IF(AND(F4>=$H$3,F4<=$I$3),$J$3, IF(AND(F4>=$H$4,F4<=$I$4),$J$4, IF(AND(F4>=$H$5,F4<=$I$5),$J$5, IF(AND(F4>=$H$6,F4<=$I$6),$J$6, IF(AND(F4>=$H$7,F4<=$I$7),$J$7, IF(AND(F4>=$H$8,F4<=$I$8),$J$8, IF(AND(F4>=$H$9,F4<=$I$9),$J$9, IF(AND(F4>=$H$10,F4<=$I$10),$J$10, IF(AND(F4>=$H$11,F4<=$I$11),$J$11)))))))))))) | H4: 4 | I4: 5 | J4: 3 | K4: 2 | L4: =COUNTIF($G$2:$G102,K4) -> 0
A5: =IF(NOT(ISBLANK(Curs!B9)),Curs!B9,"") | B5: =IF(NOT(ISBLANK(Curs!C9)),Curs!C9,"") | F5: =IF(B5="","", IF(Curs!AG9,"Eliberat", ROUND(SUM(C5:E5),0))) | G5: =IF(B5="","", IF(Curs!AG9,Curs!AG9, IF(F5=0,"n/p", IF(AND(F5>=$H$3,F5<=$I$3),$J$3, IF(AND(F5>=$H$4,F5<=$I$4),$J$4, IF(AND(F5>=$H$5,F5<=$I$5),$J$5, IF(AND(F5>=$H$6,F5<=$I$6),$J$6, IF(AND(F5>=$H$7,F5<=$I$7),$J$7, IF(AND(F5>=$H$8,F5<=$I$8),$J$8, IF(AND(F5>=$H$9,F5<=$I$9),$J$9, IF(AND(F5>=$H$10,F5<=$I$10),$J$10, IF(AND(F5>=$H$11,F5<=$I$11),$J$11)))))))))))) | H5: 6 | I5: 9 | J5: 4 | K5: 3 | L5: =COUNTIF($G$2:$G103,K5) -> 0
A6: =IF(NOT(ISBLANK(Curs!B10)),Curs!B10,"") | B6: =IF(NOT(ISBLANK(Curs!C10)),Curs!C10,"") | F6: =IF(B6="","", IF(Curs!AG10,"Eliberat", ROUND(SUM(C6:E6),0))) | G6: =IF(B6="","", IF(Curs!AG10,Curs!AG10, IF(F6=0,"n/p", IF(AND(F6>=$H$3,F6<=$I$3),$J$3, IF(AND(F6>=$H$4,F6<=$I$4),$J$4, IF(AND(F6>=$H$5,F6<=$I$5),$J$5, IF(AND(F6>=$H$6,F6<=$I$6),$J$6, IF(AND(F6>=$H$7,F6<=$I$7),$J$7, IF(AND(F6>=$H$8,F6<=$I$8),$J$8, IF(AND(F6>=$H$9,F6<=$I$9),$J$9, IF(AND(F6>=$H$10,F6<=$I$10),$J$10, IF(AND(F6>=$H$11,F6<=$I$11),$J$11)))))))))))) | H6: 10 | I6: 13 | J6: 5 | K6: 4 | L6: =COUNTIF($G$2:$G104,K6) -> 0
A7: =IF(NOT(ISBLANK(Curs!B11)),Curs!B11,"") | B7: =IF(NOT(ISBLANK(Curs!C11)),Curs!C11,"") | F7: =IF(B7="","", IF(Curs!AG11,"Eliberat", ROUND(SUM(C7:E7),0))) | G7: =IF(B7="","", IF(Curs!AG11,Curs!AG11, IF(F7=0,"n/p", IF(AND(F7>=$H$3,F7<=$I$3),$J$3, IF(AND(F7>=$H$4,F7<=$I$4),$J$4, IF(AND(F7>=$H$5,F7<=$I$5),$J$5, IF(AND(F7>=$H$6,F7<=$I$6),$J$6, IF(AND(F7>=$H$7,F7<=$I$7),$J$7, IF(AND(F7>=$H$8,F7<=$I$8),$J$8, IF(AND(F7>=$H$9,F7<=$I$9),$J$9, IF(AND(F7>=$H$10,F7<=$I$10),$J$10, IF(AND(F7>=$H$11,F7<=$I$11),$J$11)))))))))))) | H7: 14 | I7: 18 | J7: 6 | K7: 5 | L7: =COUNTIF($G$2:$G105,K7) -> 0
A8: =IF(NOT(ISBLANK(Curs!B12)),Curs!B12,"") | B8: =IF(NOT(ISBLANK(Curs!C12)),Curs!C12,"") | F8: =IF(B8="","", IF(Curs!AG12,"Eliberat", ROUND(SUM(C8:E8),0))) | G8: =IF(B8="","", IF(Curs!AG12,Curs!AG12, IF(F8=0,"n/p", IF(AND(F8>=$H$3,F8<=$I$3),$J$3, IF(AND(F8>=$H$4,F8<=$I$4),$J$4, IF(AND(F8>=$H$5,F8<=$I$5),$J$5, IF(AND(F8>=$H$6,F8<=$I$6),$J$6, IF(AND(F8>=$H$7,F8<=$I$7),$J$7, IF(AND(F8>=$H$8,F8<=$I$8),$J$8, IF(AND(F8>=$H$9,F8<=$I$9),$J$9, IF(AND(F8>=$H$10,F8<=$I$10),$J$10, IF(AND(F8>=$H$11,F8<=$I$11),$J$11)))))))))))) | H8: 19 | I8: 22 | J8: 7 | K8: 6 | L8: =COUNTIF($G$2:$G106,K8) -> 0
A9: =IF(NOT(ISBLANK(Curs!B13)),Curs!B13,"") | B9: =IF(NOT(ISBLANK(Curs!C13)),Curs!C13,"") | F9: =IF(B9="","", IF(Curs!AG13,"Eliberat", ROUND(SUM(C9:E9),0))) | G9: =IF(B9="","", IF(Curs!AG13,Curs!AG13, IF(F9=0,"n/p", IF(AND(F9>=$H$3,F9<=$I$3),$J$3, IF(AND(F9>=$H$4,F9<=$I$4),$J$4, IF(AND(F9>=$H$5,F9<=$I$5),$J$5, IF(AND(F9>=$H$6,F9<=$I$6),$J$6, IF(AND(F9>=$H$7,F9<=$I$7),$J$7, IF(AND(F9>=$H$8,F9<=$I$8),$J$8, IF(AND(F9>=$H$9,F9<=$I$9),$J$9, IF(AND(F9>=$H$10,F9<=$I$10),$J$10, IF(AND(F9>=$H$11,F9<=$I$11),$J$11)))))))))))) | H9: 23 | I9: 26 | J9: 8 | K9: 7 | L9: =COUNTIF($G$2:$G107,K9) -> 0
A10: =IF(NOT(ISBLANK(Curs!B14)),Curs!B14,"") | B10: =IF(NOT(ISBLANK(Curs!C14)),Curs!C14,"") | F10: =IF(B10="","", IF(Curs!AG14,"Eliberat", ROUND(SUM(C10:E10),0))) | G10: =IF(B10="","", IF(Curs!AG14,Curs!AG14, IF(F10=0,"n/p", IF(AND(F10>=$H$3,F10<=$I$3),$J$3, IF(AND(F10>=$H$4,F10<=$I$4),$J$4, IF(AND(F10>=$H$5,F10<=$I$5),$J$5, IF(AND(F10>=$H$6,F10<=$I$6),$J$6, IF(AND(F10>=$H$7,F10<=$I$7),$J$7, IF(AND(F10>=$H$8,F10<=$I$8),$J$8, IF(AND(F10>=$H$9,F10<=$I$9),$J$9, IF(AND(F10>=$H$10,F10<=$I$10),$J$10, IF(AND(F10>=$H$11,F10<=$I$11),$J$11)))))))))))) | H10: 27 | I10: 28 | J10: 9 | K10: 8 | L10: =COUNTIF($G$2:$G108,K10) -> 0
A11: =IF(NOT(ISBLANK(Curs!B15)),Curs!B15,"") | B11: =IF(NOT(ISBLANK(Curs!C15)),Curs!C15,"") | F11: =IF(B11="","", IF(Curs!AG15,"Eliberat", ROUND(SUM(C11:E11),0))) | G11: =IF(B11="","", IF(Curs!AG15,Curs!AG15, IF(F11=0,"n/p", IF(AND(F11>=$H$3,F11<=$I$3),$J$3, IF(AND(F11>=$H$4,F11<=$I$4),$J$4, IF(AND(F11>=$H$5,F11<=$I$5),$J$5, IF(AND(F11>=$H$6,F11<=$I$6),$J$6, IF(AND(F11>=$H$7,F11<=$I$7),$J$7, IF(AND(F11>=$H$8,F11<=$I$8),$J$8, IF(AND(F11>=$H$9,F11<=$I$9),$J$9, IF(AND(F11>=$H$10,F11<=$I$10),$J$10, IF(AND(F11>=$H$11,F11<=$I$11),$J$11)))))))))))) | H11: 29 | I11: 30 | J11: 10 | K11: 9 | L11: =COUNTIF($G$2:$G109,K11) -> 0
A12: =IF(NOT(ISBLANK(Curs!B16)),Curs!B16,"") | B12: =IF(NOT(ISBLANK(Curs!C16)),Curs!C16,"") | F12: =IF(B12="","", IF(Curs!AG16,"Eliberat", ROUND(SUM(C12:E12),0))) | G12: =IF(B12="","", IF(Curs!AG16,Curs!AG16, IF(F12=0,"n/p", IF(AND(F12>=$H$3,F12<=$I$3),$J$3, IF(AND(F12>=$H$4,F12<=$I$4),$J$4, IF(AND(F12>=$H$5,F12<=$I$5),$J$5, IF(AND(F12>=$H$6,F12<=$I$6),$J$6, IF(AND(F12>=$H$7,F12<=$I$7),$J$7, IF(AND(F12>=$H$8,F12<=$I$8),$J$8, IF(AND(F12>=$H$9,F12<=$I$9),$J$9, IF(AND(F12>=$H$10,F12<=$I$10),$J$10, IF(AND(F12>=$H$11,F12<=$I$11),$J$11)))))))))))) | K12: 10 | L12: =COUNTIF($G$2:$G110,K12) -> 0
A13: =IF(NOT(ISBLANK(Curs!B17)),Curs!B17,"") | B13: =IF(NOT(ISBLANK(Curs!C17)),Curs!C17,"") | F13: =IF(B13="","", IF(Curs!AG17,"Eliberat", ROUND(SUM(C13:E13),0))) | G13: =IF(B13="","", IF(Curs!AG17,Curs!AG17, IF(F13=0,"n/p", IF(AND(F13>=$H$3,F13<=$I$3),$J$3, IF(AND(F13>=$H$4,F13<=$I$4),$J$4, IF(AND(F13>=$H$5,F13<=$I$5),$J$5, IF(AND(F13>=$H$6,F13<=$I$6),$J$6, IF(AND(F13>=$H$7,F13<=$I$7),$J$7, IF(AND(F13>=$H$8,F13<=$I$8),$J$8, IF(AND(F13>=$H$9,F13<=$I$9),$J$9, IF(AND(F13>=$H$10,F13<=$I$10),$J$10, IF(AND(F13>=$H$11,F13<=$I$11),$J$11)))))))))))) | K13: n/p | L13: =COUNTIF($G$2:$G111,K13) -> 1
A14: =IF(NOT(ISBLANK(Curs!B18)),Curs!B18,"") | B14: =IF(NOT(ISBLANK(Curs!C18)),Curs!C18,"") | F14: =IF(B14="","", IF(Curs!AG18,"Eliberat", ROUND(SUM(C14:E14),0))) | G14: =IF(B14="","", IF(Curs!AG18,Curs!AG18, IF(F14=0,"n/p", IF(AND(F14>=$H$3,F14<=$I$3),$J$3, IF(AND(F14>=$H$4,F14<=$I$4),$J$4, IF(AND(F14>=$H$5,F14<=$I$5),$J$5, IF(AND(F14>=$H$6,F14<=$I$6),$J$6, IF(AND(F14>=$H$7,F14<=$I$7),$J$7, IF(AND(F14>=$H$8,F14<=$I$8),$J$8, IF(AND(F14>=$H$9,F14<=$I$9),$J$9, IF(AND(F14>=$H$10,F14<=$I$10),$J$10, IF(AND(F14>=$H$11,F14<=$I$11),$J$11))))))))))))
A15: =IF(NOT(ISBLANK(Curs!B19)),Curs!B19,"") | B15: =IF(NOT(ISBLANK(Curs!C19)),Curs!C19,"") | F15: =IF(B15="","", IF(Curs!AG19,"Eliberat", ROUND(SUM(C15:E15),0))) | G15: =IF(B15="","", IF(Curs!AG19,Curs!AG19, IF(F15=0,"n/p", IF(AND(F15>=$H$3,F15<=$I$3),$J$3, IF(AND(F15>=$H$4,F15<=$I$4),$J$4, IF(AND(F15>=$H$5,F15<=$I$5),$J$5, IF(AND(F15>=$H$6,F15<=$I$6),$J$6, IF(AND(F15>=$H$7,F15<=$I$7),$J$7, IF(AND(F15>=$H$8,F15<=$I$8),$J$8, IF(AND(F15>=$H$9,F15<=$I$9),$J$9, IF(AND(F15>=$H$10,F15<=$I$10),$J$10, IF(AND(F15>=$H$11,F15<=$I$11),$J$11))))))))))))
A16: =IF(NOT(ISBLANK(Curs!B20)),Curs!B20,"") | B16: =IF(NOT(ISBLANK(Curs!C20)),Curs!C20,"") | F16: =IF(B16="","", IF(Curs!AG20,"Eliberat", ROUND(SUM(C16:E16),0))) | G16: =IF(B16="","", IF(Curs!AG20,Curs!AG20, IF(F16=0,"n/p", IF(AND(F16>=$H$3,F16<=$I$3),$J$3, IF(AND(F16>=$H$4,F16<=$I$4),$J$4, IF(AND(F16>=$H$5,F16<=$I$5),$J$5, IF(AND(F16>=$H$6,F16<=$I$6),$J$6, IF(AND(F16>=$H$7,F16<=$I$7),$J$7, IF(AND(F16>=$H$8,F16<=$I$8),$J$8, IF(AND(F16>=$H$9,F16<=$I$9),$J$9, IF(AND(F16>=$H$10,F16<=$I$10),$J$10, IF(AND(F16>=$H$11,F16<=$I$11),$J$11))))))))))))
A17: =IF(NOT(ISBLANK(Curs!B21)),Curs!B21,"") | B17: =IF(NOT(ISBLANK(Curs!C21)),Curs!C21,"") | F17: =IF(B17="","", IF(Curs!AG21,"Eliberat", ROUND(SUM(C17:E17),0))) | G17: =IF(B17="","", IF(Curs!AG21,Curs!AG21, IF(F17=0,"n/p", IF(AND(F17>=$H$3,F17<=$I$3),$J$3, IF(AND(F17>=$H$4,F17<=$I$4),$J$4, IF(AND(F17>=$H$5,F17<=$I$5),$J$5, IF(AND(F17>=$H$6,F17<=$I$6),$J$6, IF(AND(F17>=$H$7,F17<=$I$7),$J$7, IF(AND(F17>=$H$8,F17<=$I$8),$J$8, IF(AND(F17>=$H$9,F17<=$I$9),$J$9, IF(AND(F17>=$H$10,F17<=$I$10),$J$10, IF(AND(F17>=$H$11,F17<=$I$11),$J$11))))))))))))
A18: =IF(NOT(ISBLANK(Curs!B22)),Curs!B22,"") | B18: =IF(NOT(ISBLANK(Curs!C22)),Curs!C22,"") | F18: =IF(B18="","", IF(Curs!AG22,"Eliberat", ROUND(SUM(C18:E18),0))) | G18: =IF(B18="","", IF(Curs!AG22,Curs!AG22, IF(F18=0,"n/p", IF(AND(F18>=$H$3,F18<=$I$3),$J$3, IF(AND(F18>=$H$4,F18<=$I$4),$J$4, IF(AND(F18>=$H$5,F18<=$I$5),$J$5, IF(AND(F18>=$H$6,F18<=$I$6),$J$6, IF(AND(F18>=$H$7,F18<=$I$7),$J$7, IF(AND(F18>=$H$8,F18<=$I$8),$J$8, IF(AND(F18>=$H$9,F18<=$I$9),$J$9, IF(AND(F18>=$H$10,F18<=$I$10),$J$10, IF(AND(F18>=$H$11,F18<=$I$11),$J$11))))))))))))
A19: =IF(NOT(ISBLANK(Curs!B23)),Curs!B23,"") | B19: =IF(NOT(ISBLANK(Curs!C23)),Curs!C23,"") | F19: =IF(B19="","", IF(Curs!AG23,"Eliberat", ROUND(SUM(C19:E19),0))) | G19: =IF(B19="","", IF(Curs!AG23,Curs!AG23, IF(F19=0,"n/p", IF(AND(F19>=$H$3,F19<=$I$3),$J$3, IF(AND(F19>=$H$4,F19<=$I$4),$J$4, IF(AND(F19>=$H$5,F19<=$I$5),$J$5, IF(AND(F19>=$H$6,F19<=$I$6),$J$6, IF(AND(F19>=$H$7,F19<=$I$7),$J$7, IF(AND(F19>=$H$8,F19<=$I$8),$J$8, IF(AND(F19>=$H$9,F19<=$I$9),$J$9, IF(AND(F19>=$H$10,F19<=$I$10),$J$10, IF(AND(F19>=$H$11,F19<=$I$11),$J$11))))))))))))
A20: =IF(NOT(ISBLANK(Curs!B24)),Curs!B24,"") | B20: =IF(NOT(ISBLANK(Curs!C24)),Curs!C24,"") | F20: =IF(B20="","", IF(Curs!AG24,"Eliberat", ROUND(SUM(C20:E20),0))) | G20: =IF(B20="","", IF(Curs!AG24,Curs!AG24, IF(F20=0,"n/p", IF(AND(F20>=$H$3,F20<=$I$3),$J$3, IF(AND(F20>=$H$4,F20<=$I$4),$J$4, IF(AND(F20>=$H$5,F20<=$I$5),$J$5, IF(AND(F20>=$H$6,F20<=$I$6),$J$6, IF(AND(F20>=$H$7,F20<=$I$7),$J$7, IF(AND(F20>=$H$8,F20<=$I$8),$J$8, IF(AND(F20>=$H$9,F20<=$I$9),$J$9, IF(AND(F20>=$H$10,F20<=$I$10),$J$10, IF(AND(F20>=$H$11,F20<=$I$11),$J$11))))))))))))
A21: =IF(NOT(ISBLANK(Curs!B25)),Curs!B25,"") | B21: =IF(NOT(ISBLANK(Curs!C25)),Curs!C25,"") | F21: =IF(B21="","", IF(Curs!AG25,"Eliberat", ROUND(SUM(C21:E21),0))) | G21: =IF(B21="","", IF(Curs!AG25,Curs!AG25, IF(F21=0,"n/p", IF(AND(F21>=$H$3,F21<=$I$3),$J$3, IF(AND(F21>=$H$4,F21<=$I$4),$J$4, IF(AND(F21>=$H$5,F21<=$I$5),$J$5, IF(AND(F21>=$H$6,F21<=$I$6),$J$6, IF(AND(F21>=$H$7,F21<=$I$7),$J$7, IF(AND(F21>=$H$8,F21<=$I$8),$J$8, IF(AND(F21>=$H$9,F21<=$I$9),$J$9, IF(AND(F21>=$H$10,F21<=$I$10),$J$10, IF(AND(F21>=$H$11,F21<=$I$11),$J$11))))))))))))
A22: =IF(NOT(ISBLANK(Curs!B26)),Curs!B26,"") | B22: =IF(NOT(ISBLANK(Curs!C26)),Curs!C26,"") | F22: =IF(B22="","", IF(Curs!AG26,"Eliberat", ROUND(SUM(C22:E22),0))) | G22: =IF(B22="","", IF(Curs!AG26,Curs!AG26, IF(F22=0,"n/p", IF(AND(F22>=$H$3,F22<=$I$3),$J$3, IF(AND(F22>=$H$4,F22<=$I$4),$J$4, IF(AND(F22>=$H$5,F22<=$I$5),$J$5, IF(AND(F22>=$H$6,F22<=$I$6),$J$6, IF(AND(F22>=$H$7,F22<=$I$7),$J$7, IF(AND(F22>=$H$8,F22<=$I$8),$J$8, IF(AND(F22>=$H$9,F22<=$I$9),$J$9, IF(AND(F22>=$H$10,F22<=$I$10),$J$10, IF(AND(F22>=$H$11,F22<=$I$11),$J$11))))))))))))
A23: =IF(NOT(ISBLANK(Curs!B27)),Curs!B27,"") | B23: =IF(NOT(ISBLANK(Curs!C27)),Curs!C27,"") | F23: =IF(B23="","", IF(Curs!AG27,"Eliberat", ROUND(SUM(C23:E23),0))) | G23: =IF(B23="","", IF(Curs!AG27,Curs!AG27, IF(F23=0,"n/p", IF(AND(F23>=$H$3,F23<=$I$3),$J$3, IF(AND(F23>=$H$4,F23<=$I$4),$J$4, IF(AND(F23>=$H$5,F23<=$I$5),$J$5, IF(AND(F23>=$H$6,F23<=$I$6),$J$6, IF(AND(F23>=$H$7,F23<=$I$7),$J$7, IF(AND(F23>=$H$8,F23<=$I$8),$J$8, IF(AND(F23>=$H$9,F23<=$I$9),$J$9, IF(AND(F23>=$H$10,F23<=$I$10),$J$10, IF(AND(F23>=$H$11,F23<=$I$11),$J$11))))))))))))
A24: =IF(NOT(ISBLANK(Curs!B28)),Curs!B28,"") | B24: =IF(NOT(ISBLANK(Curs!C28)),Curs!C28,"") | F24: =IF(B24="","", IF(Curs!AG28,"Eliberat", ROUND(SUM(C24:E24),0))) | G24: =IF(B24="","", IF(Curs!AG28,Curs!AG28, IF(F24=0,"n/p", IF(AND(F24>=$H$3,F24<=$I$3),$J$3, IF(AND(F24>=$H$4,F24<=$I$4),$J$4, IF(AND(F24>=$H$5,F24<=$I$5),$J$5, IF(AND(F24>=$H$6,F24<=$I$6),$J$6, IF(AND(F24>=$H$7,F24<=$I$7),$J$7, IF(AND(F24>=$H$8,F24<=$I$8),$J$8, IF(AND(F24>=$H$9,F24<=$I$9),$J$9, IF(AND(F24>=$H$10,F24<=$I$10),$J$10, IF(AND(F24>=$H$11,F24<=$I$11),$J$11))))))))))))
A25: =IF(NOT(ISBLANK(Curs!B29)),Curs!B29,"") | B25: =IF(NOT(ISBLANK(Curs!C29)),Curs!C29,"") | F25: =IF(B25="","", IF(Curs!AG29,"Eliberat", ROUND(SUM(C25:E25),0))) | G25: =IF(B25="","", IF(Curs!AG29,Curs!AG29, IF(F25=0,"n/p", IF(AND(F25>=$H$3,F25<=$I$3),$J$3, IF(AND(F25>=$H$4,F25<=$I$4),$J$4, IF(AND(F25>=$H$5,F25<=$I$5),$J$5, IF(AND(F25>=$H$6,F25<=$I$6),$J$6, IF(AND(F25>=$H$7,F25<=$I$7),$J$7, IF(AND(F25>=$H$8,F25<=$I$8),$J$8, IF(AND(F25>=$H$9,F25<=$I$9),$J$9, IF(AND(F25>=$H$10,F25<=$I$10),$J$10, IF(AND(F25>=$H$11,F25<=$I$11),$J$11))))))))))))
... A105: =IF(NOT(ISBLANK(Curs!B109)),Curs!B109,"") | B105: =IF(NOT(ISBLANK(Curs!C109)),Curs!C109,"") | F105: =IF(B105="","", IF(Curs!AG109,"Eliberat", ROUND(SUM(C105:E105),0))) | G105: =IF(B105="","", IF(Curs!AG109,Curs!AG109, IF(F105=0,"n/p", IF(AND(F105>=$H$3,F105<=$I$3),$J$3, IF(AND(F105>=$H$4,F105<=$I$4),$J$4, IF(AND(F105>=$H$5,F105<=$I$5),$J$5, IF(AND(F105>=$H$6,F105<=$I$6),$J$6, IF(AND(F105>=$H$7,F105<=$I$7),$J$7, IF(AND(F105>=$H$8,F105<=$I$8),$J$8, IF(AND(F105>=$H$9,F105<=$I$9),$J$9, IF(AND(F105>=$H$10,F105<=$I$10),$J$10, IF(AND(F105>=$H$11,F105<=$I$11),$J$11))))))))))))

Sheet ReExaminare
A1: Nr. | B1: Nume, Prenume | C1: item 1 6 p | D1: item 2 10 p | E1: item 3 14 p | F1: Pctj Total | G1: Nota | H1: Baremul de evaluare | K1: Statistica
A2: =IF(NOT(ISBLANK(Curs!B6)),Curs!B6,"") -> 1 | B2: =IF(AND(NOT(ISBLANK(Curs!C6)),OR(Curs!AB6="n/p",Curs!AB6<5)),Curs!C6,"") -> Nume, Prenume | F2: =IF(B2="","",ROUND(SUM(C2:E2),0)) -> 0 | G2: =IF(B2="","", IF(Curs!AG6,Curs!AG6, IF(F2=0,"n/p", IF(AND(F2>=$H$3,F2<=$I$3),$J$3, IF(AND(F2>=$H$4,F2<=$I$4),$J$4, IF(AND(F2>=$H$5,F2<=$I$5),$J$5, IF(AND(F2>=$H$6,F2<=$I$6),$J$6, IF(AND(F2>=$H$7,F2<=$I$7),$J$7, IF(AND(F2>=$H$8,F2<=$I$8),$J$8, IF(AND(F2>=$H$9,F2<=$I$9),$J$9, IF(AND(F2>=$H$10,F2<=$I$10),$J$10, IF(AND(F2>=$H$11,F2<=$I$11),$J$11)))))))))))) -> n/p | H2: Punctajul acumulat | J2: Nota | K2: Nota | L2: Nr de note
A3: =IF(NOT(ISBLANK(Curs!B7)),Curs!B7,"") | B3: =IF(AND(NOT(ISBLANK(Curs!C7)),OR(Curs!AB7="n/p",Curs!AB7<5)),Curs!C7,"") | F3: =IF(B3="","",ROUND(SUM(C3:E3),0)) | G3: =IF(B3="","", IF(Curs!AG7,Curs!AG7, IF(F3=0,"n/p", IF(AND(F3>=$H$3,F3<=$I$3),$J$3, IF(AND(F3>=$H$4,F3<=$I$4),$J$4, IF(AND(F3>=$H$5,F3<=$I$5),$J$5, IF(AND(F3>=$H$6,F3<=$I$6),$J$6, IF(AND(F3>=$H$7,F3<=$I$7),$J$7, IF(AND(F3>=$H$8,F3<=$I$8),$J$8, IF(AND(F3>=$H$9,F3<=$I$9),$J$9, IF(AND(F3>=$H$10,F3<=$I$10),$J$10, IF(AND(F3>=$H$11,F3<=$I$11),$J$11)))))))))))) | H3: 0 | I3: 3 | J3: 2 | K3: 1 | L3: =COUNTIF($G$2:$G101,K3) -> 0
A4: =IF(NOT(ISBLANK(Curs!B8)),Curs!B8,"") | B4: =IF(AND(NOT(ISBLANK(Curs!C8)),OR(Curs!AB8="n/p",Curs!AB8<5)),Curs!C8,"") | F4: =IF(B4="","",ROUND(SUM(C4:E4),0)) | G4: =IF(B4="","", IF(Curs!AG8,Curs!AG8, IF(F4=0,"n/p", IF(AND(F4>=$H$3,F4<=$I$3),$J$3, IF(AND(F4>=$H$4,F4<=$I$4),$J$4, IF(AND(F4>=$H$5,F4<=$I$5),$J$5, IF(AND(F4>=$H$6,F4<=$I$6),$J$6, IF(AND(F4>=$H$7,F4<=$I$7),$J$7, IF(AND(F4>=$H$8,F4<=$I$8),$J$8, IF(AND(F4>=$H$9,F4<=$I$9),$J$9, IF(AND(F4>=$H$10,F4<=$I$10),$J$10, IF(AND(F4>=$H$11,F4<=$I$11),$J$11)))))))))))) | H4: 4 | I4: 5 | J4: 3 | K4: 2 | L4: =COUNTIF($G$2:$G102,K4) -> 0
A5: =IF(NOT(ISBLANK(Curs!B9)),Curs!B9,"") | B5: =IF(AND(NOT(ISBLANK(Curs!C9)),OR(Curs!AB9="n/p",Curs!AB9<5)),Curs!C9,"") | F5: =IF(B5="","",ROUND(SUM(C5:E5),0)) | G5: =IF(B5="","", IF(Curs!AG9,Curs!AG9, IF(F5=0,"n/p", IF(AND(F5>=$H$3,F5<=$I$3),$J$3, IF(AND(F5>=$H$4,F5<=$I$4),$J$4, IF(AND(F5>=$H$5,F5<=$I$5),$J$5, IF(AND(F5>=$H$6,F5<=$I$6),$J$6, IF(AND(F5>=$H$7,F5<=$I$7),$J$7, IF(AND(F5>=$H$8,F5<=$I$8),$J$8, IF(AND(F5>=$H$9,F5<=$I$9),$J$9, IF(AND(F5>=$H$10,F5<=$I$10),$J$10, IF(AND(F5>=$H$11,F5<=$I$11),$J$11)))))))))))) | H5: 6 | I5: 9 | J5: 4 | K5: 3 | L5: =COUNTIF($G$2:$G103,K5) -> 0
A6: =IF(NOT(ISBLANK(Curs!B10)),Curs!B10,"") | B6: =IF(AND(NOT(ISBLANK(Curs!C10)),OR(Curs!AB10="n/p",Curs!AB10<5)),Curs!C10,"") | F6: =IF(B6="","",ROUND(SUM(C6:E6),0)) | G6: =IF(B6="","", IF(Curs!AG10,Curs!AG10, IF(F6=0,"n/p", IF(AND(F6>=$H$3,F6<=$I$3),$J$3, IF(AND(F6>=$H$4,F6<=$I$4),$J$4, IF(AND(F6>=$H$5,F6<=$I$5),$J$5, IF(AND(F6>=$H$6,F6<=$I$6),$J$6, IF(AND(F6>=$H$7,F6<=$I$7),$J$7, IF(AND(F6>=$H$8,F6<=$I$8),$J$8, IF(AND(F6>=$H$9,F6<=$I$9),$J$9, IF(AND(F6>=$H$10,F6<=$I$10),$J$10, IF(AND(F6>=$H$11,F6<=$I$11),$J$11)))))))))))) | H6: 10 | I6: 13 | J6: 5 | K6: 4 | L6: =COUNTIF($G$2:$G104,K6) -> 0
A7: =IF(NOT(ISBLANK(Curs!B11)),Curs!B11,"") | B7: =IF(AND(NOT(ISBLANK(Curs!C11)),OR(Curs!AB11="n/p",Curs!AB11<5)),Curs!C11,"") | F7: =IF(B7="","",ROUND(SUM(C7:E7),0)) | G7: =IF(B7="","", IF(Curs!AG11,Curs!AG11, IF(F7=0,"n/p", IF(AND(F7>=$H$3,F7<=$I$3),$J$3, IF(AND(F7>=$H$4,F7<=$I$4),$J$4, IF(AND(F7>=$H$5,F7<=$I$5),$J$5, IF(AND(F7>=$H$6,F7<=$I$6),$J$6, IF(AND(F7>=$H$7,F7<=$I$7),$J$7, IF(AND(F7>=$H$8,F7<=$I$8),$J$8, IF(AND(F7>=$H$9,F7<=$I$9),$J$9, IF(AND(F7>=$H$10,F7<=$I$10),$J$10, IF(AND(F7>=$H$11,F7<=$I$11),$J$11)))))))))))) | H7: 14 | I7: 18 | J7: 6 | K7: 5 | L7: =COUNTIF($G$2:$G105,K7) -> 0
A8: =IF(NOT(ISBLANK(Curs!B12)),Curs!B12,"") | B8: =IF(AND(NOT(ISBLANK(Curs!C12)),OR(Curs!AB12="n/p",Curs!AB12<5)),Curs!C12,"") | F8: =IF(B8="","",ROUND(SUM(C8:E8),0)) | G8: =IF(B8="","", IF(Curs!AG12,Curs!AG12, IF(F8=0,"n/p", IF(AND(F8>=$H$3,F8<=$I$3),$J$3, IF(AND(F8>=$H$4,F8<=$I$4),$J$4, IF(AND(F8>=$H$5,F8<=$I$5),$J$5, IF(AND(F8>=$H$6,F8<=$I$6),$J$6, IF(AND(F8>=$H$7,F8<=$I$7),$J$7, IF(AND(F8>=$H$8,F8<=$I$8),$J$8, IF(AND(F8>=$H$9,F8<=$I$9),$J$9, IF(AND(F8>=$H$10,F8<=$I$10),$J$10, IF(AND(F8>=$H$11,F8<=$I$11),$J$11)))))))))))) | H8: 19 | I8: 22 | J8: 7 | K8: 6 | L8: =COUNTIF($G$2:$G106,K8) -> 0
A9: =IF(NOT(ISBLANK(Curs!B13)),Curs!B13,"") | B9: =IF(AND(NOT(ISBLANK(Curs!C13)),OR(Curs!AB13="n/p",Curs!AB13<5)),Curs!C13,"") | F9: =IF(B9="","",ROUND(SUM(C9:E9),0)) | G9: =IF(B9="","", IF(Curs!AG13,Curs!AG13, IF(F9=0,"n/p", IF(AND(F9>=$H$3,F9<=$I$3),$J$3, IF(AND(F9>=$H$4,F9<=$I$4),$J$4, IF(AND(F9>=$H$5,F9<=$I$5),$J$5, IF(AND(F9>=$H$6,F9<=$I$6),$J$6, IF(AND(F9>=$H$7,F9<=$I$7),$J$7, IF(AND(F9>=$H$8,F9<=$I$8),$J$8, IF(AND(F9>=$H$9,F9<=$I$9),$J$9, IF(AND(F9>=$H$10,F9<=$I$10),$J$10, IF(AND(F9>=$H$11,F9<=$I$11),$J$11)))))))))))) | H9: 23 | I9: 26 | J9: 8 | K9: 7 | L9: =COUNTIF($G$2:$G107,K9) -> 0
A10: =IF(NOT(ISBLANK(Curs!B14)),Curs!B14,"") | B10: =IF(AND(NOT(ISBLANK(Curs!C14)),OR(Curs!AB14="n/p",Curs!AB14<5)),Curs!C14,"") | F10: =IF(B10="","",ROUND(SUM(C10:E10),0)) | G10: =IF(B10="","", IF(Curs!AG14,Curs!AG14, IF(F10=0,"n/p", IF(AND(F10>=$H$3,F10<=$I$3),$J$3, IF(AND(F10>=$H$4,F10<=$I$4),$J$4, IF(AND(F10>=$H$5,F10<=$I$5),$J$5, IF(AND(F10>=$H$6,F10<=$I$6),$J$6, IF(AND(F10>=$H$7,F10<=$I$7),$J$7, IF(AND(F10>=$H$8,F10<=$I$8),$J$8, IF(AND(F10>=$H$9,F10<=$I$9),$J$9, IF(AND(F10>=$H$10,F10<=$I$10),$J$10, IF(AND(F10>=$H$11,F10<=$I$11),$J$11)))))))))))) | H10: 27 | I10: 28 | J10: 9 | K10: 8 | L10: =COUNTIF($G$2:$G108,K10) -> 0
A11: =IF(NOT(ISBLANK(Curs!B15)),Curs!B15,"") | B11: =IF(AND(NOT(ISBLANK(Curs!C15)),OR(Curs!AB15="n/p",Curs!AB15<5)),Curs!C15,"") | F11: =IF(B11="","",ROUND(SUM(C11:E11),0)) | G11: =IF(B11="","", IF(Curs!AG15,Curs!AG15, IF(F11=0,"n/p", IF(AND(F11>=$H$3,F11<=$I$3),$J$3, IF(AND(F11>=$H$4,F11<=$I$4),$J$4, IF(AND(F11>=$H$5,F11<=$I$5),$J$5, IF(AND(F11>=$H$6,F11<=$I$6),$J$6, IF(AND(F11>=$H$7,F11<=$I$7),$J$7, IF(AND(F11>=$H$8,F11<=$I$8),$J$8, IF(AND(F11>=$H$9,F11<=$I$9),$J$9, IF(AND(F11>=$H$10,F11<=$I$10),$J$10, IF(AND(F11>=$H$11,F11<=$I$11),$J$11)))))))))))) | H11: 29 | I11: 30 | J11: 10 | K11: 9 | L11: =COUNTIF($G$2:$G109,K11) -> 0
A12: =IF(NOT(ISBLANK(Curs!B16)),Curs!B16,"") | B12: =IF(AND(NOT(ISBLANK(Curs!C16)),OR(Curs!AB16="n/p",Curs!AB16<5)),Curs!C16,"") | F12: =IF(B12="","",ROUND(SUM(C12:E12),0)) | G12: =IF(B12="","", IF(Curs!AG16,Curs!AG16, IF(F12=0,"n/p", IF(AND(F12>=$H$3,F12<=$I$3),$J$3, IF(AND(F12>=$H$4,F12<=$I$4),$J$4, IF(AND(F12>=$H$5,F12<=$I$5),$J$5, IF(AND(F12>=$H$6,F12<=$I$6),$J$6, IF(AND(F12>=$H$7,F12<=$I$7),$J$7, IF(AND(F12>=$H$8,F12<=$I$8),$J$8, IF(AND(F12>=$H$9,F12<=$I$9),$J$9, IF(AND(F12>=$H$10,F12<=$I$10),$J$10, IF(AND(F12>=$H$11,F12<=$I$11),$J$11)))))))))))) | K12: 10 | L12: =COUNTIF($G$2:$G110,K12) -> 0
