Workbook

Sheet Curs
B1: Nr. | C1: Nume, Prenume | D1: e-mail
B2: =IF(NOT(ISBLANK(C2)),COUNTA($C$2:C2),"") -> 1 | C2: Nume, Prenume | D2: example@mail.com
B3: =IF(NOT(ISBLANK(C3)),COUNTA($C$2:C3),"") -> 2 | C3: Nume, Prenume | D3: example@mail.com
B4: =IF(NOT(ISBLANK(C4)),COUNTA($C$2:C4),"") -> 3 | C4: Nume, Prenume | D4: example@mail.com
B5: =IF(NOT(ISBLANK(C5)),COUNTA($C$2:C5),"")
B6: =IF(NOT(ISBLANK(C6)),COUNTA($C$2:C6),"")
B7: =IF(NOT(ISBLANK(C7)),COUNTA($C$2:C7),"") | T7: =IF(NOT(ISBLANK(C7)),IF(COUNTIF(E7:S7,"a")<>0,COUNTIF(E7:S7,"a")*2,""),"")
B8: =IF(NOT(ISBLANK(C8)),COUNTA($C$2:C8),"") | T8: =IF(NOT(ISBLANK(C8)),IF(COUNTIF(E8:S8,"a")<>0,COUNTIF(E8:S8,"a")*2,""),"")
B9: =IF(NOT(ISBLANK(C9)),COUNTA($C$2:C9),"") | T9: =IF(NOT(ISBLANK(C9)),IF(COUNTIF(E9:S9,"a")<>0,COUNTIF(E9:S9,"a")*2,""),"")
B10: =IF(NOT(ISBLANK(C10)),COUNTA($C$2:C10),"") | T10: =IF(NOT(ISBLANK(C10)),IF(COUNTIF(E10:S10,"a")<>0,COUNTIF(E10:S10,"a")*2,""),"")
B11: =IF(NOT(ISBLANK(C11)),COUNTA($C$2:C11),"") | T11: =IF(NOT(ISBLANK(C11)),IF(COUNTIF(E11:S11,"a")<>0,COUNTIF(E11:S11,"a")*2,""),"")
B12: =IF(NOT(ISBLANK(C12)),COUNTA($C$2:C12),"") | T12: =IF(NOT(ISBLANK(C12)),IF(COUNTIF(E12:S12,"a")<>0,COUNTIF(E12:S12,"a")*2,""),"")
B13: =IF(NOT(ISBLANK(C13)),COUNTA($C$2:C13),"") | T13: =IF(NOT(ISBLANK(C13)),IF(COUNTIF(E13:S13,"a")<>0,COUNTIF(E13:S13,"a")*2,""),"")
B14: =IF(NOT(ISBLANK(C14)),COUNTA($C$2:C14),"") | T14: =IF(NOT(ISBLANK(C14)),IF(COUNTIF(E14:S14,"a")<>0,COUNTIF(E14:S14,"a")*2,""),"")
B15: =IF(NOT(ISBLANK(C15)),COUNTA($C$2:C15),"") | T15: =IF(NOT(ISBLANK(C15)),IF(COUNTIF(E15:S15,"a")<>0,COUNTIF(E15:S15,"a")*2,""),"")
B16: =IF(NOT(ISBLANK(C16)),COUNTA($C$2:C16),"") | T16: =IF(NOT(ISBLANK(C16)),IF(COUNTIF(E16:S16,"a")<>0,COUNTIF(E16:S16,"a")*2,""),"")
B17: =IF(NOT(ISBLANK(C17)),COUNTA($C$2:C17),"") | T17: =IF(NOT(ISBLANK(C17)),IF(COUNTIF(E17:S17,"a")<>0,COUNTIF(E17:S17,"a")*2,""),"")
B18: =IF(NOT(ISBLANK(C18)),COUNTA($C$2:C18),"") | T18: =IF(NOT(ISBLANK(C18)),IF(COUNTIF(E18:S18,"a")<>0,COUNTIF(E18:S18,"a")*2,""),"")
... B105: =IF(NOT(ISBLANK(C105)),COUNTA($C$2:C105),"") | T105: =IF(NOT(ISBLANK(C105)),IF(COUNTIF(E105:S105,"a")<>0,COUNTIF(E105:S105,"a")*2,""),"")

Sheet Atest. Nr.1
A1: Nr. | B1: Nume, Prenume | C1: item 1 | D1: item 2 | E1: item 3 | F1: item 4 | G1: item 5 | H1: Pctj Total | I1: Nota | J1: Baremul de evaluare | M1: Statistica
A2: =IF(NOT(ISBLANK(Curs!B2)),Curs!B2,"") -> 1 | B2: =IF(NOT(ISBLANK(Curs!C2)),Curs!C2,"") -> Nume, Prenume | H2: =IF(NOT(ISBLANK(Curs!C2)),ROUND(SUM(C2:G2),0),"") -> 0 | I2: =IF(NOT(ISBLANK(Curs!C2)), IF(H2=0,"n/p", IF(AND(H2>=$J$3,H2<=$K$3),$L$3, IF(AND(H2>=$J$4,H2<=$K$4),$L$4, IF(AND(H2>=$J$5,H2<=$K$5),$L$5, IF(AND(H2>=$J$6,H2<=$K$6),$L$6, IF(AND(H2>=$J$7,H2<=$K$7),$L$7, IF(AND(H2>=$J$8,H2<=$K$8),$L$8, IF(AND(H2>=$J$9,H2<=$K$9),$L$9, IF(AND(H2>=$J$10,H2<=$K$10),$L$10, IF(AND(H2>=$J$11,H2<=$K$11),$L$11)))))))))), "") -> n/p | J2: Punctajul acumulat | L2: Nota | M2: Nota | N2: Nr de note
A3: =IF(NOT(ISBLANK(Curs!B7)),Curs!B7,"") | B3: =IF(NOT(ISBLANK(Curs!C7)),Curs!C7,"") | H3: =IF(NOT(ISBLANK(Curs!C7)),ROUND(SUM(C3:G3),0),"") | I3: =IF(NOT(ISBLANK(Curs!C7)), IF(H3=0,"n/p", IF(AND(H3>=$J$3,H3<=$K$3),$L$3, IF(AND(H3>=$J$4,H3<=$K$4),$L$4, IF(AND(H3>=$J$5,H3<=$K$5),$L$5, IF(AND(H3>=$J$6,H3<=$K$6),$L$6, IF(AND(H3>=$J$7,H3<=$K$7),$L$7, IF(AND(H3>=$J$8,H3<=$K$8),$L$8, IF(AND(H3>=$J$9,H3<=$K$9),$L$9, IF(AND(H3>=$J$10,H3<=$K$10),$L$10, IF(AND(H3>=$J$11,H3<=$K$11),$L$11)))))))))), "") | J3: 0 | K3: 3 | L3: 2 | M3: 1 | N3: =COUNTIF($I$2:$I$101,M3) -> 0
A4: =IF(NOT(ISBLANK(Curs!B8)),Curs!B8,"") | B4: =IF(NOT(ISBLANK(Curs!C8)),Curs!C8,"") | H4: =IF(NOT(ISBLANK(Curs!C8)),ROUND(SUM(C4:G4),0),"") | I4: =IF(NOT(ISBLANK(Curs!C8)), IF(H4=0,"n/p", IF(AND(H4>=$J$3,H4<=$K$3),$L$3, IF(AND(H4>=$J$4,H4<=$K$4),$L$4, IF(AND(H4>=$J$5,H4<=$K$5),$L$5, IF(AND(H4>=$J$6,H4<=$K$6),$L$6, IF(AND(H4>=$J$7,H4<=$K$7),$L$7, IF(AND(H4>=$J$8,H4<=$K$8),$L$8, IF(AND(H4>=$J$9,H4<=$K$9),$L$9, IF(AND(H4>=$J$10,H4<=$K$10),$L$10, IF(AND(H4>=$J$11,H4<=$K$11),$L$11)))))))))), "") | J4: 4 | K4: 7 | L4: 3 | M4: 2 | N4: =COUNTIF($I$2:$I$101,M4) -> 0
A5: =IF(NOT(ISBLANK(Curs!B9)),Curs!B9,"") | B5: =IF(NOT(ISBLANK(Curs!C9)),Curs!C9,"") | H5: =IF(NOT(ISBLANK(Curs!C9)),ROUND(SUM(C5:G5),0),"") | I5: =IF(NOT(ISBLANK(Curs!C9)), IF(H5=0,"n/p", IF(AND(H5>=$J$3,H5<=$K$3),$L$3, IF(AND(H5>=$J$4,H5<=$K$4),$L$4, IF(AND(H5>=$J$5,H5<=$K$5),$L$5, IF(AND(H5>=$J$6,H5<=$K$6),$L$6, IF(AND(H5>=$J$7,H5<=$K$7),$L$7, IF(AND(H5>=$J$8,H5<=$K$8),$L$8, IF(AND(H5>=$J$9,H5<=$K$9),$L$9, IF(AND(H5>=$J$10,H5<=$K$10),$L$10, IF(AND(H5>=$J$11,H5<=$K$11),$L$11)))))))))), "") | J5: 8 | K5: 12 | L5: 4 | M5: 3 | N5: =COUNTIF($I$2:$I$101,M5) -> 0
A6: =IF(NOT(ISBLANK(Curs!B10)),Curs!B10,"") | B6: =IF(NOT(ISBLANK(Curs!C10)),Curs!C10,"") | H6: =IF(NOT(ISBLANK(Curs!C10)),ROUND(SUM(C6:G6),0),"") | I6: =IF(NOT(ISBLANK(Curs!C10)), IF(H6=0,"n/p", IF(AND(H6>=$J$3,H6<=$K$3),$L$3, IF(AND(H6>=$J$4,H6<=$K$4),$L$4, IF(AND(H6>=$J$5,H6<=$K$5),$L$5, IF(AND(H6>=$J$6,H6<=$K$6),$L$6, IF(AND(H6>=$J$7,H6<=$K$7),$L$7, IF(AND(H6>=$J$8,H6<=$K$8),$L$8, IF(AND(H6>=$J$9,H6<=$K$9),$L$9, IF(AND(H6>=$J$10,H6<=$K$10),$L$10, IF(AND(H6>=$J$11,H6<=$K$11),$L$11)))))))))), "") | J6: 13 | K6: 15 | L6: 5 | M6: 4 | N6: =COUNTIF($I$2:$I$101,M6) -> 0
A7: =IF(NOT(ISBLANK(Curs!B11)),Curs!B11,"") | B7: =IF(NOT(ISBLANK(Curs!C11)),Curs!C11,"") | H7: =IF(NOT(ISBLANK(Curs!C11)),ROUND(SUM(C7:G7),0),"") | I7: =IF(NOT(ISBLANK(Curs!C11)), IF(H7=0,"n/p", IF(AND(H7>=$J$3,H7<=$K$3),$L$3, IF(AND(H7>=$J$4,H7<=$K$4),$L$4, IF(AND(H7>=$J$5,H7<=$K$5),$L$5, IF(AND(H7>=$J$6,H7<=$K$6),$L$6, IF(AND(H7>=$J$7,H7<=$K$7),$L$7, IF(AND(H7>=$J$8,H7<=$K$8),$L$8, IF(AND(H7>=$J$9,H7<=$K$9),$L$9, IF(AND(H7>=$J$10,H7<=$K$10),$L$10, IF(AND(H7>=$J$11,H7<=$K$11),$L$11)))))))))), "") | J7: 16 | K7: 18 | L7: 6 | M7: 5 | N7: =COUNTIF($I$2:$I$101,M7) -> 0
A8: =IF(NOT(ISBLANK(Curs!B12)),Curs!B12,"") | B8: =IF(NOT(ISBLANK(Curs!C12)),Curs!C12,"") | H8: =IF(NOT(ISBLANK(Curs!C12)),ROUND(SUM(C8:G8),0),"") | I8: =IF(NOT(ISBLANK(Curs!C12)), IF(H8=0,"n/p", IF(AND(H8>=$J$3,H8<=$K$3),$L$3, IF(AND(H8>=$J$4,H8<=$K$4),$L$4, IF(AND(H8>=$J$5,H8<=$K$5),$L$5, IF(AND(H8>=$J$6,H8<=$K$6),$L$6, IF(AND(H8>=$J$7,H8<=$K$7),$L$7, IF(AND(H8>=$J$8,H8<=$K$8),$L$8, IF(AND(H8>=$J$9,H8<=$K$9),$L$9, IF(AND(H8>=$J$10,H8<=$K$10),$L$10, IF(AND(H8>=$J$11,H8<=$K$11),$L$11)))))))))), "") | J8: 19 | K8: 21 | L8: 7 | M8: 6 | N8: =COUNTIF($I$2:$I$101,M8) -> 0
A9: =IF(NOT(ISBLANK(Curs!B13)),Curs!B13,"") | B9: =IF(NOT(ISBLANK(Curs!C13)),Curs!C13,"") | H9: =IF(NOT(ISBLANK(Curs!C13)),ROUND(SUM(C9:G9),0),"") | I9: =IF(NOT(ISBLANK(Curs!C13)), IF(H9=0,"n/p", IF(AND(H9>=$J$3,H9<=$K$3),$L$3, IF(AND(H9>=$J$4,H9<=$K$4),$L$4, IF(AND(H9>=$J$5,H9<=$K$5),$L$5, IF(AND(H9>=$J$6,H9<=$K$6),$L$6, IF(AND(H9>=$J$7,H9<=$K$7),$L$7, IF(AND(H9>=$J$8,H9<=$K$8),$L$8, IF(AND(H9>=$J$9,H9<=$K$9),$L$9, IF(AND(H9>=$J$10,H9<=$K$10),$L$10, IF(AND(H9>=$J$11,H9<=$K$11),$L$11)))))))))), "") | J9: 22 | K9: 24 | L9: 8 | M9: 7 | N9: =COUNTIF($I$2:$I$101,M9) -> 0
A10: =IF(NOT(ISBLANK(Curs!B14)),Curs!B14,"") | B10: =IF(NOT(ISBLANK(Curs!C14)),Curs!C14,"") | H10: =IF(NOT(ISBLANK(Curs!C14)),ROUND(SUM(C10:G10),0),"") | I10: =IF(NOT(ISBLANK(Curs!C14)), IF(H10=0,"n/p", IF(AND(H10>=$J$3,H10<=$K$3),$L$3, IF(AND(H10>=$J$4,H10<=$K$4),$L$4, IF(AND(H10>=$J$5,H10<=$K$5),$L$5, IF(AND(H10>=$J$6,H10<=$K$6),$L$6, IF(AND(H10>=$J$7,H10<=$K$7),$L$7, IF(AND(H10>=$J$8,H10<=$K$8),$L$8, IF(AND(H10>=$J$9,H10<=$K$9),$L$9, IF(AND(H10>=$J$10,H10<=$K$10),$L$10, IF(AND(H10>=$J$11,H10<=$K$11),$L$11)))))))))), "") | J10: 25 | K10: 27 | L10: 9 | M10: 8 | N10: =COUNTIF($I$2:$I$101,M10) -> 0
A11: =IF(NOT(ISBLANK(Curs!B15)),Curs!B15,"") | B11: =IF(NOT(ISBLANK(Curs!C15)),Curs!C15,"") | H11: =IF(NOT(ISBLANK(Curs!C15)),ROUND(SUM(C11:G11),0),"") | I11: =IF(NOT(ISBLANK(Curs!C15)), IF(H11=0,"n/p", IF(AND(H11>=$J$3,H11<=$K$3),$L$3, IF(AND(H11>=$J$4,H11<=$K$4),$L$4, IF(AND(H11>=$J$5,H11<=$K$5),$L$5, IF(AND(H11>=$J$6,H11<=$K$6),$L$6, IF(AND(H11>=$J$7,H11<=$K$7),$L$7, IF(AND(H11>=$J$8,H11<=$K$8),$L$8, IF(AND(H11>=$J$9,H11<=$K$9),$L$9, IF(AND(H11>=$J$10,H11<=$K$10),$L$10, IF(AND(H11>=$J$11,H11<=$K$11),$L$11)))))))))), "") | J11: 28 | K11: 30 | L11: 10 | M11: 9 | N11: =COUNTIF($I$2:$I$101,M11) -> 0
A12: =IF(NOT(ISBLANK(Curs!B16)),Curs!B16,"") | B12: =IF(NOT(ISBLANK(Curs!C16)),Curs!C16,"") | H12: =IF(NOT(ISBLANK(Curs!C16)),ROUND(SUM(C12:G12),0),"") | I12: =IF(NOT(ISBLANK(Curs!C16)), IF(H12=0,"n/p", IF(AND(H12>=$J$3,H12<=$K$3),$L$3, IF(AND(H12>=$J$4,H12<=$K$4),$L$4, IF(AND(H12>=$J$5,H12<=$K$5),$L$5, IF(AND(H12>=$J$6,H12<=$K$6),$L$6, IF(AND(H12>=$J$7,H12<=$K$7),$L$7, IF(AND(H12>=$J$8,H12<=$K$8),$L$8, IF(AND(H12>=$J$9,H12<=$K$9),$L$9, IF(AND(H12>=$J$10,H12<=$K$10),$L$10, IF(AND(H12>=$J$11,H12<=$K$11),$L$11)))))))))), "") | M12: 10 | N12: =COUNTIF($I$2:$I$101,M12) -> 0
A13: =IF(NOT(ISBLANK(Curs!B17)),Curs!B17,"") | B13: =IF(NOT(ISBLANK(Curs!C17)),Curs!C17,"") | H13: =IF(NOT(ISBLANK(Curs!C17)),ROUND(SUM(C13:G13),0),"") | I13: =IF(NOT(ISBLANK(Curs!C17)), IF(H13=0,"n/p", IF(AND(H13>=$J$3,H13<=$K$3),$L$3, IF(AND(H13>=$J$4,H13<=$K$4),$L$4, IF(AND(H13>=$J$5,H13<=$K$5),$L$5, IF(AND(H13>=$J$6,H13<=$K$6),$L$6, IF(AND(H13>=$J$7,H13<=$K$7),$L$7, IF(AND(H13>=$J$8,H13<=$K$8),$L$8, IF(AND(H13>=$J$9,H13<=$K$9),$L$9, IF(AND(H13>=$J$10,H13<=$K$10),$L$10, IF(AND(H13>=$J$11,H13<=$K$11),$L$11)))))))))), "") | M13: n/p | N13: =COUNTIF($I$2:$I$101,M13) -> 1
A14: =IF(NOT(ISBLANK(Curs!B18)),Curs!B18,"") | B14: =IF(NOT(ISBLANK(Curs!C18)),Curs!C18,"") | H14: =IF(NOT(ISBLANK(Curs!C18)),ROUND(SUM(C14:G14),0),"") | I14: =IF(NOT(ISBLANK(Curs!C18)), IF(H14=0,"n/p", IF(AND(H14>=$J$3,H14<=$K$3),$L$3, IF(AND(H14>=$J$4,H14<=$K$4),$L$4, IF(AND(H14>=$J$5,H14<=$K$5),$L$5, IF(AND(H14>=$J$6,H14<=$K$6),$L$6, IF(AND(H14>=$J$7,H14<=$K$7),$L$7, IF(AND(H14>=$J$8,H14<=$K$8),$L$8, IF(AND(H14>=$J$9,H14<=$K$9),$L$9, IF(AND(H14>=$J$10,H14<=$K$10),$L$10, IF(AND(H14>=$J$11,H14<=$K$11),$L$11)))))))))), "")
A15: =IF(NOT(ISBLANK(Curs!B19)),Curs!B19,"") | B15: =IF(NOT(ISBLANK(Curs!C19)),Curs!C19,"") | H15: =IF(NOT(ISBLANK(Curs!C19)),ROUND(SUM(C15:G15),0),"") | I15: =IF(NOT(ISBLANK(Curs!C19)), IF(H15=0,"n/p", IF(AND(H15>=$J$3,H15<=$K$3),$L$3, IF(AND(H15>=$J$4,H15<=$K$4),$L$4, IF(AND(H15>=$J$5,H15<=$K$5),$L$5, IF(AND(H15>=$J$6,H15<=$K$6),$L$6, IF(AND(H15>=$J$7,H15<=$K$7),$L$7, IF(AND(H15>=$J$8,H15<=$K$8),$L$8, IF(AND(H15>=$J$9,H15<=$K$9),$L$9, IF(AND(H15>=$J$10,H15<=$K$10),$L$10, IF(AND(H15>=$J$11,H15<=$K$11),$L$11)))))))))), "")
A16: =IF(NOT(ISBLANK(Curs!B20)),Curs!B20,"") | B16: =IF(NOT(ISBLANK(Curs!C20)),Curs!C20,"") | H16: =IF(NOT(ISBLANK(Curs!C20)),ROUND(SUM(C16:G16),0),"") | I16: =IF(NOT(ISBLANK(Curs!C20)), IF(H16=0,"n/p", IF(AND(H16>=$J$3,H16<=$K$3),$L$3, IF(AND(H16>=$J$4,H16<=$K$4),$L$4, IF(AND(H16>=$J$5,H16<=$K$5),$L$5, IF(AND(H16>=$J$6,H16<=$K$6),$L$6, IF(AND(H16>=$J$7,H16<=$K$7),$L$7, IF(AND(H16>=$J$8,H16<=$K$8),$L$8, IF(AND(H16>=$J$9,H16<=$K$9),$L$9, IF(AND(H16>=$J$10,H16<=$K$10),$L$10, IF(AND(H16>=$J$11,H16<=$K$11),$L$11)))))))))), "")
A17: =IF(NOT(ISBLANK(Curs!B21)),Curs!B21,"") | B17: =IF(NOT(ISBLANK(Curs!C21)),Curs!C21,"") | H17: =IF(NOT(ISBLANK(Curs!C21)),ROUND(SUM(C17:G17),0),"") | I17: =IF(NOT(ISBLANK(Curs!C21)), IF(H17=0,"n/p", IF(AND(H17>=$J$3,H17<=$K$3),$L$3, IF(AND(H17>=$J$4,H17<=$K$4),$L$4, IF(AND(H17>=$J$5,H17<=$K$5),$L$5, IF(AND(H17>=$J$6,H17<=$K$6),$L$6, IF(AND(H17>=$J$7,H17<=$K$7),$L$7, IF(AND(H17>=$J$8,H17<=$K$8),$L$8, IF(AND(H17>=$J$9,H17<=$K$9),$L$9, IF(AND(H17>=$J$10,H17<=$K$10),$L$10, IF(AND(H17>=$J$11,H17<=$K$11),$L$11)))))))))), "")
A18: =IF(NOT(ISBLANK(Curs!B22)),Curs!B22,"") | B18: =IF(NOT(ISBLANK(Curs!C22)),Curs!C22,"") | H18: =IF(NOT(ISBLANK(Curs!C22)),ROUND(SUM(C18:G18),0),"") | I18: =IF(NOT(ISBLANK(Curs!C22)), IF(H18=0,"n/p", IF(AND(H18>=$J$3,H18<=$K$3),$L$3, IF(AND(H18>=$J$4,H18<=$K$4),$L$4, IF(AND(H18>=$J$5,H18<=$K$5),$L$5, IF(AND(H18>=$J$6,H18<=$K$6),$L$6, IF(AND(H18>=$J$7,H18<=$K$7),$L$7, IF(AND(H18>=$J$8,H18<=$K$8),$L$8, IF(AND(H18>=$J$9,H18<=$K$9),$L$9, IF(AND(H18>=$J$10,H18<=$K$10),$L$10, IF(AND(H18>=$J$11,H18<=$K$11),$L$11)))))))))), "")
A19: =IF(NOT(ISBLANK(Curs!B23)),Curs!B23,"") | B19: =IF(NOT(ISBLANK(Curs!C23)),Curs!C23,"") | H19: =IF(NOT(ISBLANK(Curs!C23)),ROUND(SUM(C19:G19),0),"") | I19: =IF(NOT(ISBLANK(Curs!C23)), IF(H19=0,"n/p", IF(AND(H19>=$J$3,H19<=$K$3),$L$3, IF(AND(H19>=$J$4,H19<=$K$4),$L$4, IF(AND(H19>=$J$5,H19<=$K$5),$L$5, IF(AND(H19>=$J$6,H19<=$K$6),$L$6, IF(AND(H19>=$J$7,H19<=$K$7),$L$7, IF(AND(H19>=$J$8,H19<=$K$8),$L$8, IF(AND(H19>=$J$9,H19<=$K$9),$L$9, IF(AND(H19>=$J$10,H19<=$K$10),$L$10, IF(AND(H19>=$J$11,H19<=$K$11),$L$11)))))))))), "")
A20: =IF(NOT(ISBLANK(Curs!B24)),Curs!B24,"") | B20: =IF(NOT(ISBLANK(Curs!C24)),Curs!C24,"") | H20: =IF(NOT(ISBLANK(Curs!C24)),ROUND(SUM(C20:G20),0),"") | I20: =IF(NOT(ISBLANK(Curs!C24)), IF(H20=0,"n/p", IF(AND(H20>=$J$3,H20<=$K$3),$L$3, IF(AND(H20>=$J$4,H20<=$K$4),$L$4, IF(AND(H20>=$J$5,H20<=$K$5),$L$5, IF(AND(H20>=$J$6,H20<=$K$6),$L$6, IF(AND(H20>=$J$7,H20<=$K$7),$L$7, IF(AND(H20>=$J$8,H20<=$K$8),$L$8, IF(AND(H20>=$J$9,H20<=$K$9),$L$9, IF(AND(H20>=$J$10,H20<=$K$10),$L$10, IF(AND(H20>=$J$11,H20<=$K$11),$L$11)))))))))), "")
A21: =IF(NOT(ISBLANK(Curs!B25)),Curs!B25,"") | B21: =IF(NOT(ISBLANK(Curs!C25)),Curs!C25,"") | H21: =IF(NOT(ISBLANK(Curs!C25)),ROUND(SUM(C21:G21),0),"") | I21: =IF(NOT(ISBLANK(Curs!C25)), IF(H21=0,"n/p", IF(AND(H21>=$J$3,H21<=$K$3),$L$3, IF(AND(H21>=$J$4,H21<=$K$4),$L$4, IF(AND(H21>=$J$5,H21<=$K$5),$L$5, IF(AND(H21>=$J$6,H21<=$K$6),$L$6, IF(AND(H21>=$J$7,H21<=$K$7),$L$7, IF(AND(H21>=$J$8,H21<=$K$8),$L$8, IF(AND(H21>=$J$9,H21<=$K$9),$L$9, IF(AND(H21>=$J$10,H21<=$K$10),$L$10, IF(AND(H21>=$J$11,H21<=$K$11),$L$11)))))))))), "")
A22: =IF(NOT(ISBLANK(Curs!B26)),Curs!B26,"") | B22: =IF(NOT(ISBLANK(Curs!C26)),Curs!C26,"") | H22: =IF(NOT(ISBLANK(Curs!C26)),ROUND(SUM(C22:G22),0),"") | I22: =IF(NOT(ISBLANK(Curs!C26)), IF(H22=0,"n/p", IF(AND(H22>=$J$3,H22<=$K$3),$L$3, IF(AND(H22>=$J$4,H22<=$K$4),$L$4, IF(AND(H22>=$J$5,H22<=$K$5),$L$5, IF(AND(H22>=$J$6,H22<=$K$6),$L$6, IF(AND(H22>=$J$7,H22<=$K$7),$L$7, IF(AND(H22>=$J$8,H22<=$K$8),$L$8, IF(AND(H22>=$J$9,H22<=$K$9),$L$9, IF(AND(H22>=$J$10,H22<=$K$10),$L$10, IF(AND(H22>=$J$11,H22<=$K$11),$L$11)))))))))), "")
A23: =IF(NOT(ISBLANK(Curs!B27)),Curs!B27,"") | B23: =IF(NOT(ISBLANK(Curs!C27)),Curs!C27,"") | H23: =IF(NOT(ISBLANK(Curs!C27)),ROUND(SUM(C23:G23),0),"") | I23: =IF(NOT(ISBLANK(Curs!C27)), IF(H23=0,"n/p", IF(AND(H23>=$J$3,H23<=$K$3),$L$3, IF(AND(H23>=$J$4,H23<=$K$4),$L$4, IF(AND(H23>=$J$5,H23<=$K$5),$L$5, IF(AND(H23>=$J$6,H23<=$K$6),$L$6, IF(AND(H23>=$J$7,H23<=$K$7),$L$7, IF(AND(H23>=$J$8,H23<=$K$8),$L$8, IF(AND(H23>=$J$9,H23<=$K$9),$L$9, IF(AND(H23>=$J$10,H23<=$K$10),$L$10, IF(AND(H23>=$J$11,H23<=$K$11),$L$11)))))))))), "")
A24: =IF(NOT(ISBLANK(Curs!B28)),Curs!B28,"") | B24: =IF(NOT(ISBLANK(Curs!C28)),Curs!C28,"") | H24: =IF(NOT(ISBLANK(Curs!C28)),ROUND(SUM(C24:G24),0),"") | I24: =IF(NOT(ISBLANK(Curs!C28)), IF(H24=0,"n/p", IF(AND(H24>=$J$3,H24<=$K$3),$L$3, IF(AND(H24>=$J$4,H24<=$K$4),$L$4, IF(AND(H24>=$J$5,H24<=$K$5),$L$5, IF(AND(H24>=$J$6,H24<=$K$6),$L$6, IF(AND(H24>=$J$7,H24<=$K$7),$L$7, IF(AND(H24>=$J$8,H24<=$K$8),$L$8, IF(AND(H24>=$J$9,H24<=$K$9),$L$9, IF(AND(H24>=$J$10,H24<=$K$10),$L$10, IF(AND(H24>=$J$11,H24<=$K$11),$L$11)))))))))), "")
A25: =IF(NOT(ISBLANK(Curs!B29)),Curs!B29,"") | B25: =IF(NOT(ISBLANK(Curs!C29)),Curs!C29,"") | H25: =IF(NOT(ISBLANK(Curs!C29)),ROUND(SUM(C25:G25),0),"") | I25: =IF(NOT(ISBLANK(Curs!C29)), IF(H25=0,"n/p", IF(AND(H25>=$J$3,H25<=$K$3),$L$3, IF(AND(H25>=$J$4,H25<=$K$4),$L$4, IF(AND(H25>=$J$5,H25<=$K$5),$L$5, IF(AND(H25>=$J$6,H25<=$K$6),$L$6, IF(AND(H25>=$J$7,H25<=$K$7),$L$7, IF(AND(H25>=$J$8,H25<=$K$8),$L$8, IF(AND(H25>=$J$9,H25<=$K$9),$L$9, IF(AND(H25>=$J$10,H25<=$K$10),$L$10, IF(AND(H25>=$J$11,H25<=$K$11),$L$11)))))))))), "")
... A101: =IF(NOT(ISBLANK(Curs!B105)),Curs!B105,"") | B101: =IF(NOT(ISBLANK(Curs!C105)),Curs!C105,"") | H101: =IF(NOT(ISBLANK(Curs!C105)),ROUND(SUM(C101:G101),0),"") | I101: =IF(NOT(ISBLANK(Curs!C105)), IF(H101=0,"n/p", IF(AND(H101>=$J$3,H101<=$K$3),$L$3, IF(AND(H101>=$J$4,H101<=$K$4),$L$4, IF(AND(H101>=$J$5,H101<=$K$5),$L$5, IF(AND(H101>=$J$6,H101<=$K$6),$L$6, IF(AND(H101>=$J$7,H101<=$K$7),$L$7, IF(AND(H101>=$J$8,H101<=$K$8),$L$8, IF(AND(H101>=$J$9,H101<=$K$9),$L$9, IF(AND(H101>=$J$10,H101<=$K$10),$L$10, IF(AND(H101>=$J$11,H101<=$K$11),$L$11)))))))))), "")

Sheet Atest. Nr.2
A1: Nr. | B1: Nume, Prenume | C1: 1_x000D_ 10 p | D1: 2 2p | E1: 3 4p | F1: 4 4p | G1: 5 10p | H1: Pctj Total | I1: Nota | J1: Baremul de evaluare | M1: Statistica
A2: =IF(NOT(ISBLANK(Curs!B2)),Curs!B2,"") -> 1 | B2: =IF(NOT(ISBLANK(Curs!C2)),Curs!C2,"") -> Nume, Prenume | H2: =IF(NOT(ISBLANK(Curs!C2)),ROUND(SUM(C2:G2),0),"") -> 0 | I2: =IF(NOT(ISBLANK(Curs!C2)), IF(H2=0,"n/p", IF(AND(H2>=$J$3,H2<=$K$3),$L$3, IF(AND(H2>=$J$4,H2<=$K$4),$L$4, IF(AND(H2>=$J$5,H2<=$K$5),$L$5, IF(AND(H2>=$J$6,H2<=$K$6),$L$6, IF(AND(H2>=$J$7,H2<=$K$7),$L$7, IF(AND(H2>=$J$8,H2<=$K$8),$L$8, IF(AND(H2>=$J$9,H2<=$K$9),$L$9, IF(AND(H2>=$J$10,H2<=$K$10),$L$10, IF(AND(H2>=$J$11,H2<=$K$11),$L$11)))))))))), "") -> n/p | J2: Punctajul acumulat | L2: Nota | M2: Nota | N2: Nr de note
A3: =IF(NOT(ISBLANK(Curs!B7)),Curs!B7,"") | B3: =IF(NOT(ISBLANK(Curs!C7)),Curs!C7,"") | H3: =IF(NOT(ISBLANK(Curs!C7)),ROUND(SUM(C3:G3),0),"") | I3: =IF(NOT(ISBLANK(Curs!C7)), IF(H3=0,"n/p", IF(AND(H3>=$J$3,H3<=$K$3),$L$3, IF(AND(H3>=$J$4,H3<=$K$4),$L$4, IF(AND(H3>=$J$5,H3<=$K$5),$L$5, IF(AND(H3>=$J$6,H3<=$K$6),$L$6, IF(AND(H3>=$J$7,H3<=$K$7),$L$7, IF(AND(H3>=$J$8,H3<=$K$8),$L$8, IF(AND(H3>=$J$9,H3<=$K$9),$L$9, IF(AND(H3>=$J$10,H3<=$K$10),$L$10, IF(AND(H3>=$J$11,H3<=$K$11),$L$11)))))))))), "") | J3: 0 | K3: 3 | L3: 2 | M3: 1 | N3: =COUNTIF($I$2:$I$101,M3) -> 0
A4: =IF(NOT(ISBLANK(Curs!B8)),Curs!B8,"") | B4: =IF(NOT(ISBLANK(Curs!C8)),Curs!C8,"") | H4: =IF(NOT(ISBLANK(Curs!C8)),ROUND(SUM(C4:G4),0),"") | I4: =IF(NOT(ISBLANK(Curs!C8)), IF(H4=0,"n/p", IF(AND(H4>=$J$3,H4<=$K$3),$L$3, IF(AND(H4>=$J$4,H4<=$K$4),$L$4, IF(AND(H4>=$J$5,H4<=$K$5),$L$5, IF(AND(H4>=$J$6,H4<=$K$6),$L$6, IF(AND(H4>=$J$7,H4<=$K$7),$L$7, IF(AND(H4>=$J$8,H4<=$K$8),$L$8, IF(AND(H4>=$J$9,H4<=$K$9),$L$9, IF(AND(H4>=$J$10,H4<=$K$10),$L$10, IF(AND(H4>=$J$11,H4<=$K$11),$L$11)))))))))), "") | J4: 4 | K4: 7 | L4: 3 | M4: 2 | N4: =COUNTIF($I$2:$I$101,M4) -> 0
A5: =IF(NOT(ISBLANK(Curs!B9)),Curs!B9,"") | B5: =IF(NOT(ISBLANK(Curs!C9)),Curs!C9,"") | H5: =IF(NOT(ISBLANK(Curs!C9)),ROUND(SUM(C5:G5),0),"") | I5: =IF(NOT(ISBLANK(Curs!C9)), IF(H5=0,"n/p", IF(AND(H5>=$J$3,H5<=$K$3),$L$3, IF(AND(H5>=$J$4,H5<=$K$4),$L$4, IF(AND(H5>=$J$5,H5<=$K$5),$L$5, IF(AND(H5>=$J$6,H5<=$K$6),$L$6, IF(AND(H5>=$J$7,H5<=$K$7),$L$7, IF(AND(H5>=$J$8,H5<=$K$8),$L$8, IF(AND(H5>=$J$9,H5<=$K$9),$L$9, IF(AND(H5>=$J$10,H5<=$K$10),$L$10, IF(AND(H5>=$J$11,H5<=$K$11),$L$11)))))))))), "") | J5: 8 | K5: 12 | L5: 4 | M5: 3 | N5: =COUNTIF($I$2:$I$101,M5) -> 0
A6: =IF(NOT(ISBLANK(Curs!B10)),Curs!B10,"") | B6: =IF(NOT(ISBLANK(Curs!C10)),Curs!C10,"") | H6: =IF(NOT(ISBLANK(Curs!C10)),ROUND(SUM(C6:G6),0),"") | I6: =IF(NOT(ISBLANK(Curs!C10)), IF(H6=0,"n/p", IF(AND(H6>=$J$3,H6<=$K$3),$L$3, IF(AND(H6>=$J$4,H6<=$K$4),$L$4, IF(AND(H6>=$J$5,H6<=$K$5),$L$5, IF(AND(H6>=$J$6,H6<=$K$6),$L$6, IF(AND(H6>=$J$7,H6<=$K$7),$L$7, IF(AND(H6>=$J$8,H6<=$K$8),$L$8, IF(AND(H6>=$J$9,H6<=$K$9),$L$9, IF(AND(H6>=$J$10,H6<=$K$10),$L$10, IF(AND(H6>=$J$11,H6<=$K$11),$L$11)))))))))), "") | J6: 13 | K6: 15 | L6: 5 | M6: 4 | N6: =COUNTIF($I$2:$I$101,M6) -> 0
A7: =IF(NOT(ISBLANK(Curs!B11)),Curs!B11,"") | B7: =IF(NOT(ISBLANK(Curs!C11)),Curs!C11,"") | H7: =IF(NOT(ISBLANK(Curs!C11)),ROUND(SUM(C7:G7),0),"") | I7: =IF(NOT(ISBLANK(Curs!C11)), IF(H7=0,"n/p", IF(AND(H7>=$J$3,H7<=$K$3),$L$3, IF(AND(H7>=$J$4,H7<=$K$4),$L$4, IF(AND(H7>=$J$5,H7<=$K$5),$L$5, IF(AND(H7>=$J$6,H7<=$K$6),$L$6, IF(AND(H7>=$J$7,H7<=$K$7),$L$7, IF(AND(H7>=$J$8,H7<=$K$8),$L$8, IF(AND(H7>=$J$9,H7<=$K$9),$L$9, IF(AND(H7>=$J$10,H7<=$K$10),$L$10, IF(AND(H7>=$J$11,H7<=$K$11),$L$11)))))))))), "") | J7: 16 | K7: 18 | L7: 6 | M7: 5 | N7: =COUNTIF($I$2:$I$101,M7) -> 0
A8: =IF(NOT(ISBLANK(Curs!B12)),Curs!B12,"") | B8: =IF(NOT(ISBLANK(Curs!C12)),Curs!C12,"") | H8: =IF(NOT(ISBLANK(Curs!C12)),ROUND(SUM(C8:G8),0),"") | I8: =IF(NOT(ISBLANK(Curs!C12)), IF(H8=0,"n/p", IF(AND(H8>=$J$3,H8<=$K$3),$L$3, IF(AND(H8>=$J$4,H8<=$K$4),$L$4, IF(AND(H8>=$J$5,H8<=$K$5),$L$5, IF(AND(H8>=$J$6,H8<=$K$6),$L$6, IF(AND(H8>=$J$7,H8<=$K$7),$L$7, IF(AND(H8>=$J$8,H8<=$K$8),$L$8, IF(AND(H8>=$J$9,H8<=$K$9),$L$9, IF(AND(H8>=$J$10,H8<=$K$10),$L$10, IF(AND(H8>=$J$11,H8<=$K$11),$L$11)))))))))), "") | J8: 19 | K8: 21 | L8: 7 | M8: 6 | N8: =COUNTIF($I$2:$I$101,M8) -> 0
A9: =IF(NOT(ISBLANK(Curs!B13)),Curs!B13,"") | B9: =IF(NOT(ISBLANK(Curs!C13)),Curs!C13,"") | H9: =IF(NOT(ISBLANK(Curs!C13)),ROUND(SUM(C9:G9),0),"") | I9: =IF(NOT(ISBLANK(Curs!C13)), IF(H9=0,"n/p", IF(AND(H9>=$J$3,H9<=$K$3),$L$3, IF(AND(H9>=$J$4,H9<=$K$4),$L$4, IF(AND(H9>=$J$5,H9<=$K$5),$L$5, IF(AND(H9>=$J$6,H9<=$K$6),$L$6, IF(AND(H9>=$J$7,H9<=$K$7),$L$7, IF(AND(H9>=$J$8,H9<=$K$8),$L$8, IF(AND(H9>=$J$9,H9<=$K$9),$L$9, IF(AND(H9>=$J$10,H9<=$K$10),$L$10, IF(AND(H9>=$J$11,H9<=$K$11),$L$11)))))))))), "") | J9: 22 | K9: 24 | L9: 8 | M9: 7 | N9: =COUNTIF($I$2:$I$101,M9) -> 0
A10: =IF(NOT(ISBLANK(Curs!B14)),Curs!B14,"") | B10: =IF(NOT(ISBLANK(Curs!C14)),Curs!C14,"") | H10: =IF(NOT(ISBLANK(Curs!C14)),ROUND(SUM(C10:G10),0),"") | I10: =IF(NOT(ISBLANK(Curs!C14)), IF(H10=0,"n/p", IF(AND(H10>=$J$3,H10<=$K$3),$L$3, IF(AND(H10>=$J$4,H10<=$K$4),$L$4, IF(AND(H10>=$J$5,H10<=$K$5),$L$5, IF(AND(H10>=$J$6,H10<=$K$6),$L$6, IF(AND(H10>=$J$7,H10<=$K$7),$L$7, IF(AND(H10>=$J$8,H10<=$K$8),$L$8, IF(AND(H10>=$J$9,H10<=$K$9),$L$9, IF(AND(H10>=$J$10,H10<=$K$10),$L$10, IF(AND(H10>=$J$11,H10<=$K$11),$L$11)))))))))), "") | J10: 25 | K10: 27 | L10: 9 | M10: 8 | N10: =COUNTIF($I$2:$I$101,M10) -> 0
A11: =IF(NOT(ISBLANK(Curs!B15)),Curs!B15,"") | B11: =IF(NOT(ISBLANK(Curs!C15)),Curs!C15,"") | H11: =IF(NOT(ISBLANK(Curs!C15)),ROUND(SUM(C11:G11),0),"") | I11: =IF(NOT(ISBLANK(Curs!C15)), IF(H11=0,"n/p", IF(AND(H11>=$J$3,H11<=$K$3),$L$3, IF(AND(H11>=$J$4,H11<=$K$4),$L$4, IF(AND(H11>=$J$5,H11<=$K$5),$L$5, IF(AND(H11>=$J$6,H11<=$K$6),$L$6, IF(AND(H11>=$J$7,H11<=$K$7),$L$7, IF(AND(H11>=$J$8,H11<=$K$8),$L$8, IF(AND(H11>=$J$9,H11<=$K$9),$L$9, IF(AND(H11>=$J$10,H11<=$K$10),$L$10, IF(AND(H11>=$J$11,H11<=$K$11),$L$11)))))))))), "") | J11: 28 | K11: 30 | L11: 10 | M11: 9 | N11: =COUNTIF($I$2:$I$101,M11) -> 0
A12: =IF(NOT(ISBLANK(Curs!B16)),Curs!B16,"") | B12: =IF(NOT(ISBLANK(Curs!C16)),Curs!C16,"") | H12: =IF(NOT(ISBLANK(Curs!C16)),ROUND(SUM(C12:G12),0),"") | I12: =IF(NOT(ISBLANK(Curs!C16)), IF(H12=0,"n/p", IF(AND(H12>=$J$3,H12<=$K$3),$L$3, IF(AND(H12>=$J$4,H12<=$K$4),$L$4, IF(AND(H12>=$J$5,H12<=$K$5),$L$5, IF(AND(H12>=$J$6,H12<=$K$6),$L$6, IF(AND(H12>=$J$7,H12<=$K$7),$L$7, IF(AND(H12>=$J$8,H12<=$K$8),$L$8, IF(AND(H12>=$J$9,H12<=$K$9),$L$9, IF(AND(H12>=$J$10,H12<=$K$10),$L$10, IF(AND(H12>=$J$11,H12<=$K$11),$L$11)))))))))), "") | M12: 10 | N12: =COUNTIF($I$2:$I$101,M12) -> 0
A13: =IF(NOT(ISBLANK(Curs!B17)),Curs!B17,"") | B13: =IF(NOT(ISBLANK(Curs!C17)),Curs!C17,"") | H13: =IF(NOT(ISBLANK(Curs!C17)),ROUND(SUM(C13:G13),0),"") | I13: =IF(NOT(ISBLANK(Curs!C17)), IF(H13=0,"n/p", IF(AND(H13>=$J$3,H13<=$K$3),$L$3, IF(AND(H13>=$J$4,H13<=$K$4),$L$4, IF(AND(H13>=$J$5,H13<=$K$5),$L$5, IF(AND(H13>=$J$6,H13<=$K$6),$L$6, IF(AND(H13>=$J$7,H13<=$K$7),$L$7, IF(AND(H13>=$J$8,H13<=$K$8),$L$8, IF(AND(H13>=$J$9,H13<=$K$9),$L$9, IF(AND(H13>=$J$10,H13<=$K$10),$L$10, IF(AND(H13>=$J$11,H13<=$K$11),$L$11)))))))))), "") | M13: n/p | N13: =COUNTIF($I$2:$I$101,M13) -> 1
A14: =IF(NOT(ISBLANK(Curs!B18)),Curs!B18,"") | B14: =IF(NOT(ISBLANK(Curs!C18)),Curs!C18,"") | H14: =IF(NOT(ISBLANK(Curs!C18)),ROUND(SUM(C14:G14),0),"") | I14: =IF(NOT(ISBLANK(Curs!C18)), IF(H14=0,"n/p", IF(AND(H14>=$J$3,H14<=$K$3),$L$3, IF(AND(H14>=$J$4,H14<=$K$4),$L$4, IF(AND(H14>=$J$5,H14<=$K$5),$L$5, IF(AND(H14>=$J$6,H14<=$K$6),$L$6, IF(AND(H14>=$J$7,H14<=$K$7),$L$7, IF(AND(H14>=$J$8,H14<=$K$8),$L$8, IF(AND(H14>=$J$9,H14<=$K$9),$L$9, IF(AND(H14>=$J$10,H14<=$K$10),$L$10, IF(AND(H14>=$J$11,H14<=$K$11),$L$11)))))))))), "")
A15: =IF(NOT(ISBLANK(Curs!B19)),Curs!B19,"") | B15: =IF(NOT(ISBLANK(Curs!C19)),Curs!C19,"") | H15: =IF(NOT(ISBLANK(Curs!C19)),ROUND(SUM(C15:G15),0),"") | I15: =IF(NOT(ISBLANK(Curs!C19)), IF(H15=0,"n/p", IF(AND(H15>=$J$3,H15<=$K$3),$L$3, IF(AND(H15>=$J$4,H15<=$K$4),$L$4, IF(AND(H15>=$J$5,H15<=$K$5),$L$5, IF(AND(H15>=$J$6,H15<=$K$6),$L$6, IF(AND(H15>=$J$7,H15<=$K$7),$L$7, IF(AND(H15>=$J$8,H15<=$K$8),$L$8, IF(AND(H15>=$J$9,H15<=$K$9),$L$9, IF(AND(H15>=$J$10,H15<=$K$10),$L$10, IF(AND(H15>=$J$11,H15<=$K$11),$L$11)))))))))), "")
A16: =IF(NOT(ISBLANK(Curs!B20)),Curs!B20,"") | B16: =IF(NOT(ISBLANK(Curs!C20)),Curs!C20,"") | H16: =IF(NOT(ISBLANK(Curs!C20)),ROUND(SUM(C16:G16),0),"") | I16: =IF(NOT(ISBLANK(Curs!C20)), IF(H16=0,"n/p", IF(AND(H16>=$J$3,H16<=$K$3),$L$3, IF(AND(H16>=$J$4,H16<=$K$4),$L$4, IF(AND(H16>=$J$5,H16<=$K$5),$L$5, IF(AND(H16>=$J$6,H16<=$K$6),$L$6, IF(AND(H16>=$J$7,H16<=$K$7),$L$7, IF(AND(H16>=$J$8,H16<=$K$8),$L$8, IF(AND(H16>=$J$9,H16<=$K$9),$L$9, IF(AND(H16>=$J$10,H16<=$K$10),$L$10, IF(AND(H16>=$J$11,H16<=$K$11),$L$11)))))))))), "")
A17: =IF(NOT(ISBLANK(Curs!B21)),Curs!B21,"") | B17: =IF(NOT(ISBLANK(Curs!C21)),Curs!C21,"") | H17: =IF(NOT(ISBLANK(Curs!C21)),ROUND(SUM(C17:G17),0),"") | I17: =IF(NOT(ISBLANK(Curs!C21)), IF(H17=0,"n/p", IF(AND(H17>=$J$3,H17<=$K$3),$L$3, IF(AND(H17>=$J$4,H17<=$K$4),$L$4, IF(AND(H17>=$J$5,H17<=$K$5),$L$5, IF(AND(H17>=$J$6,H17<=$K$6),$L$6, IF(AND(H17>=$J$7,H17<=$K$7),$L$7, IF(AND(H17>=$J$8,H17<=$K$8),$L$8, IF(AND(H17>=$J$9,H17<=$K$9),$L$9, IF(AND(H17>=$J$10,H17<=$K$10),$L$10, IF(AND(H17>=$J$11,H17<=$K$11),$L$11)))))))))), "")
A18: =IF(NOT(ISBLANK(Curs!B22)),Curs!B22,"") | B18: =IF(NOT(ISBLANK(Curs!C22)),Curs!C22,"") | H18: =IF(NOT(ISBLANK(Curs!C22)),ROUND(SUM(C18:G18),0),"") | I18: =IF(NOT(ISBLANK(Curs!C22)), IF(H18=0,"n/p", IF(AND(H18>=$J$3,H18<=$K$3),$L$3, IF(AND(H18>=$J$4,H18<=$K$4),$L$4, IF(AND(H18>=$J$5,H18<=$K$5),$L$5, IF(AND(H18>=$J$6,H18<=$K$6),$L$6, IF(AND(H18>=$J$7,H18<=$K$7),$L$7, IF(AND(H18>=$J$8,H18<=$K$8),$L$8, IF(AND(H18>=$J$9,H18<=$K$9),$L$9, IF(AND(H18>=$J$10,H18<=$K$10),$L$10, IF(AND(H18>=$J$11,H18<=$K$11),$L$11)))))))))), "")
A19: =IF(NOT(ISBLANK(Curs!B23)),Curs!B23,"") | B19: =IF(NOT(ISBLANK(Curs!C23)),Curs!C23,"") | H19: =IF(NOT(ISBLANK(Curs!C23)),ROUND(SUM(C19:G19),0),"") | I19: =IF(NOT(ISBLANK(Curs!C23)), IF(H19=0,"n/p", IF(AND(H19>=$J$3,H19<=$K$3),$L$3, IF(AND(H19>=$J$4,H19<=$K$4),$L$4, IF(AND(H19>=$J$5,H19<=$K$5),$L$5, IF(AND(H19>=$J$6,H19<=$K$6),$L$6, IF(AND(H19>=$J$7,H19<=$K$7),$L$7, IF(AND(H19>=$J$8,H19<=$K$8),$L$8, IF(AND(H19>=$J$9,H19<=$K$9),$L$9, IF(AND(H19>=$J$10,H19<=$K$10),$L$10, IF(AND(H19>=$J$11,H19<=$K$11),$L$11)))))))))), "")
A20: =IF(NOT(ISBLANK(Curs!B24)),Curs!B24,"") | B20: =IF(NOT(ISBLANK(Curs!C24)),Curs!C24,"") | H20: =IF(NOT(ISBLANK(Curs!C24)),ROUND(SUM(C20:G20),0),"") | I20: =IF(NOT(ISBLANK(Curs!C24)), IF(H20=0,"n/p", IF(AND(H20>=$J$3,H20<=$K$3),$L$3, IF(AND(H20>=$J$4,H20<=$K$4),$L$4, IF(AND(H20>=$J$5,H20<=$K$5),$L$5, IF(AND(H20>=$J$6,H20<=$K$6),$L$6, IF(AND(H20>=$J$7,H20<=$K$7),$L$7, IF(AND(H20>=$J$8,H20<=$K$8),$L$8, IF(AND(H20>=$J$9,H20<=$K$9),$L$9, IF(AND(H20>=$J$10,H20<=$K$10),$L$10, IF(AND(H20>=$J$11,H20<=$K$11),$L$11)))))))))), "")
A21: =IF(NOT(ISBLANK(Curs!B25)),Curs!B25,"") | B21: =IF(NOT(ISBLANK(Curs!C25)),Curs!C25,"") | H21: =IF(NOT(ISBLANK(Curs!C25)),ROUND(SUM(C21:G21),0),"") | I21: =IF(NOT(ISBLANK(Curs!C25)), IF(H21=0,"n/p", IF(AND(H21>=$J$3,H21<=$K$3),$L$3, IF(AND(H21>=$J$4,H21<=$K$4),$L$4, IF(AND(H21>=$J$5,H21<=$K$5),$L$5, IF(AND(H21>=$J$6,H21<=$K$6),$L$6, IF(AND(H21>=$J$7,H21<=$K$7),$L$7, IF(AND(H21>=$J$8,H21<=$K$8),$L$8, IF(AND(H21>=$J$9,H21<=$K$9),$L$9, IF(AND(H21>=$J$10,H21<=$K$10),$L$10, IF(AND(H21>=$J$11,H21<=$K$11),$L$11)))))))))), "")
A22: =IF(NOT(ISBLANK(Curs!B26)),Curs!B26,"") | B22: =IF(NOT(ISBLANK(Curs!C26)),Curs!C26,"") | H22: =IF(NOT(ISBLANK(Curs!C26)),ROUND(SUM(C22:G22),0),"") | I22: =IF(NOT(ISBLANK(Curs!C26)), IF(H22=0,"n/p", IF(AND(H22>=$J$3,H22<=$K$3),$L$3, IF(AND(H22>=$J$4,H22<=$K$4),$L$4, IF(AND(H22>=$J$5,H22<=$K$5),$L$5, IF(AND(H22>=$J$6,H22<=$K$6),$L$6, IF(AND(H22>=$J$7,H22<=$K$7),$L$7, IF(AND(H22>=$J$8,H22<=$K$8),$L$8, IF(AND(H22>=$J$9,H22<=$K$9),$L$9, IF(AND(H22>=$J$10,H22<=$K$10),$L$10, IF(AND(H22>=$J$11,H22<=$K$11),$L$11)))))))))), "")
A23: =IF(NOT(ISBLANK(Curs!B27)),Curs!B27,"") | B23: =IF(NOT(ISBLANK(Curs!C27)),Curs!C27,"") | H23: =IF(NOT(ISBLANK(Curs!C27)),ROUND(SUM(C23:G23),0),"") | I23: =IF(NOT(ISBLANK(Curs!C27)), IF(H23=0,"n/p", IF(AND(H23>=$J$3,H23<=$K$3),$L$3, IF(AND(H23>=$J$4,H23<=$K$4),$L$4, IF(AND(H23>=$J$5,H23<=$K$5),$L$5, IF(AND(H23>=$J$6,H23<=$K$6),$L$6, IF(AND(H23>=$J$7,H23<=$K$7),$L$7, IF(AND(H23>=$J$8,H23<=$K$8),$L$8, IF(AND(H23>=$J$9,H23<=$K$9),$L$9, IF(AND(H23>=$J$10,H23<=$K$10),$L$10, IF(AND(H23>=$J$11,H23<=$K$11),$L$11)))))))))), "")
A24: =IF(NOT(ISBLANK(Curs!B28)),Curs!B28,"") | B24: =IF(NOT(ISBLANK(Curs!C28)),Curs!C28,"") | H24: =IF(NOT(ISBLANK(Curs!C28)),ROUND(SUM(C24:G24),0),"") | I24: =IF(NOT(ISBLANK(Curs!C28)), IF(H24=0,"n/p", IF(AND(H24>=$J$3,H24<=$K$3),$L$3, IF(AND(H24>=$J$4,H24<=$K$4),$L$4, IF(AND(H24>=$J$5,H24<=$K$5),$L$5, IF(AND(H24>=$J$6,H24<=$K$6),$L$6, IF(AND(H24>=$J$7,H24<=$K$7),$L$7, IF(AND(H24>=$J$8,H24<=$K$8),$L$8, IF(AND(H24>=$J$9,H24<=$K$9),$L$9, IF(AND(H24>=$J$10,H24<=$K$10),$L$10, IF(AND(H24>=$J$11,H24<=$K$11),$L$11)))))))))), "")
A25: =IF(NOT(ISBLANK(Curs!B29)),Curs!B29,"") | B25: =IF(NOT(ISBLANK(Curs!C29)),Curs!C29,"") | H25: =IF(NOT(ISBLANK(Curs!C29)),ROUND(SUM(C25:G25),0),"") | I25: =IF(NOT(ISBLANK(Curs!C29)), IF(H25=0,"n/p", IF(AND(H25>=$J$3,H25<=$K$3),$L$3, IF(AND(H25>=$J$4,H25<=$K$4),$L$4, IF(AND(H25>=$J$5,H25<=$K$5),$L$5, IF(AND(H25>=$J$6,H25<=$K$6),$L$6, IF(AND(H25>=$J$7,H25<=$K$7),$L$7, IF(AND(H25>=$J$8,H25<=$K$8),$L$8, IF(AND(H25>=$J$9,H25<=$K$9),$L$9, IF(AND(H25>=$J$10,H25<=$K$10),$L$10, IF(AND(H25>=$J$11,H25<=$K$11),$L$11)))))))))), "")
... A101: =IF(NOT(ISBLANK(Curs!B105)),Curs!B105,"") | B101: =IF(NOT(ISBLANK(Curs!C105)),Curs!C105,"") | H101: =IF(NOT(ISBLANK(Curs!C105)),ROUND(SUM(C101:G101),0),"") | I101: =IF(NOT(ISBLANK(Curs!C105)), IF(H101=0,"n/p", IF(AND(H101>=$J$3,H101<=$K$3),$L$3, IF(AND(H101>=$J$4,H101<=$K$4),$L$4, IF(AND(H101>=$J$5,H101<=$K$5),$L$5, IF(AND(H101>=$J$6,H101<=$K$6),$L$6, IF(AND(H101>=$J$7,H101<=$K$7),$L$7, IF(AND(H101>=$J$8,H101<=$K$8),$L$8, IF(AND(H101>=$J$9,H101<=$K$9),$L$9, IF(AND(H101>=$J$10,H101<=$K$10),$L$10, IF(AND(H101>=$J$11,H101<=$K$11),$L$11)))))))))), "")

Sheet Examen
A1: Nr. | B1: Nume, Prenume | C1: item 1 6 p | D1: item 2 10 p | E1: item 3 14 p | F1: Pctj Total | G1: Nota | H1: Baremul de evaluare | K1: Statistica
A2: =IF(NOT(ISBLANK(Curs!B2)),Curs!B2,"") -> 1 | B2: =IF(NOT(ISBLANK(Curs!C2)),Curs!C2,"") -> Nume, Prenume | F2: =IF(NOT(ISBLANK(Curs!C2)), IF(Curs!AI6,"Eliberat", ROUND(SUM(C2:E2),0)), "") -> 0 | G2: =IF(NOT(ISBLANK(Curs!C2)), IF(Curs!AI6,Curs!AI6, IF(F2=0,"n/p", IF(AND(F2>=$H$3,F2<=$I$3),$J$3, IF(AND(F2>=$H$4,F2<=$I$4),$J$4, IF(AND(F2>=$H$5,F2<=$I$5),$J$5, IF(AND(F2>=$H$6,F2<=$I$6),$J$6, IF(AND(F2>=$H$7,F2<=$I$7),$J$7, IF(AND(F2>=$H$8,F2<=$I$8),$J$8, IF(AND(F2>=$H$9,F2<=$I$9),$J$9, IF(AND(F2>=$H$10,F2<=$I$10),$J$10, IF(AND(F2>=$H$11,F2<=$I$11),$J$11))))))))))), "") -> n/p | H2: Punctajul acumulat | J2: Nota | K2: Nota | L2: Nr de note
A3: =IF(NOT(ISBLANK(Curs!B7)),Curs!B7,"") | B3: =IF(NOT(ISBLANK(Curs!C7)),Curs!C7,"") | F3: =IF(NOT(ISBLANK(Curs!C7)), IF(Curs!AI7,"Eliberat", ROUND(SUM(C3:E3),0)), "") | G3: =IF(NOT(ISBLANK(Curs!C7)), IF(Curs!AI7,Curs!AI7, IF(F3=0,"n/p", IF(AND(F3>=$H$3,F3<=$I$3),$J$3, IF(AND(F3>=$H$4,F3<=$I$4),$J$4, IF(AND(F3>=$H$5,F3<=$I$5),$J$5, IF(AND(F3>=$H$6,F3<=$I$6),$J$6, IF(AND(F3>=$H$7,F3<=$I$7),$J$7, IF(AND(F3>=$H$8,F3<=$I$8),$J$8, IF(AND(F3>=$H$9,F3<=$I$9),$J$9, IF(AND(F3>=$H$10,F3<=$I$10),$J$10, IF(AND(F3>=$H$11,F3<=$I$11),$J$11))))))))))), "") | H3: 0 | I3: 3 | J3: 2 | K3: 1 | L3: =COUNTIF($G$2:$G101,K3) -> 0
A4: =IF(NOT(ISBLANK(Curs!B8)),Curs!B8,"") | B4: =IF(NOT(ISBLANK(Curs!C8)),Curs!C8,"") | F4: =IF(NOT(ISBLANK(Curs!C8)), IF(Curs!AI8,"Eliberat", ROUND(SUM(C4:E4),0)), "") | G4: =IF(NOT(ISBLANK(Curs!C8)), IF(Curs!AI8,Curs!AI8, IF(F4=0,"n/p", IF(AND(F4>=$H$3,F4<=$I$3),$J$3, IF(AND(F4>=$H$4,F4<=$I$4),$J$4, IF(AND(F4>=$H$5,F4<=$I$5),$J$5, IF(AND(F4>=$H$6,F4<=$I$6),$J$6, IF(AND(F4>=$H$7,F4<=$I$7),$J$7, IF(AND(F4>=$H$8,F4<=$I$8),$J$8, IF(AND(F4>=$H$9,F4<=$I$9),$J$9, IF(AND(F4>=$H$10,F4<=$I$10),$J$10, IF(AND(F4>=$H$11,F4<=$I$11),$J$11))))))))))), "") | H4: 4 | I4: 7 | J4: 3 | K4: 2 | L4: =COUNTIF($G$2:$G102,K4) -> 0
A5: =IF(NOT(ISBLANK(Curs!B9)),Curs!B9,"") | B5: =IF(NOT(ISBLANK(Curs!C9)),Curs!C9,"") | F5: =IF(NOT(ISBLANK(Curs!C9)), IF(Curs!AI9,"Eliberat", ROUND(SUM(C5:E5),0)), "") | G5: =IF(NOT(ISBLANK(Curs!C9)), IF(Curs!AI9,Curs!AI9, IF(F5=0,"n/p", IF(AND(F5>=$H$3,F5<=$I$3),$J$3, IF(AND(F5>=$H$4,F5<=$I$4),$J$4, IF(AND(F5>=$H$5,F5<=$I$5),$J$5, IF(AND(F5>=$H$6,F5<=$I$6),$J$6, IF(AND(F5>=$H$7,F5<=$I$7),$J$7, IF(AND(F5>=$H$8,F5<=$I$8),$J$8, IF(AND(F5>=$H$9,F5<=$I$9),$J$9, IF(AND(F5>=$H$10,F5<=$I$10),$J$10, IF(AND(F5>=$H$11,F5<=$I$11),$J$11))))))))))), "") | H5: 8 | I5: 12 | J5: 4 | K5: 3 | L5: =COUNTIF($G$2:$G103,K5) -> 0
A6: =IF(NOT(ISBLANK(Curs!B10)),Curs!B10,"") | B6: =IF(NOT(ISBLANK(Curs!C10)),Curs!C10,"") | F6: =IF(NOT(ISBLANK(Curs!C10)), IF(Curs!AI10,"Eliberat", ROUND(SUM(C6:E6),0)), "") | G6: =IF(NOT(ISBLANK(Curs!C10)), IF(Curs!AI10,Curs!AI10, IF(F6=0,"n/p", IF(AND(F6>=$H$3,F6<=$I$3),$J$3, IF(AND(F6>=$H$4,F6<=$I$4),$J$4, IF(AND(F6>=$H$5,F6<=$I$5),$J$5, IF(AND(F6>=$H$6,F6<=$I$6),$J$6, IF(AND(F6>=$H$7,F6<=$I$7),$J$7, IF(AND(F6>=$H$8,F6<=$I$8),$J$8, IF(AND(F6>=$H$9,F6<=$I$9),$J$9, IF(AND(F6>=$H$10,F6<=$I$10),$J$10, IF(AND(F6>=$H$11,F6<=$I$11),$J$11))))))))))), "") | H6: 13 | I6: 15 | J6: 5 | K6: 4 | L6: =COUNTIF($G$2:$G104,K6) -> 0
A7: =IF(NOT(ISBLANK(Curs!B11)),Curs!B11,"") | B7: =IF(NOT(ISBLANK(Curs!C11)),Curs!C11,"") | F7: =IF(NOT(ISBLANK(Curs!C11)), IF(Curs!AI11,"Eliberat", ROUND(SUM(C7:E7),0)), "") | G7: =IF(NOT(ISBLANK(Curs!C11)), IF(Curs!AI11,Curs!AI11, IF(F7=0,"n/p", IF(AND(F7>=$H$3,F7<=$I$3),$J$3, IF(AND(F7>=$H$4,F7<=$I$4),$J$4, IF(AND(F7>=$H$5,F7<=$I$5),$J$5, IF(AND(F7>=$H$6,F7<=$I$6),$J$6, IF(AND(F7>=$H$7,F7<=$I$7),$J$7, IF(AND(F7>=$H$8,F7<=$I$8),$J$8, IF(AND(F7>=$H$9,F7<=$I$9),$J$9, IF(AND(F7>=$H$10,F7<=$I$10),$J$10, IF(AND(F7>=$H$11,F7<=$I$11),$J$11))))))))))), "") | H7: 16 | I7: 18 | J7: 6 | K7: 5 | L7: =COUNTIF($G$2:$G105,K7) -> 0
A8: =IF(NOT(ISBLANK(Curs!B12)),Curs!B12,"") | B8: =IF(NOT(ISBLANK(Curs!C12)),Curs!C12,"") | F8: =IF(NOT(ISBLANK(Curs!C12)), IF(Curs!AI12,"Eliberat", ROUND(SUM(C8:E8),0)), "") | G8: =IF(NOT(ISBLANK(Curs!C12)), IF(Curs!AI12,Curs!AI12, IF(F8=0,"n/p", IF(AND(F8>=$H$3,F8<=$I$3),$J$3, IF(AND(F8>=$H$4,F8<=$I$4),$J$4, IF(AND(F8>=$H$5,F8<=$I$5),$J$5, IF(AND(F8>=$H$6,F8<=$I$6),$J$6, IF(AND(F8>=$H$7,F8<=$I$7),$J$7, IF(AND(F8>=$H$8,F8<=$I$8),$J$8, IF(AND(F8>=$H$9,F8<=$I$9),$J$9, IF(AND(F8>=$H$10,F8<=$I$10),$J$10, IF(AND(F8>=$H$11,F8<=$I$11),$J$11))))))))))), "") | H8: 19 | I8: 21 | J8: 7 | K8: 6 | L8: =COUNTIF($G$2:$G106,K8) -> 0
A9: =IF(NOT(ISBLANK(Curs!B13)),Curs!B13,"") | B9: =IF(NOT(ISBLANK(Curs!C13)),Curs!C13,"") | F9: =IF(NOT(ISBLANK(Curs!C13)), IF(Curs!AI13,"Eliberat", ROUND(SUM(C9:E9),0)), "") | G9: =IF(NOT(ISBLANK(Curs!C13)), IF(Curs!AI13,Curs!AI13, IF(F9=0,"n/p", IF(AND(F9>=$H$3,F9<=$I$3),$J$3, IF(AND(F9>=$H$4,F9<=$I$4),$J$4, IF(AND(F9>=$H$5,F9<=$I$5),$J$5, IF(AND(F9>=$H$6,F9<=$I$6),$J$6, IF(AND(F9>=$H$7,F9<=$I$7),$J$7, IF(AND(F9>=$H$8,F9<=$I$8),$J$8, IF(AND(F9>=$H$9,F9<=$I$9),$J$9, IF(AND(F9>=$H$10,F9<=$I$10),$J$10, IF(AND(F9>=$H$11,F9<=$I$11),$J$11))))))))))), "") | H9: 22 | I9: 24 | J9: 8 | K9: 7 | L9: =COUNTIF($G$2:$G107,K9) -> 0
A10: =IF(NOT(ISBLANK(Curs!B14)),Curs!B14,"") | B10: =IF(NOT(ISBLANK(Curs!C14)),Curs!C14,"") | F10: =IF(NOT(ISBLANK(Curs!C14)), IF(Curs!AI14,"Eliberat", ROUND(SUM(C10:E10),0)), "") | G10: =IF(NOT(ISBLANK(Curs!C14)), IF(Curs!AI14,Curs!AI14, IF(F10=0,"n/p", IF(AND(F10>=$H$3,F10<=$I$3),$J$3, IF(AND(F10>=$H$4,F10<=$I$4),$J$4, IF(AND(F10>=$H$5,F10<=$I$5),$J$5, IF(AND(F10>=$H$6,F10<=$I$6),$J$6, IF(AND(F10>=$H$7,F10<=$I$7),$J$7, IF(AND(F10>=$H$8,F10<=$I$8),$J$8, IF(AND(F10>=$H$9,F10<=$I$9),$J$9, IF(AND(F10>=$H$10,F10<=$I$10),$J$10, IF(AND(F10>=$H$11,F10<=$I$11),$J$11))))))))))), "") | H10: 25 | I10: 27 | J10: 9 | K10: 8 | L10: =COUNTIF($G$2:$G108,K10) -> 0
A11: =IF(NOT(ISBLANK(Curs!B15)),Curs!B15,"") | B11: =IF(NOT(ISBLANK(Curs!C15)),Curs!C15,"") | F11: =IF(NOT(ISBLANK(Curs!C15)), IF(Curs!AI15,"Eliberat", ROUND(SUM(C11:E11),0)), "") | G11: =IF(NOT(ISBLANK(Curs!C15)), IF(Curs!AI15,Curs!AI15, IF(F11=0,"n/p", IF(AND(F11>=$H$3,F11<=$I$3),$J$3, IF(AND(F11>=$H$4,F11<=$I$4),$J$4, IF(AND(F11>=$H$5,F11<=$I$5),$J$5, IF(AND(F11>=$H$6,F11<=$I$6),$J$6, IF(AND(F11>=$H$7,F11<=$I$7),$J$7, IF(AND(F11>=$H$8,F11<=$I$8),$J$8, IF(AND(F11>=$H$9,F11<=$I$9),$J$9, IF(AND(F11>=$H$10,F11<=$I$10),$J$10, IF(AND(F11>=$H$11,F11<=$I$11),$J$11))))))))))), "") | H11: 28 | I11: 30 | J11: 10 | K11: 9 | L11: =COUNTIF($G$2:$G109,K11) -> 0
A12: =IF(NOT(ISBLANK(Curs!B16)),Curs!B16,"") | B12: =IF(NOT(ISBLANK(Curs!C16)),Curs!C16,"") | F12: =IF(NOT(ISBLANK(Curs!C16)), IF(Curs!AI16,"Eliberat", ROUND(SUM(C12:E12),0)), "") | G12: =IF(NOT(ISBLANK(Curs!C16)), IF(Curs!AI16,Curs!AI16, IF(F12=0,"n/p", IF(AND(F12>=$H$3,F12<=$I$3),$J$3, IF(AND(F12>=$H$4,F12<=$I$4),$J$4, IF(AND(F12>=$H$5,F12<=$I$5),$J$5, IF(AND(F12>=$H$6,F12<=$I$6),$J$6, IF(AND(F12>=$H$7,F12<=$I$7),$J$7, IF(AND(F12>=$H$8,F12<=$I$8),$J$8, IF(AND(F12>=$H$9,F12<=$I$9),$J$9, IF(AND(F12>=$H$10,F12<=$I$10),$J$10, IF(AND(F12>=$H$11,F12<=$I$11),$J$11))))))))))), "") | K12: 10 | L12: =COUNTIF($G$2:$G110,K12) -> 0
A13: =IF(NOT(ISBLANK(Curs!B17)),Curs!B17,"") | B13: =IF(NOT(ISBLANK(Curs!C17)),Curs!C17,"") | F13: =IF(NOT(ISBLANK(Curs!C17)), IF(Curs!AI17,"Eliberat", ROUND(SUM(C13:E13),0)), "") | G13: =IF(NOT(ISBLANK(Curs!C17)), IF(Curs!AI17,Curs!AI17, IF(F13=0,"n/p", IF(AND(F13>=$H$3,F13<=$I$3),$J$3, IF(AND(F13>=$H$4,F13<=$I$4),$J$4, IF(AND(F13>=$H$5,F13<=$I$5),$J$5, IF(AND(F13>=$H$6,F13<=$I$6),$J$6, IF(AND(F13>=$H$7,F13<=$I$7),$J$7, IF(AND(F13>=$H$8,F13<=$I$8),$J$8, IF(AND(F13>=$H$9,F13<=$I$9),$J$9, IF(AND(F13>=$H$10,F13<=$I$10),$J$10, IF(AND(F13>=$H$11,F13<=$I$11),$J$11))))))))))), "") | K13: n/p | L13: =COUNTIF($G$2:$G111,K13) -> 1
A14: =IF(NOT(ISBLANK(Curs!B18)),Curs!B18,"") | B14: =IF(NOT(ISBLANK(Curs!C18)),Curs!C18,"") | F14: =IF(NOT(ISBLANK(Curs!C18)), IF(Curs!AI18,"Eliberat", ROUND(SUM(C14:E14),0)), "") | G14: =IF(NOT(ISBLANK(Curs!C18)), IF(Curs!AI18,Curs!AI18, IF(F14=0,"n/p", IF(AND(F14>=$H$3,F14<=$I$3),$J$3, IF(AND(F14>=$H$4,F14<=$I$4),$J$4, IF(AND(F14>=$H$5,F14<=$I$5),$J$5, IF(AND(F14>=$H$6,F14<=$I$6),$J$6, IF(AND(F14>=$H$7,F14<=$I$7),$J$7, IF(AND(F14>=$H$8,F14<=$I$8),$J$8, IF(AND(F14>=$H$9,F14<=$I$9),$J$9, IF(AND(F14>=$H$10,F14<=$I$10),$J$10, IF(AND(F14>=$H$11,F14<=$I$11),$J$11))))))))))), "")
A15: =IF(NOT(ISBLANK(Curs!B19)),Curs!B19,"") | B15: =IF(NOT(ISBLANK(Curs!C19)),Curs!C19,"") | F15: =IF(NOT(ISBLANK(Curs!C19)), IF(Curs!AI19,"Eliberat", ROUND(SUM(C15:E15),0)), "") | G15: =IF(NOT(ISBLANK(Curs!C19)), IF(Curs!AI19,Curs!AI19, IF(F15=0,"n/p", IF(AND(F15>=$H$3,F15<=$I$3),$J$3, IF(AND(F15>=$H$4,F15<=$I$4),$J$4, IF(AND(F15>=$H$5,F15<=$I$5),$J$5, IF(AND(F15>=$H$6,F15<=$I$6),$J$6, IF(AND(F15>=$H$7,F15<=$I$7),$J$7, IF(AND(F15>=$H$8,F15<=$I$8),$J$8, IF(AND(F15>=$H$9,F15<=$I$9),$J$9, IF(AND(F15>=$H$10,F15<=$I$10),$J$10, IF(AND(F15>=$H$11,F15<=$I$11),$J$11))))))))))), "")
A16: =IF(NOT(ISBLANK(Curs!B20)),Curs!B20,"") | B16: =IF(NOT(ISBLANK(Curs!C20)),Curs!C20,"") | F16: =IF(NOT(ISBLANK(Curs!C20)), IF(Curs!AI20,"Eliberat", ROUND(SUM(C16:E16),0)), "") | G16: =IF(NOT(ISBLANK(Curs!C20)), IF(Curs!AI20,Curs!AI20, IF(F16=0,"n/p", IF(AND(F16>=$H$3,F16<=$I$3),$J$3, IF(AND(F16>=$H$4,F16<=$I$4),$J$4, IF(AND(F16>=$H$5,F16<=$I$5),$J$5, IF(AND(F16>=$H$6,F16<=$I$6),$J$6, IF(AND(F16>=$H$7,F16<=$I$7),$J$7, IF(AND(F16>=$H$8,F16<=$I$8),$J$8, IF(AND(F16>=$H$9,F16<=$I$9),$J$9, IF(AND(F16>=$H$10,F16<=$I$10),$J$10, IF(AND(F16>=$H$11,F16<=$I$11),$J$11))))))))))), "")
A17: =IF(NOT(ISBLANK(Curs!B21)),Curs!B21,"") | B17: =IF(NOT(ISBLANK(Curs!C21)),Curs!C21,"") | F17: =IF(NOT(ISBLANK(Curs!C21)), IF(Curs!AI21,"Eliberat", ROUND(SUM(C17:E17),0)), "") | G17: =IF(NOT(ISBLANK(Curs!C21)), IF(Curs!AI21,Curs!AI21, IF(F17=0,"n/p", IF(AND(F17>=$H$3,F17<=$I$3),$J$3, IF(AND(F17>=$H$4,F17<=$I$4),$J$4, IF(AND(F17>=$H$5,F17<=$I$5),$J$5, IF(AND(F17>=$H$6,F17<=$I$6),$J$6, IF(AND(F17>=$H$7,F17<=$I$7),$J$7, IF(AND(F17>=$H$8,F17<=$I$8),$J$8, IF(AND(F17>=$H$9,F17<=$I$9),$J$9, IF(AND(F17>=$H$10,F17<=$I$10),$J$10, IF(AND(F17>=$H$11,F17<=$I$11),$J$11))))))))))), "")
A18: =IF(NOT(ISBLANK(Curs!B22)),Curs!B22,"") | B18: =IF(NOT(ISBLANK(Curs!C22)),Curs!C22,"") | F18: =IF(NOT(ISBLANK(Curs!C22)), IF(Curs!AI22,"Eliberat", ROUND(SUM(C18:E18),0)), "") | G18: =IF(NOT(ISBLANK(Curs!C22)), IF(Curs!AI22,Curs!AI22, IF(F18=0,"n/p", IF(AND(F18>=$H$3,F18<=$I$3),$J$3, IF(AND(F18>=$H$4,F18<=$I$4),$J$4, IF(AND(F18>=$H$5,F18<=$I$5),$J$5, IF(AND(F18>=$H$6,F18<=$I$6),$J$6, IF(AND(F18>=$H$7,F18<=$I$7),$J$7, IF(AND(F18>=$H$8,F18<=$I$8),$J$8, IF(AND(F18>=$H$9,F18<=$I$9),$J$9, IF(AND(F18>=$H$10,F18<=$I$10),$J$10, IF(AND(F18>=$H$11,F18<=$I$11),$J$11))))))))))), "")
A19: =IF(NOT(ISBLANK(Curs!B23)),Curs!B23,"") | B19: =IF(NOT(ISBLANK(Curs!C23)),Curs!C23,"") | F19: =IF(NOT(ISBLANK(Curs!C23)), IF(Curs!AI23,"Eliberat", ROUND(SUM(C19:E19),0)), "") | G19: =IF(NOT(ISBLANK(Curs!C23)), IF(Curs!AI23,Curs!AI23, IF(F19=0,"n/p", IF(AND(F19>=$H$3,F19<=$I$3),$J$3, IF(AND(F19>=$H$4,F19<=$I$4),$J$4, IF(AND(F19>=$H$5,F19<=$I$5),$J$5, IF(AND(F19>=$H$6,F19<=$I$6),$J$6, IF(AND(F19>=$H$7,F19<=$I$7),$J$7, IF(AND(F19>=$H$8,F19<=$I$8),$J$8, IF(AND(F19>=$H$9,F19<=$I$9),$J$9, IF(AND(F19>=$H$10,F19<=$I$10),$J$10, IF(AND(F19>=$H$11,F19<=$I$11),$J$11))))))))))), "")
A20: =IF(NOT(ISBLANK(Curs!B24)),Curs!B24,"") | B20: =IF(NOT(ISBLANK(Curs!C24)),Curs!C24,"") | F20: =IF(NOT(ISBLANK(Curs!C24)), IF(Curs!AI24,"Eliberat", ROUND(SUM(C20:E20),0)), "") | G20: =IF(NOT(ISBLANK(Curs!C24)), IF(Curs!AI24,Curs!AI24, IF(F20=0,"n/p", IF(AND(F20>=$H$3,F20<=$I$3),$J$3, IF(AND(F20>=$H$4,F20<=$I$4),$J$4, IF(AND(F20>=$H$5,F20<=$I$5),$J$5, IF(AND(F20>=$H$6,F20<=$I$6),$J$6, IF(AND(F20>=$H$7,F20<=$I$7),$J$7, IF(AND(F20>=$H$8,F20<=$I$8),$J$8, IF(AND(F20>=$H$9,F20<=$I$9),$J$9, IF(AND(F20>=$H$10,F20<=$I$10),$J$10, IF(AND(F20>=$H$11,F20<=$I$11),$J$11))))))))))), "")
A21: =IF(NOT(ISBLANK(Curs!B25)),Curs!B25,"") | B21: =IF(NOT(ISBLANK(Curs!C25)),Curs!C25,"") | F21: =IF(NOT(ISBLANK(Curs!C25)), IF(Curs!AI25,"Eliberat", ROUND(SUM(C21:E21),0)), "") | G21: =IF(NOT(ISBLANK(Curs!C25)), IF(Curs!AI25,Curs!AI25, IF(F21=0,"n/p", IF(AND(F21>=$H$3,F21<=$I$3),$J$3, IF(AND(F21>=$H$4,F21<=$I$4),$J$4, IF(AND(F21>=$H$5,F21<=$I$5),$J$5, IF(AND(F21>=$H$6,F21<=$I$6),$J$6, IF(AND(F21>=$H$7,F21<=$I$7),$J$7, IF(AND(F21>=$H$8,F21<=$I$8),$J$8, IF(AND(F21>=$H$9,F21<=$I$9),$J$9, IF(AND(F21>=$H$10,F21<=$I$10),$J$10, IF(AND(F21>=$H$11,F21<=$I$11),$J$11))))))))))), "")
A22: =IF(NOT(ISBLANK(Curs!B26)),Curs!B26,"") | B22: =IF(NOT(ISBLANK(Curs!C26)),Curs!C26,"") | F22: =IF(NOT(ISBLANK(Curs!C26)), IF(Curs!AI26,"Eliberat", ROUND(SUM(C22:E22),0)), "") | G22: =IF(NOT(ISBLANK(Curs!C26)), IF(Curs!AI26,Curs!AI26, IF(F22=0,"n/p", IF(AND(F22>=$H$3,F22<=$I$3),$J$3, IF(AND(F22>=$H$4,F22<=$I$4),$J$4, IF(AND(F22>=$H$5,F22<=$I$5),$J$5, IF(AND(F22>=$H$6,F22<=$I$6),$J$6, IF(AND(F22>=$H$7,F22<=$I$7),$J$7, IF(AND(F22>=$H$8,F22<=$I$8),$J$8, IF(AND(F22>=$H$9,F22<=$I$9),$J$9, IF(AND(F22>=$H$10,F22<=$I$10),$J$10, IF(AND(F22>=$H$11,F22<=$I$11),$J$11))))))))))), "")
A23: =IF(NOT(ISBLANK(Curs!B27)),Curs!B27,"") | B23: =IF(NOT(ISBLANK(Curs!C27)),Curs!C27,"") | F23: =IF(NOT(ISBLANK(Curs!C27)), IF(Curs!AI27,"Eliberat", ROUND(SUM(C23:E23),0)), "") | G23: =IF(NOT(ISBLANK(Curs!C27)), IF(Curs!AI27,Curs!AI27, IF(F23=0,"n/p", IF(AND(F23>=$H$3,F23<=$I$3),$J$3, IF(AND(F23>=$H$4,F23<=$I$4),$J$4, IF(AND(F23>=$H$5,F23<=$I$5),$J$5, IF(AND(F23>=$H$6,F23<=$I$6),$J$6, IF(AND(F23>=$H$7,F23<=$I$7),$J$7, IF(AND(F23>=$H$8,F23<=$I$8),$J$8, IF(AND(F23>=$H$9,F23<=$I$9),$J$9, IF(AND(F23>=$H$10,F23<=$I$10),$J$10, IF(AND(F23>=$H$11,F23<=$I$11),$J$11))))))))))), "")
A24: =IF(NOT(ISBLANK(Curs!B28)),Curs!B28,"") | B24: =IF(NOT(ISBLANK(Curs!C28)),Curs!C28,"") | F24: =IF(NOT(ISBLANK(Curs!C28)), IF(Curs!AI28,"Eliberat", ROUND(SUM(C24:E24),0)), "") | G24: =IF(NOT(ISBLANK(Curs!C28)), IF(Curs!AI28,Curs!AI28, IF(F24=0,"n/p", IF(AND(F24>=$H$3,F24<=$I$3),$J$3, IF(AND(F24>=$H$4,F24<=$I$4),$J$4, IF(AND(F24>=$H$5,F24<=$I$5),$J$5, IF(AND(F24>=$H$6,F24<=$I$6),$J$6, IF(AND(F24>=$H$7,F24<=$I$7),$J$7, IF(AND(F24>=$H$8,F24<=$I$8),$J$8, IF(AND(F24>=$H$9,F24<=$I$9),$J$9, IF(AND(F24>=$H$10,F24<=$I$10),$J$10, IF(AND(F24>=$H$11,F24<=$I$11),$J$11))))))))))), "")
A25: =IF(NOT(ISBLANK(Curs!B29)),Curs!B29,"") | B25: =IF(NOT(ISBLANK(Curs!C29)),Curs!C29,"") | F25: =IF(NOT(ISBLANK(Curs!C29)), IF(Curs!AI29,"Eliberat", ROUND(SUM(C25:E25),0)), "") | G25: =IF(NOT(ISBLANK(Curs!C29)), IF(Curs!AI29,Curs!AI29, IF(F25=0,"n/p", IF(AND(F25>=$H$3,F25<=$I$3),$J$3, IF(AND(F25>=$H$4,F25<=$I$4),$J$4, IF(AND(F25>=$H$5,F25<=$I$5),$J$5, IF(AND(F25>=$H$6,F25<=$I$6),$J$6, IF(AND(F25>=$H$7,F25<=$I$7),$J$7, IF(AND(F25>=$H$8,F25<=$I$8),$J$8, IF(AND(F25>=$H$9,F25<=$I$9),$J$9, IF(AND(F25>=$H$10,F25<=$I$10),$J$10, IF(AND(F25>=$H$11,F25<=$I$11),$J$11))))))))))), "")
... A101: =IF(NOT(ISBLANK(Curs!B105)),Curs!B105,"") | B101: =IF(NOT(ISBLANK(Curs!C105)),Curs!C105,"") | F101: =IF(NOT(ISBLANK(Curs!C105)), IF(Curs!AI105,"Eliberat", ROUND(SUM(C101:E101),0)), "") | G101: =IF(NOT(ISBLANK(Curs!C105)), IF(Curs!AI105,Curs!AI105, IF(F101=0,"n/p", IF(AND(F101>=$H$3,F101<=$I$3),$J$3, IF(AND(F101>=$H$4,F101<=$I$4),$J$4, IF(AND(F101>=$H$5,F101<=$I$5),$J$5, IF(AND(F101>=$H$6,F101<=$I$6),$J$6, IF(AND(F101>=$H$7,F101<=$I$7),$J$7, IF(AND(F101>=$H$8,F101<=$I$8),$J$8, IF(AND(F101>=$H$9,F101<=$I$9),$J$9, IF(AND(F101>=$H$10,F101<=$I$10),$J$10, IF(AND(F101>=$H$11,F101<=$I$11),$J$11))))))))))), "")
